ra,date,year,congress,action,title,hospital_name,beds_from,beds_to,munis,provinces,match,match_score,match_level,later_names,philhealth_name,philhealth_beds,philhealth_level,philhealth_sector,closest_name
19,1946-09-25,1946,1,appropriate,An Act Appropriating the Sum of One Hundred Thousand Pesos for the Improvement of the Maternity and Children's Hospital in the City of Manila,,,,1380600000,Metro Manila,no_name,0.0,,,,,,,
128,1947-06-14,1947,1,other,An Act Requiring District Health Officers or Their Authorized Representatives to Inspect the Sanitary Condition of Coastwise Passenger Vessels Calling at Ports in Their District and for Other Purposes,,,,,,no_name,0.0,,,,,,,
298,1948-06-17,1948,1,appropriate,"An Act Appropriating Funds to Subsidize Charity Beds for Indigent Persons in Private Hospitals Located in Towns, Places, or Localities Far from Any Provincial Hospital",,,,,,no_name,0.0,,,,,,,
339,1948-07-24,1948,1,appropriate,"An Act Appropriating the Sum of One Million Pesos for the Construction, Repair or Reconstruction of Provincial Hospital Buildings",,,,,,no_name,0.0,,,,,,,
368,1949-06-10,1949,1,other,"An Act to Fix the Salaries of Provincial Governors, Provincial Treasurers, Provincial Auditors, District Health Officers, and Provincial Assessors",,,,,,no_name,0.0,,,,,,,
492,1950-06-12,1950,2,amend,"An Act to Amend Republic Act Numbered Three Hundred Sixty-Eight Entitled, ""an Act to Fix the Salaries of Provincial Governors, Provincial Treasurers, Provincial Auditors, District Health Officers, and Provincial Assessors,"" So as to Include District Engineers",,,,,,no_name,0.0,,,,,,,
731,1952-06-18,1952,2,establish,"An Act to Provide for the Establishment of the National Indigent Children's Hospital, Appropriating Funds for the Purpose",,,,,,no_name,0.0,,,,,,,
747,1952-06-18,1952,2,other,An Act to Regulate the Fees to Be Charged Against Patients in Government Hospitals and Charity Clinics Classifying Patients According to Their Financial Condition,,,,,,no_name,0.0,,,,,,,
775,1952-06-20,1952,2,appropriate,"An Act Authorizing the Appropriation of the Sum of One Million Five Hundred Thousand Pesos for the Construction of the North General Hospital Buildings, Including the Purchase of Hospital Equipment",,,,,,no_name,0.0,,,,,,,
1243,1955-06-10,1955,3,other,An Act Providing for the Tenure of Office of Hospital Residents in Government Training Hospitals Under the Department of Health,,,,,,no_name,0.0,,,,,,,
1297,1955-06-16,1955,3,appropriate,An Act Authorizing the Appropriation of Three Million Pesos for the Construction of a Building or Buildings for the San Lazaro Hospital,,,,,,no_name,0.0,,,,,,,
1340,1955-06-16,1955,3,amend,"An Act Amending Sections One, Two, Three, Four and Five of Republic Act Numbered Seven Hundred Thirty-One Providing for the Establishment of the National Children's Hospital and Appropriating Funds for the Purpose",,,,,,no_name,0.0,,,,,,,
1629,1957-06-20,1957,3,establish,"An Act to Establish, Maintain and Operate a School of Nursing in the Quezon Memorial Hospital in the Municipality of Lucena, Province of Quezon, and to Authorize the Appropriation of Funds Therefor",,,,0431200000,Quezon,no_name,0.0,,,,,,,
1795,1957-06-21,1957,3,establish,An Act to Establish Island Emergency Hospitals Under the Bureau of Hospitals and First Class Dispensaries and Health Centers Under the Bureau of Health and Providing Funds Therefor,,,,,,no_name,0.0,,,,,,,
1806,1957-06-22,1957,3,establish,"An Act Providing for the Establishment of Mountain Province General Hospital in the Municipality of Kayan, Mountain Province, and Authorizing the Appropriation of Funds Therefor",,,,,Apayao;Benguet;Ifugao;Kalinga;Mountain Province,no_name,0.0,,,,,,,
1814,1957-06-22,1957,3,establish,"An Act to Establish, Maintain and Operate a School of Nursing in the Rizal Provincial Hospital in the Province of Rizal, and to Authorize the Appropriation of Funds Therefor",,,,,Metro Manila;Rizal,no_name,0.0,,,,,,,
1887,1957-06-22,1957,3,amend,An Act to Amend Sections One and Four of Republic Act Numbered Twelve Hundred and Forty-Three in Order to Provide for the Tenure of Office of Hospital Residents in Hospitals Under the Control and Administration of the Department of National Defense,,,,,,no_name,0.0,,,,,,,
1913,1957-06-22,1957,3,other,"An Act Making the Provincial Treasurer the District Engineer, the Provincial Auditor and the District Health Officer of the Province of Cavite Ex Officio Members of the City Council of the City of Trece Martires, Amending for the Purpose Section Five of the Charter of Said City",,,,0402122000,Cavite,no_name,0.0,,,,,,,
1939,1957-06-22,1957,3,appropriate,"An Act Prescribing the Appropriate Share of the National, Provincial, City and Municipal Governments in the Financial Contributions for the Operation and Maintenance of Free Beds in Government Hospitals And/or the Establishment of Additional Wards or Hospitals in the Philippines",,,,,,no_name,0.0,,,,,,,
1964,1957-06-22,1957,3,establish,An Act Establishing the Mambukal Townsite for Health Center and Recreation Resort Purposes,Mambukal Townsite for Health Center,,,,,no_place,0.0,,,,,,,
2001,1957-06-22,1957,3,appropriate,"An Act Appropriating One Hundred Eighty Thousand Pesos for the Maintenance, Fuel, Repair and Replacement or Rural Health Jeeps and Other Vehicles",,,,,,no_name,0.0,,,,,,,
2146,1959-04-24,1959,4,rename,An Act to Change the Name of the Kiañgan Hospital to Ifugao Hospital,,,,,,no_name,0.0,,,,,,,
2188,1959-05-07,1959,4,rename,"An Act Changing the Names of the Emergency Hospitals in the Municipalities of Lopez and Catanauan, Province of Quezon",,,,0405610000;0405622000,Quezon,no_name,0.0,,,,,,,
2215,1959-05-16,1959,4,convert,"An Act Converting the Pototan Emergency Hospital in the Municipality of Pototan, Province of Iloilo, into a General Hospital to Be Known as the Pototan General Hospital",Pototan General Hospital,,,0603037000,Iloilo,found,1.0,province,Doña Trinidad Bolivar Memorial National Hospital | Pototan National Hospital | Western Visayas Regional Hospital,WESTERN VISAYAS MEDICAL CENTER,691,LEVEL 3,G,WESTERN VISAYAS MEDICAL CENTER
2251,1959-06-18,1959,4,amend,"An Act to Further Amend Section One of Republic Act Numbered Twelve Hundred and Forty-Three, as Amended by Republic Act Numbered Eighteen Hundred and Eighty-Seven, So as to Increase the Minimum Years for the Tenure of Office of Hospital Residents in Hospitals Under the Control and Administration of the Department of Health and National Defense",,,,,,no_name,0.0,,,,,,,
2255,1959-06-18,1959,4,other,"An Act Authorizing the Danao National Hospital in the Municipality of Danao, Province of Cebu, to Accept Donations in Any Form, Whether in Cash, Materials, Equipment or Medicines, from the Durano and Company, Inc. and the Universal Cement Company, Inc.",,,,0702223000,Cebu,no_name,0.0,,,,,,,
2283,1959-06-19,1959,4,establish,An Act Providing for the Establishment of Emergency Hospitals in the Province of Iloilo,,,,,Guimaras;Iloilo,no_name,0.0,,,,,,,
2288,1959-06-19,1959,4,other,"An Act to Provide for the Maintenance and Operation of a Hospital in the Municipality of Calubian, Province of Leyte, to Be Known as the Calubian Hospital and to Authorize the Appropriation of Funds Therefor",Calubian Hospital and to Authorize the Appropriation of Funds Therefor,,,0803713000,Leyte,not_found,0.0,,,,,,,
2303,1959-06-19,1959,4,other,An Act Providing for the Maintenance and Operation of a General Hospital in Ormoc City to Be Known as the Ormoc General Hospital and Authorizing the Appropriation of Funds Therefor,Ormoc General Hospital,,,0803738000,Leyte,not_found,0.36,,,,,,,ORMOC DISTRICT HOSPITAL
2314,1959-06-19,1959,4,other,"An Act Providing for the Maintenance and Operation of an Emergency Hospital in the Municipality of Maasin, Province of Leyte, to Be Known as the Southern Leyte Emergency Hospital and Authorizing the Appropriation of Funds Therefor",Southern Leyte Emergency Hospital,,,,Biliran;Leyte,not_found,0.0,,,,,,,
2392,1959-06-21,1959,4,other,"An Act Providing for the Operation and Maintenance of a Hospital in the Municipality of Cabagan, Province of Isabela, to Be Known as the Northern Isabela Hospital, and Authorizing the Appropriation of Funds Therefor",Northern Isabela Hospital,,,0203106000,Isabela,found,0.98,town,Milagros General Hospital,MILAGROS ALBANO DISTRICT HOSPITAL,50,LEVEL 1,G,MILAGROS ALBANO DISTRICT HOSPITAL
2400,1959-06-21,1959,4,other,"An Act Providing for the Operation and Maintenance of a Hospital in the Municipality of Cajidiocan, Province of Romblon, and Authorizing the Appropriation of Funds Therefor",,,,1705903000,Romblon,no_name,0.0,,,,,,,
2404,1959-06-21,1959,4,other,"An Act Providing for the Maintenance and Operation of a Hospital in the Municipality of Sanchez Mira, Province of Cagayan, and Authorizing the Appropriation of the Sum of Fifty Thousand Pesos for the Purpose",,,,0201522000,Cagayan,no_name,0.0,,,,,,,
2443,1959-06-21,1959,4,increase,An Act to Increase the Bed Capacity of the Eastern Pangasinan General Hospital and Authorizing the Appropriation of Funds for the Purpose,,,,,,no_name,0.0,,,,,,,
2447,1959-06-21,1959,4,other,"An Act Providing for the Operation and Maintenance of a Public Emergency Hospital in the Municipality of Diffun, Province of Nueva Vizcaya, and Authorizing the Appropriation of Funds Therefor",,,,0205703000,Quirino,no_name,0.0,,,,,,,
2449,1959-06-21,1959,4,establish,"An Act Providing for the Establishment of a Hospital in the Municipality of Guiuan, Province of Samar, and Authorizing the Appropriation of Funds Therefor",,,,0802609000,Eastern Samar,no_name,0.0,,,,,,,
2451,1959-06-21,1959,4,establish,"An Act Providing for the Establishment of an Emergency Hospital in the Island of Ticao, Province of Masbate, to Be Known as the Ticao Emergency Hospital, and Authorizing the Appropriation of Funds Therefor",Ticao Emergency Hospital,,,,Masbate,found,1.0,province,,TICAO DISTRICT HOSPITAL,25,INF/DISP,G,TICAO DISTRICT HOSPITAL
2456,1959-06-21,1959,4,establish,"An Act Providing for the Establishment of a Branch Hospital of the Cagayan Provincial Hospital in the Municipality of Piat, Province of Cagayan, to Be Known as the Itawes Provincial Hospital and Authorizing the Appropriation of Funds Therefor",Itawes Provincial Hospital,,,0201520000,Cagayan,not_found,0.0,,,,,,,
2636,1960-06-18,1960,4,convert,"An Act Converting the Catarman Emergency Hospital in the Municipality of Catarman, Province of Samar, into a General Hospital to Be Known as the Northern Samar General Hospital, and Authorizing the Appropriation of Funds Therefor",Northern Samar General Hospital,,,0804805000,Northern Samar,not_found,0.42,,,,,,,NORTHERN SAMAR PROVINCIAL HOSPITAL
2654,1960-06-18,1960,4,establish,"An Act Providing for the Establishment of an Emergency Hospital in the Municipality of Oras, Province of Samar, and Authorizing the Appropriation of Funds Therefor",,,,0802617000,Eastern Samar,no_name,0.0,,,,,,,
2659,1960-06-18,1960,4,establish,"An Act Providing for the Establishment of the Palompon General Hospital in the Province of Leyte, and Authorizing the Appropriation of Funds Therefor",,,,,Biliran;Leyte,no_name,0.0,,,,,,,
2679,1960-06-18,1960,4,other,An Act Providing for the Financing of the Completion of the National Orthopedic Hospital in Quezon City and the Purchase of Equipment,,,,1381300000,Metro Manila,no_name,0.0,,,,,,,
2681,1960-06-18,1960,4,establish,"An Act Providing for the Establishment of an Emergency Hospital in the Municipality of Carigara, Province of Leyte, to Be Known as the Carigara Emergency Hospital, and Appropriating Funds Therefor",Carigara Emergency Hospital,,,0803715000,Leyte,not_found,0.38,,,,,,,ISABEL EMERGENCY HOSPITAL
2690,1960-06-18,1960,4,appropriate,An Act Authorizing the Appropriation of Seventy-Three Thousand Pesos for the Operation and Maintenance of the Western Pangasinan Emergency Hospital During the Fiscal Year Nineteen Hundred Sixty-One,,,,,,no_name,0.0,,,,,,,
2693,1960-06-18,1960,4,establish,"An Act Providing for the Establishment of an Emergency Hospital in the Municipality of Sogod, Province of Leyte, to Be Known as the Sogod Emergency Hospital, and Authorizing the Appropriation of Funds Therefor",Sogod Emergency Hospital,,,,Biliran;Leyte,not_found,0.0,,,,,,,
2710,1960-06-18,1960,4,convert,"An Act Converting the Mambusao Emergency Hospital in the Municipality of Mambusao, Province of Capiz, into a General Hospital, to Be Known as the Mambusao General Hospital",Mambusao General Hospital,,,0601908000,Capiz,not_found,0.37,,,,,,,MAMBUSAO DISTRICT HOSPITAL
2720,1960-06-19,1960,4,other,"An Act Providing for the Operation and Maintenance of a Hospital in the Municipality of Brooke's Point, Province of Palawan, and Authorizing the Appropriation of Funds Therefor",,,,1705306000,Palawan,no_name,0.0,,,,,,,
2723,1960-06-19,1960,4,other,"An Act Providing for the Maintenance and Operation of a Hospital in the Municipality of Sta. Cruz, Province of Marinduque, and Authorizing the Appropriation of the Sum of Fifty Thousand Pesos for the Purpose",,,,1704005000,Marinduque,no_name,0.0,,,,,,,
2725,1960-06-19,1960,4,other,"An Act Providing for the Maintenance and Operation of a Hospital in the Municipality of M'lang, Province of Cotabato, to Be Known as the M'lang Hospital, and Authorizing the Appropriation of Funds Therefor",M'lang Hospital,,,1204710000,Cotabato,not_found,0.38,,,,,,,MLANG DISTRICT HOSPITAL
2726,1960-06-19,1960,4,appropriate,"An Act Authorizing the Appropriation of the Sum of Fifty Thousand Pesos for the Maintenance and Operation of a Public Hospital in the Municipality of Kapatagan, Province of Lanao",,,,,Lanao del Norte;Lanao del Sur,no_name,0.0,,,,,,,
2727,1960-06-19,1960,4,other,An Act to Provide for a Public Hospital in the City of Iligan and to Authorize the Appropriation of Funds Therefor,,,,1030900000,Lanao del Norte,no_name,0.0,,,,,,,
2728,1960-06-19,1960,4,establish,"An Act to Establish an Emergency Hospital in the Municipality of General Santos, Province of Cotabato, to Be Known as the General Santos Emergency Hospital, and to Authorize the Appropriation of Funds Therefor",General Santos Emergency Hospital,,,1230800000,South Cotabato,not_found,0.32,,,,,,,NORALA DISTRICT HOSPITAL
2730,1960-06-19,1960,4,other,"An Act Providing for the Maintenance and Operation of a General Hospital in the Municipality of Escalante, Province of Negros Occidental, and Authorizing the Appropriation of the Sum of Fifty Thousand Pesos for the Purpose",,,,1804509000,Negros Occidental,no_name,0.0,,,,,,,
2731,1960-06-19,1960,4,other,"An Act to Provide for the Maintenance and Operation of a Hospital in the Municipality of Janiuay, Province of Iloilo, to Be Known as the Janiuay Hospital, and Authorizing the Appropriation of Funds Therefor",Janiuay Hospital,,,0603023000,Iloilo,not_found,0.09,,,,,,,"FEDERICO ROMAN TIRADOR, SR. MEMORIAL DISTRICT HOSPITAL"
2732,1960-06-19,1960,4,other,"An Act Providing for the Maintenance and Operation of a Hospital in the Municipality of Tagudin, Province of Ilocos Sur, to Be Known as the Southern Ilocos Sur Hospital, and Authorizing the Appropriation of Funds Therefor",Southern Ilocos Sur Hospital,,,0102933000,Ilocos Sur,not_found,0.0,,,,,,,
2737,1960-06-19,1960,4,establish,"An Act Providing for the Establishment of a Hospital in the Municipal District of Mayaoyao, Subprovince of Ifugao, Mountain Province, and Authorizing the Appropriation of One Hundred Fifty Thousand Pesos for the Purpose",,,,1402706000,Ifugao,no_name,0.0,,,,,,,
2750,1960-06-19,1960,4,establish,"An Act Providing for the Establishment of an Emergency Hospital in the Municipality of Sindañgan, Province of Zamboanga del Norte, to Be Known as the Zamboanga del Norte Emergency Hospital, and Authorizing the Appropriation of Funds Therefor",Zamboanga del Norte Emergency Hospital,,,0907218000,Zamboanga del Norte,not_found,0.35,,,,,,,ZAMBOANGA DEL NORTE MEDICAL CENTER
2752,1960-06-19,1960,4,other,"An Act Providing for the Maintenance and Operation of an Emergency Hospital in the Municipality of Valladolid, Province of Negros Occidental, to Be Known as the Central Negros Emergency Hospital, and Authorizing the Appropriation of Funds Therefor",Central Negros Emergency Hospital,,,1804530000,Negros Occidental,not_found,0.0,,,,,,,
2753,1960-06-19,1960,4,establish,"An Act Providing for the Establishment of an Emergency Hospital in the Municipality of Gubat, Province of Sorsogon, to Be Known as the Gubat Emergency Hospital, and Authorizing the Appropriation of Funds Therefor",Gubat Emergency Hospital,,,0506208000,Sorsogon,not_found,0.36,,,,,,,GUBAT DISTRICT HOSPITAL
2754,1960-06-19,1960,4,establish,"An Act Providing for the Establishment of a Regional Hospital in the Municipality of Basey, Province of Samar, and Authorizing the Appropriation of Funds Therefor",,,,0806002000,Samar,no_name,0.0,,,,,,,
2755,1960-06-19,1960,4,rename,"An Act Changing the Name of the Cervantes Emergency Hospital in the Municipality of Cervantes, Province of Ilocos Sur, to Bessang Pass Memorial Hospital",Cervantes Emergency Hospital,,,0102908000,Ilocos Sur,found,1.0,town,Bessang Pass Memorial Hospital,ILOCOS SUR DISTRICT HOSPITAL - BESSANG PASS CERVANTES,25,LEVEL 1,G,ILOCOS SUR DISTRICT HOSPITAL - BESSANG PASS CERVANTES
2759,1960-06-19,1960,4,other,"An Act Providing for the Operation and Maintenance of an Emergency Hospital in the Municipality of Ibajay, Province of Aklan, and Authorizing the Appropriation of Funds Therefor",,,,0600406000,Aklan,no_name,0.0,,,,,,,
2761,1960-06-19,1960,4,appropriate,"An Act Appropriating Seventy-Five Thousand Pesos for the Operation of the Allen Emergency Hospital in the Municipality of Allen, Province of Samar",,,,0804801000,Northern Samar,no_name,0.0,,,,,,,
2766,1960-06-19,1960,4,establish,"An Act Providing for the Establishment of an Emergency Hospital in the Municipality of Roxas, Province of Isabela, to Be Known as the Roxas Memorial Emergency Hospital, and Authorizing the Appropriation of Funds Therefor",Roxas Memorial Emergency Hospital,,,0203126000,Isabela,not_found,0.4,,,,,,,ROXAS MEMORIAL PROVINCIAL HOSPITAL
2784,1960-06-19,1960,4,establish,"An Act to Establish an Emergency Hospital in the Municipality of Mauban, Province of Quezon, and to Authorize the Appropriation of Seventy Thousand Pesos for the Purpose",,,,0405627000,Quezon,no_name,0.0,,,,,,,
2809,1960-06-19,1960,4,establish,"An Act Establishing a School of Nursing and Midwifery in the Municipality of Catarman, Province of Samar, to Be Attached to the Northern Samar, General Hospital, and Authorizing the Appropriation of Funds Therefor",,,,0804805000,Northern Samar,no_name,0.0,,,,,,,
2920,1960-06-19,1960,4,appropriate,"An Act Authorizing the Appropriation of One Hundred Fifty Thousand Pesos for the Operation and Maintenance of the Danao National Hospital and the Bogo National Hospital, Both in the Province of Cebu",,,,,Cebu,no_name,0.0,,,,,,,
3033,1961-06-08,1961,4,convert,"An Act Converting the Puericulture Center in the Municipality of Calinog, Province of Iloilo, into a Maternity and Children's Hospital","Puericulture Center in the Municipality of Calinog, Province of Iloilo, into a Maternity and Children's Hospital",,,0603013000,Iloilo,not_found,0.0,,,,,,,
3044,1961-06-17,1961,4,establish,An Act Authorizing the University of the Philippines to Establish a Pay Pavilion in the Philippine General Hospital and to Contract Loans for Such Purpose,,,,,,no_name,0.0,,,,,,,
3070,1961-06-17,1961,4,create,"An Act Creating the Position of Assistant City Health Officer for the City of Baguio, Amending for the Purpose Sections Twenty-Five Hundred Forty-Five-a and Twenty-Five Hundred Fifty-Six of the Administrative Code, as Amended",,,,1430300000,Benguet,no_name,0.0,,,,,,,
3075,1961-06-17,1961,4,establish,"An Act Providing for the Establishment of an Emergency Hospital in the Municipality of Pintuyan, Province of Southern Leyte, and Authorizing the Appropriation of Funds Therefor",,,,0806411000,Southern Leyte,no_name,0.0,,,,,,,
3076,1961-06-17,1961,4,establish,"An Act Providing for the Establishment of an Emergency Hospital in the Municipality of Anahawan, Province of Southern Leyte, and Authorizing the Appropriation of Funds Therefor",,,,0806401000,Southern Leyte,no_name,0.0,,,,,,,
3138,1961-06-17,1961,4,establish,"An Act Providing for the Establishment of an Emergency Hospital in the Municipality of Santiago, Province of Isabela, to Be Known as the Southern Isabela Emergency Hospital, and Authorizing the Appropriation of Funds Therefor",Southern Isabela Emergency Hospital,,,0203135000,Isabela,found,1.0,town,,SOUTHERN ISABELA MEDICAL CENTER,350,LEVEL 3,G,SOUTHERN ISABELA MEDICAL CENTER
3139,1961-06-17,1961,4,other,"An Act Providing for the Maintenance and Operation of a Hospital in the Municipality of Tuburan, Province of Cebu, and Authorizing the Appropriation of the Necessary Funds Therefor",,,,0702252000,Cebu,no_name,0.0,,,,,,,
3144,1961-06-17,1961,4,establish,"An Act Providing for the Establishment, Maintenance and Operation of a General Hospital in the Municipality of Himamaylan, Province of Negros Occidental, and Authorizing the Appropriation of Funds Therefor",,,,1804510000,Negros Occidental,no_name,0.0,,,,,,,
3145,1961-06-17,1961,4,convert,"An Act Converting the Puericulture Center in the Municipality of Maria Aurora, Subprovince of Aurora, into an Emergency Hospital, and Authorizing the Appropriation of Fifty Thousand Pesos for the Purpose","Puericulture Center in the Municipality of Maria Aurora, Subprovince of Aurora, into an Emergency Hospital",,,0307707000,Aurora,not_found,0.0,,,,,,,
3146,1961-06-17,1961,4,other,"An Act Providing for the Operation and Maintenance of a Hospital in the Municipality of Echague, Province of Isabela, to Be Known as the Southern Isabela Hospital and Authorizing the Appropriation of Funds Therefor",Southern Isabela Hospital,,,0203112000,Isabela,not_found,0.0,,,,,,,
3152,1961-06-17,1961,4,establish,"An Act Providing for the Establishment of an Emergency Hospital in the Municipality of Bunawan, Province of Agusan",,,,1600302000,Agusan del Sur,no_name,0.0,,,,,,,
3153,1961-06-17,1961,4,convert,An Act Converting the Calbayog City Emergency Hospital in the City of Calbayog into a General Hospital to Be Known as the Calbayog City General Hospital,Calbayog City General Hospital,,,0806003000,Samar,not_found,0.36,,,,,,,CALBAYOG DISTRICT HOSPITAL
3154,1961-06-17,1961,4,establish,"An Act Providing for the Establishment of an Emergency Hospital in the Municipality of Dumalag, Province of Capiz, and Authorizing the Appropriation of Funds Therefor",,,,0601903000,Capiz,no_name,0.0,,,,,,,
3155,1961-06-17,1961,4,convert,"An Act Converting the Dr. Gregorio B. Tan Memorial Hospital in the Municipality of Laoang, Province of Samar, into a General Hospital to Be Known as the Dr. Gregorio B. Tan General Hospital",Dr. Gregorio B. Tan General Hospital,,,0804808000,Northern Samar,found,1.0,town,,DR. GREGORIO B. TAN MEMORIAL HOSPITAL,10,INF/DISP,G,DR. GREGORIO B. TAN MEMORIAL HOSPITAL
3156,1961-06-17,1961,4,convert,"An Act Converting the San Antonio Puericulture Center in the Municipality of San Antonio, Province of Samar, into an Emergency Hospital to Be Known as the San Antonio Emergency Hospital, and Authorizing the Appropriation of Funds Therefor",San Antonio Emergency Hospital,,,0804817000,Northern Samar,not_found,0.39,,,,,,,SAN ANTONIO DISTRICT HOSPITAL
3157,1961-06-17,1961,4,establish,"An Act Providing for the Establishment of an Emergency Hospital in Kabugao, Subprovince of Apayao, Mountain Province, to Be Known as Apayao Emergency Hospital",Apayao Emergency Hospital,,,,Apayao;Benguet;Ifugao;Kalinga;Mountain Province,not_found,0.37,,,,,,,APAYAO PROVINCIAL HOSPITAL
3158,1961-06-17,1961,4,establish,"An Act Providing for the Establishment of a Maternity and Children's Hospital in the Municipality of Romblon, Province of Romblon, and Authorizing the Appropriation of Funds Therefor",,,,1705910000,Romblon,no_name,0.0,,,,,,,
3159,1961-06-17,1961,4,establish,"An Act Providing for the Establishment of an Emergency Hospital in the Municipality of San Miguel, Province of Bulacan, to Be Known as the San Miguel Emergency Hospital",San Miguel Emergency Hospital,,,0301421000,Bulacan,not_found,0.4,,,,,,,SAN MIGUEL COMMUNITY HOSPITAL
3160,1961-06-17,1961,4,establish,"An Act Providing for the Establishment of an Emergency Hospital in the Municipality of Kapangan, Mountain Province",,,,1401108000,Benguet,no_name,0.0,,,,,,,
3161,1961-06-17,1961,4,convert,"An Act Converting the Pagalungan Health Center in the Municipality of Pagalungan, Province of Cotabato, into an Emergency Hospital, to Be Known as the Pagalungan Emergency Hospital",Pagalungan Emergency Hospital,,,1908816000,Maguindanao del Sur,not_found,0.3,,,,,,,BULUAN DISTRICT HOSPITAL
3162,1961-06-17,1961,4,establish,"An Act to Establish an Emergency Hospital in the Municipality of Infanta, Province of Quezon, and to Authorize the Appropriation of One Hundred Thousand Pesos for the Purpose",,,,0405620000,Quezon,no_name,0.0,,,,,,,
3163,1961-06-17,1961,4,establish,"An Act Providing for the Establishment of an Emergency Hospital in the Municipality of Carmen, Province of Bohol, and Authorizing the Appropriation of Funds Therefor",,,,0701212000,Bohol,no_name,0.0,,,,,,,
3164,1961-06-17,1961,4,establish,"An Act Providing for the Establishment of an Emergency Hospital in the Municipality of Luisiana, Province of Laguna, to Be Known as the Luisiana Emergency Hospital, and Authorizing the Appropriation of Funds Therefor",Luisiana Emergency Hospital,,,0403412000,Laguna,not_found,0.33,,,,,,,BIÑAN CITY HOSPITAL
3165,1961-06-17,1961,4,establish,"An Act Providing for the Establishment of a National Hospital in the Municipality of San Francisco, Province of Cebu, to Be Known as the San Francisco National Hospital and Authorizing the Appropriation of Funds Therefor",San Francisco National Hospital,,,0702242000,Cebu,not_found,0.19,,,,,,,PNP STATION HOSPITAL
3166,1961-06-17,1961,4,convert,"An Act Converting the Calubian Emergency Hospital in the Municipality of Calubian, Province of Leyte, into a General Hospital to Be Known as the Northwestern Leyte General Hospital, and Authorizing the Appropriation of Funds Therefor",Northwestern Leyte General Hospital,,,0803713000,Leyte,found,1.0,town,,NORTHWESTERN LEYTE DISTRICT HOSPITAL,12,INF/DISP,G,NORTHWESTERN LEYTE DISTRICT HOSPITAL
3167,1961-06-17,1961,4,establish,"An Act Providing for the Establishment of an Emergency Hospital in the Municipality of Gamay, Province of Samar, and Authorizing the Appropriation of Funds Therefor",,,,0804807000,Northern Samar,no_name,0.0,,,,,,,
3169,1961-06-17,1961,4,establish,"An Act Providing for the Establishment of a Leprosarium in the Province of Ilocos Sur, and Authorizing the Appropriation of Funds Therefor",,,,,Ilocos Sur,no_name,0.0,,,,,,,
3170,1961-06-17,1961,4,convert,"An Act Converting the Sta. Maria Emergency Hospital in the Municipality of Sta. Maria, Province of Bulacan, into a General Hospital, to Be Known as the Sta. Maria General Hospital, and Authorizing the Appropriation of Funds Therefor",Sta. Maria General Hospital,,,0301423000,Bulacan,found,1.0,town,Rogaciano M. Mercado Memorial General Hospital,ROGACIANO M. MERCADO MEMORIAL HOSPITAL,150,LEVEL 1,G,ROGACIANO M. MERCADO MEMORIAL HOSPITAL
3171,1961-06-17,1961,4,increase,An Act to Increase the Bed Capacity of the San Carlos General Hospital in Pangasinan and to Appropriate Funds for the Purpose,San Carlos General Hospital,,,,,no_place,0.0,,,,,,,
3172,1961-06-17,1961,4,increase,An Act to Increase the Bed Capacity of the Eastern Pangasinan General Hospital and to Authorize the Appropriation of Funds for the Purpose,,,,,,no_name,0.0,,,,,,,
3174,1961-06-17,1961,4,establish,"An Act Providing for the Establishment of Emergency Hospitals in the Municipalities of Buluan, Sultan sa Baroñgis, Kiamba, and Kidapawan, All in the Province of Cotabato, and Authorizing the Appropriation of Funds Therefor",,,,1908802000,Maguindanao del Sur,no_name,0.0,,,,,,,
3269,1961-06-17,1961,4,convert,"An Act Converting the Isabela Puericulture Center in the Municipality of Isabela, Province of Negros Occidental, into a Maternity and Emergency Hospital, and Authorizing the Appropriation of Funds Therefor","Isabela Puericulture Center in the Municipality of Isabela, Province of Negros Occidental, into a Maternity and Emergency Hospital",,,1804514000,Negros Occidental,not_found,0.0,,,,,,,
3317,1961-06-18,1961,4,establish,"An Act to Establish, Maintain and Operate a School of Nursing and Midwifery in the Isabela Provincial Hospital Located in the Municipality of Ilagan, Province of Isabela, and to Authorize the Appropriation of Funds Therefor",,,,0203114000,Isabela,no_name,0.0,,,,,,,
3416,1961-06-18,1961,4,convert,"An Act Converting the Catubig Puericulture Center in the Municipality of Catubig, Province of Samar, into an Emergency Hospital to Be Known as the Catubig Emergency Hospital, and Authorizing the Appropriation of Funds Therefor",Catubig Emergency Hospital,,,0804806000,Northern Samar,not_found,0.37,,,,,,,CATUBIG DISTRICT HOSPITAL
3424,1961-06-18,1961,4,rename,An Act Changing the Name of the Atimonan Emergency Hospital to Doña Marta Memorial Hospital,Atimonan Emergency Hospital,,,,,no_place,0.0,,Doña Marta Memorial Hospital,,,,,
3515,1963-05-22,1963,5,establish,"An Act Providing for the Establishment of a General Hospital in Sampaloc, City of Manila, to Be Known as the Manila General Hospital, and Authorizing the Appropriation of Funds Therefor",Manila General Hospital,,,1380600000,Metro Manila,not_found,0.37,,,,,,,STA. ANA HOSPITAL
3520,1963-06-20,1963,5,convert,"An Act Converting the Puericulture Center in the Municipality of Dumangas, Province of Iloilo, into an Emergency Hospital to Be Known as the Dumangas Emergency Hospital, and Authorizing the Appropriation of Funds Therefor",Dumangas Emergency Hospital,,,0603018000,Iloilo,not_found,0.16,,,,,,,RAMON D. DUREMDES DISTRICT HOSPITAL
3542,1963-06-21,1963,5,establish,"An Act to Provide for the Establishment of an Emergency Hospital in the Municipality of Talisayan, Province of Misamis Oriental, and to Authorize the Appropriation of Funds Therefor",,,,1004325000,Misamis Oriental,no_name,0.0,,,,,,,
3548,1963-06-21,1963,5,appropriate,"An Act Authorizing the Appropriation of an Additional Sum of One Hundred Thousand Pesos for the Construction of an Emergency Hospital Building in the Municipality of Bantayan, Province of Cebu, and the Further Sum of Fifty Thousand Pesos Annually for its Operation and Maintenance",,,,0702209000,Cebu,no_name,0.0,,,,,,,
3551,1963-06-21,1963,5,convert,"An Act Converting the Olongapo Hospital in the Municipality of Olongapo, Province of Zambales, into an Emergency Hospital to Be Known as the Southern Zambales Emergency Hospital, and Authorizing the Appropriation of Funds Therefor",Southern Zambales Emergency Hospital,,,0331400000,Zambales,not_found,0.0,,,,,,,
3554,1963-06-21,1963,5,establish,"An Act to Establish an Emergency Hospital in the Municipality of Ligao, Province of Albay, and to Authorize the Appropriation of Funds Therefor",,,,0500508000,Albay,no_name,0.0,,,,,,,
3556,1963-06-21,1963,5,increase,An Act to Increase the Bed Capacity of the Mindoro Oriental Provincial Hospital,,,,,,no_name,0.0,,,,,,,
3557,1963-06-21,1963,5,appropriate,An Act Appropriating the Sum of Two Hundred Thousand Pesos for the Purchase of Hospital Furnishings and Equipment of the New National Orthopedic Hospital,,,,,,no_name,0.0,,,,,,,
3560,1963-06-21,1963,5,establish,"An Act Providing for the Establishment of an Emergency Hospital in the Municipality of Tandubas, Province of Sulu, and Authorizing the Appropriation of Funds Therefor",,,,1907007000,Tawi-Tawi,no_name,0.0,,,,,,,
3563,1963-06-21,1963,5,establish,"An Act Providing for the Establishment of an Emergency Hospital in the Municipality of President Roxas, Province of Capiz, and Authorizing the Appropriation of Funds Therefor",,,,0601913000,Capiz,no_name,0.0,,,,,,,
3573,1963-06-21,1963,5,establish,"An Act Providing for the Establishment of an Emergency Hospital in the Municipality of Ballesteros, Province of Cagayan, to Be Known as the Ballesteros Emergency Hospital and Authorizing the Appropriation of Funds Therefor",Ballesteros Emergency Hospital,,,0201507000,Cagayan,not_found,0.39,,,,,,,BALLESTEROS DISTRICT HOSPITAL
3574,1963-06-21,1963,5,establish,"An Act Providing for the Establishment of an Emergency Hospital in the Municipality of Tabuk, Mountain Province, to Be Known as the Tabuk Emergency Hospital and Authorizing the Appropriation of Funds Therefor",Tabuk Emergency Hospital,,,1403213000,Kalinga,not_found,0.28,,,,,,,PINUKPUK DISTRICT HOSPITAL
3582,1963-06-21,1963,5,increase,An Act to Increase the Bed Capacity of the Cagayan Provincial Hospital in the Province of Cagayan from Fifty to Seventy-Five Beds and to Authorize the Appropriation of Funds for the Purpose,Cagayan Provincial Hospital,50,75,,Cagayan,found,1.0,province,Cagayan Valley Regional Hospital,CAGAYAN VALLEY MEDICAL CENTER,700,LEVEL 3,G,CAGAYAN VALLEY MEDICAL CENTER
3587,1963-06-21,1963,5,establish,An Act Providing for the Establishment of Emergency Hospitals in Certain Municipalities of the Province of Capiz,,,,,Capiz,no_name,0.0,,,,,,,
3603,1963-06-22,1963,5,other,"An Act Providing for the Operation and Maintenance of an Emergency Hospital in the Municipality of Bongabon, Province of Nueva Ecija, and Authorizing the Appropriation of Funds Therefor",,,,0304902000,Nueva Ecija,no_name,0.0,,,,,,,
3605,1963-06-22,1963,5,establish,"An Act to Provide for the Establishment of a Hospital in the Third District of Iloilo to Be Situated in the Municipality of Alimodian of the Same Province, to Be Known as the Aleosan Hospital, and to Authorize the Appropriation of Funds Therefor",Aleosan Hospital,,,0603002000,Iloilo,found,1.0,town,,ALEOSAN DISTRICT HOSPITAL,100,LEVEL 1,G,ALEOSAN DISTRICT HOSPITAL
3606,1963-06-22,1963,5,establish,"An Act to Provide for the Establishment of One General Hospital in Each of the Municipalities of Bayang, Tamparan and Wao, All in the Province of Lanao del Sur, and to Authorize the Appropriation of Funds Therefor",,,,1903604000;1903626000;1903630000,Lanao del Sur,no_name,0.0,,,,,,,
3607,1963-06-22,1963,5,establish,"An Act to Provide for the Establishment of One General Hospital in Each of the Municipalities of Bayang, Tamparan and Wao, All in the Province of Lanao del Sur, and to Authorize the Appropriation of Funds Therefor",,,,1903604000;1903626000;1903630000,Lanao del Sur,no_name,0.0,,,,,,,
3616,1963-06-22,1963,5,establish,"An Act to Provide for the Establishment, Operation and Maintenance of a Hospital in the Municipality of Salcedo, Province of Ilocos Sur, to Be Known as the Interior Ilocos Sur Hospital, and to Authorize the Appropriation of Funds Therefor",Interior Ilocos Sur Hospital,,,0102916000,Ilocos Sur,not_found,0.0,,,,,,,
3639,1963-06-22,1963,5,establish,"An Act Providing for the Establishment of Emergency Hospitals in the Municipality of Angeles and the Municipality of Macabebe, Province of Pampanga",,,,0305410000;0330100000,Pampanga,no_name,0.0,,,,,,,
3646,1963-06-22,1963,5,establish,"An Act to Provide for the Establishment of One Emergency Hospital in the Municipality of Initao, Province of Misamis Oriental, and to Authorize the Appropriation of Funds Therefor",,,,1004310000,Misamis Oriental,no_name,0.0,,,,,,,
3668,1963-06-22,1963,5,establish,"An Act Providing for the Establishment of Emergency Hospitals in the Municipalities of Lasam and Solana, Province of Cagayan, and Authorizing the Appropriation of Funds Therefor",,,,0201517000;0201527000,Cagayan,no_name,0.0,,,,,,,
3727,1963-06-22,1963,5,rename,"An Act Changing the Name of the Northern Negros Emergency Hospital in Balintawak, Escalante, Negros Occidental, to Congressman Vicente F. Gustilo Memorial Hospital",Northern Negros Emergency Hospital,,,1804509000,Negros Occidental,found,1.0,town,Congressman Vicente F. Gustilo Memorial Hospital,VICENTE GUSTILO DISTRICT HOSPITAL,50,LEVEL 1,G,VICENTE GUSTILO DISTRICT HOSPITAL
3759,1963-06-22,1963,5,increase,"An Act Increasing the Bed Capacity of the Western Pangasinan Emergency Hospital in the Municipality of Alaminos, Province of Pangasinan, and Authorizing the Appropriation of Funds Therefor",Western Pangasinan Emergency Hospital,,,0105503000,Pangasinan,found,1.0,town,,WESTERN PANGASINAN DISTRICT HOSPITAL,75,LEVEL 1,G,WESTERN PANGASINAN DISTRICT HOSPITAL
3775,1963-06-22,1963,5,establish,"An Act Providing for the Establishment, Operation and Maintenance of an Emergency Hospital in the Municipality of Caramoan, Province of Camarines Sur, and Authorizing the Appropriation of Funds Therefore",,,,0501711000,Camarines Sur,no_name,0.0,,,,,,,
3777,1963-06-22,1963,5,convert,"An Act Converting the Puericulture Center in the Municipality of Narvacan. Province of Ilocos Sur, into an Emergency Hospital to Be Known as the Central Ilocos Sur Emergency Hospital, and Authorizing the Appropriation of Funds Therefor",Central Ilocos Sur Emergency Hospital,,,0102914000,Ilocos Sur,not_found,0.0,,Jacob-Laya General Hospital,,,,,
3780,1963-06-22,1963,5,increase,"An Act Increasing the Bed Capacity of the Dr. Gregorio B. Tan General Hospital in the Municipality of Laoang, Province of Samar, and Authorizing the Appropriation of Funds Thereof",Dr. Gregorio B. Tan General Hospital,,,0804808000,Northern Samar,found,1.0,town,,DR. GREGORIO B. TAN MEMORIAL HOSPITAL,10,INF/DISP,G,DR. GREGORIO B. TAN MEMORIAL HOSPITAL
3788,1963-06-22,1963,5,establish,"An Act Providing for the Establishment of a General Hospital in the Municipality of Carcar, Province of Cebu, to Be Known as the Carcar General Hospital, and Authorizing the Appropriation of Funds Therefor",Carcar General Hospital,,,0702214000,Cebu,not_found,0.24,,,,,,,CEBU PROVINCIAL HOSPITAL - CARCAR CITY
3793,1963-06-22,1963,5,establish,"An Act Providing for the Establishment of a Hospital in the Municipality of Sogod, Province of Cebu, to Be Known as the Sogod National Hospital, and Authorizing the Appropriation of Funds Therefor",Sogod National Hospital,,,0702247000,Cebu,not_found,0.37,,,,,,,SOGOD DISTRICT HOSPITAL
3833,1963-06-22,1963,5,establish,"An Act Providing for the Establishment of an Emergency Hospital in the Municipality of Itbayat, Province of Batanes, and Authorizing the Appropriation of the Sum of One Hundred Thousand Pesos for the Purpose",,,,0200902000,Batanes,no_name,0.0,,,,,,,
3862,1964-06-12,1964,5,establish,"An Act Providing for the Establishment, Operation, and Maintenance of an Emergency Hospital in the Municipality of Marikina, Province of Rizal, and Authorizing the Appropriation of Funds Therefor",,,,1380700000,Metro Manila,no_name,0.0,,,,,,,
3864,1964-06-12,1964,5,increase,"An Act Increasing the Bed Capacity of Allen Emergency Hospital in the Municipality of Allen, Province of Samar, and Authorizing the Additional Appropriation of Funds Therefor",Allen Emergency Hospital,,,0804801000,Northern Samar,not_found,0.36,,,,,,,ALLEN DISTRICT HOSPITAL
3869,1964-06-12,1964,5,increase,"An Act Increasing the Bed Capacity of the Doña Gregoria Memorial Hospital in the Municipality of Agoo, Province of La Union, and Authorizing the Appropriation of Funds Therefor",Doña Gregoria Memorial Hospital,,,0103301000,La Union,not_found,0.0,,,,,,,
3875,1964-06-18,1964,5,convert,"An Act Converting Naval Emergency Hospital in the Municipality of Naval, Province of Leyte, into a General Hospital to Be Known as Naval General Hospital, and Authorizing the Appropriation of Funds Therefor",Naval General Hospital,,,0807808000,Biliran,not_found,0.29,,,,,,,BILIRAN PROVINCIAL HOSPITAL
3878,1964-06-18,1964,5,establish,"An Act Providing for the Establishment of an Emergency Hospital in the Municipality of Kolambugan, Province of Lanao del Norte, to Be Known as Kolambugan Emergency Hospital, and Authorizing the Appropriation of Funds Therefor",Kolambugan Emergency Hospital,,,1003508000,Lanao del Norte,not_found,0.39,,,,,,,KOLAMBUGAN PROVINCIAL HOSPITAL
3879,1964-06-18,1964,5,establish,"An Act Providing for the Establishment of a Provincial Hospital in the Province of Lanao del Norte, to Be Known as Lanao del Norte Provincial Hospital, and Authorizing the Appropriation of Funds Therefor",Lanao del Norte Provincial Hospital,,,,Lanao del Norte,not_found,0.95,,,,,,,LANAO DEL NORTE PROVINCIAL HOSPITAL
3885,1964-06-18,1964,5,establish,"An Act to Provide for the Establishment of an Emergency Hospital in the Municipality of Samboan, Province of Cebu, to Be Known as Samboan Cebu Emergency Hospital, and to Authorize the Appropriation of Funds Therefor",Samboan Cebu Emergency Hospital,,,0702240000,Cebu,not_found,0.18,,,,,,,CEBU CITY MEDICAL CENTER
3888,1964-06-18,1964,5,establish,"An Act Establishing a National Emergency Hospital in Dipolog, Zamboanga del Norte, to Be Known as Dipolog National Emergency Hospital, and Authorizing the Appropriation of Funds Therefor",Dipolog National Emergency Hospital,,,0907202000,Zamboanga del Norte,not_found,0.24,,,,,,,PIÑAN DISTRICT HOSPITAL
3890,1964-06-18,1964,5,establish,"An Act Providing for the Establishment of an Emergency Hospital in the Municipality of Hinatuan, Province of Surigao del Sur, and Authorizing the Appropriation of Funds Therefor",,,,1606809000,Surigao del Sur,no_name,0.0,,,,,,,
3892,1964-06-18,1964,5,establish,"An Act Providing for the Establishment of an Emergency Hospital in the Municipality of Gonzaga, Province of Cagayan, to Be Known as Gonzaga Emergency Hospital, and Authorizing the Appropriation of Funds Therefor",Gonzaga Emergency Hospital,,,0201514000,Cagayan,not_found,0.4,,,,,,,GATTARAN EMERGENCY HOSPITAL
3893,1964-06-18,1964,5,convert,"An Act Converting Southern Nueva Vizcaya Emergency Hospital into Magsaysay General Hospital, Increasing its Bed Capacity to Fifty, Establishing Therein a School of Nursing and Midwifery, and Authorizing the Appropriation of Funds Therefor",Southern Nueva Vizcaya Emergency Hospital,,,,,no_place,0.0,,,,,,,
3895,1964-06-18,1964,5,establish,"An Act Providing for the Establishment of an Emergency Hospital in the Municipality of Camiling, Province of Tarlac, to Be Known as the Camiling Emergency Hospital, and Authorizing the Appropriation of Funds Therefor",Camiling Emergency Hospital,,,0306903000,Tarlac,not_found,0.31,,,,,,,PANIQUI GENERAL HOSPITAL
3903,1964-06-18,1964,5,establish,"An Act to Provide for the Construction or Establishment of a Regional Hospital in the Municipality of Passi, Province of Iloilo, to Be Known as Passi Regional Hospital, and to Authorize the Appropriation of Funds Therefor",Passi Regional Hospital,,,0603035000,Iloilo,not_found,0.16,,,,,,,POLICE REGIONAL OFFICE 6 PRIMARY HEALTH CARE HOSPITAL
3924,1964-06-18,1964,5,establish,"An Act Providing for the Establishment of an Emergency Hospital in the Municipality of Cauayan, Province of Isabela, to Be Known as Cauayan Isabela Emergency Hospital, and Authorizing the Appropriation of Funds Therefor",Cauayan Isabela Emergency Hospital,,,0203108000,Isabela,not_found,0.36,,,,,,,CAUAYAN DISTRICT HOSPITAL
3925,1964-06-18,1964,5,establish,"An Act Providing for the Establishment of an Emergency Hospital in the Municipality of San Antonio, Province of Nueva Ecija, to Be Known as San Antonio Emergency Hospital, and Authorizing the Appropriation of Funds Therefor",San Antonio Emergency Hospital,,,0304924000,Nueva Ecija,not_found,0.39,,,,,,,SAN ANTONIO DISTRICT HOSPITAL
3926,1964-06-18,1964,5,establish,"An Act Providing for the Establishment of an Emergency Hospital in the Municipality of Dao, Province of Antique, to Be Known as Dao Emergency Hospital, and Authorizing the Appropriation of Funds Therefor",Dao Emergency Hospital,,,0600607000,Antique,not_found,0.31,,Tobias Fornier Memorial Hospital,,,,,BUGASONG MEDICARE COMMUNITY HOSPITAL
3935,1964-06-18,1964,5,establish,"An Act Providing for the Establishment of an Emergency Hospital in the Municipality of Orani, Province of Bataan, to Be Known as Orani Emergency Hospital, and Authorizing the Appropriation of Funds Therefor",Orani Emergency Hospital,,,0300809000,Bataan,not_found,0.3,,,,,,,BAGAC COMMUNITY & MEDICARE HOSPITAL
3936,1964-06-18,1964,5,establish,"An Act Providing for the Establishment of an Emergency Hospital in the Municipality of Taytay, Province of Palawan, to Be Known as Taytay Emergency Hospital, and Authorizing the Appropriation of Funds Therefor",Taytay Emergency Hospital,,,1705320000,Palawan,not_found,0.32,,,,,,,ABORLAN MEDICARE HOSPITAL
3937,1964-06-18,1964,5,rename,"An Act Changing the Name of Gumaca Emergency Hospital in the Municipality of Gumaca, Province of Quezon, to Gumaca General Hospital",Gumaca Emergency Hospital,,,0405619000,Quezon,not_found,0.28,,,,,,,QUEZON CITY GENERAL HOSPITAL
3950,1964-06-18,1964,5,establish,"An Act Providing for the Establishment of an Emergency Hospital in the Municipality of Tumauini, Province of Isabela, to Be Known as Tumauini Emergency Hospital, and Authorizing the Appropriation of Funds Therefor",Tumauini Emergency Hospital,,,0203137000,Isabela,not_found,0.39,,,,,,,TUMAUINI COMMUNITY HOSPITAL
3956,1964-06-18,1964,5,establish,"An Act Providing for the Establishment of an Emergency Hospital in the Municipality of San Juan, Province of Batangas, to Be Known as San Juan Emergency Hospital, and Authorizing the Appropriation of Funds Therefor",San Juan Emergency Hospital,,,0401023000,Batangas,not_found,0.38,,,,,,,SAN JUAN DISTRICT HOSPITAL
3964,1964-06-18,1964,5,convert,"An Act Converting the Guiuan Emergency Hospital in the Municipality of Guiuan, Province of Samar, into a General Hospital to Be Known as Southern Samar General Hospital, and Authorizing the Appropriation of Funds Therefor",Southern Samar General Hospital,,,0802609000,Eastern Samar,not_found,0.0,,,,,,,
3965,1964-06-18,1964,5,rename,"An Act to Change the Name of the Labor Hospital, a National Hospital in Quezon City, to Quirino Memorial General Hospital",,,,1381300000,Metro Manila,no_name,0.0,,,,,,,
3968,1964-06-18,1964,5,convert,"An Act Converting Calinog Maternity and Children's Hospital in the Municipality of Calinog, Province of Iloilo, into an Emergency Hospital, and Authorizing the Appropriation of Funds Therefor",Calinog Maternity and Children's Hospital,,,0603013000,Iloilo,not_found,0.12,,,,,,,DR. RICARDO S. PROVIDO SR. MEMORIAL DISTRICT HOSPITAL
3986,1964-06-18,1964,5,amend,"An Act to Amend Section Three of Republic Act Numbered Twenty-Seven Hundred and Thirty-Two, Entitled ""an Act Providing for the Maintenance and Operation of a Hospital in the Municipality of Tagudin, Province of Ilocos Sur, to Be Known as the Southern Ilocos Sur Hospital, and Authorizing the Appropriation of Funds Therefor""",Southern Ilocos Sur Hospital,,,0102933000,Ilocos Sur,not_found,0.0,,,,,,,
4003,1964-06-18,1964,5,establish,"An Act Providing for the Establishment of an Emergency Hospital in the Municipality of Altavas, Province of Aklan, to Be Known as Altavas Emergency Hospital, and Authorizing the Appropriation of Funds Therefor",Altavas Emergency Hospital,,,0600401000,Aklan,not_found,0.26,,,,,,,IBAJAY DISTRICT HOSPITAL
4017,1964-06-18,1964,5,establish,"An Act Providing for the Establishment of a Maternity and Children's Hospital in the Municipality of Bato, Province of Catanduanes, to Be Known as Bato Maternity and Children's Hospital, and Authorizing the Appropriation of Funds Therefor",Bato Maternity and Children's Hospital,,,0502003000,Catanduanes,found,0.95,town,,BATO MATERNITY AND CHILDREN'S HOSPITAL,15,INF/DISP,G,BATO MATERNITY AND CHILDREN'S HOSPITAL
4021,1964-06-18,1964,5,establish,"An Act Providing for the Establishment of an Emergency Hospital in the Municipality of Aglipay, Province of Nueva Vizcaya, to Be Known as Aglipay Emergency Hospital, and Authorizing the Appropriation of Funds Therefor",Aglipay Emergency Hospital,,,0205701000,Quirino,not_found,0.37,,,,,,,AGLIPAY DISTRICT HOSPITAL
4026,1964-06-18,1964,5,increase,An Act Increasing the Bed Capacity of the Provincial Hospital of Misamis Oriental in the City of Cagayan de Oro and Authorizing the Appropriation of Funds Therefor,Provincial Hospital of Misamis Oriental,,,1030500000,Misamis Oriental,not_found,0.3,,,,,,,MISAMIS ORIENTAL PROVINCIAL HOSPITAL- MANTICAO
4031,1964-06-18,1964,5,establish,"An Act to Provide for the Establishment of an Emergency Hospital in the Municipal District of Barlig, Bontoc, Mountain Province, and to Authorize the Appropriation of Funds Therefor",,,,1404401000;1404404000,Mountain Province,no_name,0.0,,,,,,,
4044,1964-06-18,1964,5,rename,"An Act Changing the Name of Lubuagan Hospital in the Municipality of Lubuagan, Mountain Province, to Kalinga Hospital",Lubuagan Hospital,,,1403206000,Kalinga,not_found,0.39,,Kalinga Hospital,,,,,KALINGA DISTRICT HOSPITAL
4045,1964-06-18,1964,5,convert,"An Act Converting Lambunao Emergency Hospital in the Municipality of Lambunao, Province of Iloilo, into a General Hospital, to Be Known as Lambunao General Hospital, Increasing its Bed Capacity to Fifty, and Authorizing the Appropriation of Funds Therefor",Lambunao General Hospital,,,0603025000,Iloilo,not_found,0.17,,,,,,,DR. RICARDO Y. LADRIDO MEMORIAL HOSPITAL
4089,1964-06-19,1964,5,other,"An Act Making the City Health Officer of Bacolod City the Local Civil Registrar, Amending for the Purpose Section Forty-Three of the Charter of Said City",,,,1830200000,Negros Occidental,no_name,0.0,,,,,,,
4098,1964-06-19,1964,5,convert,An Act Converting Pampanga Provincial Hospital into Central Luzon General Hospital and Authorizing the Appropriation of Funds Therefor,Pampanga Provincial Hospital,,,,,found,0.98,national,,PAMPANGA PROVINCIAL HOSPITAL - CLARK,50,LEVEL 2,G,PAMPANGA PROVINCIAL HOSPITAL - CLARK
4099,1964-06-19,1964,5,establish,"An Act to Provide for the Establishment of a Hospital in the Municipality of Bangui, Province of Ilocos Norte, to Be Known as Northern Provincial Hospital, and to Authorize the Appropriation of Funds Therefor",Northern Provincial Hospital,,,0102804000,Ilocos Norte,not_found,0.0,,,,,,,
4101,1964-06-19,1964,5,convert,"An Act Converting Roxas Memorial Hospital in Roxas City into a National General Hospital, to Be Known as Roxas Memorial General Hospital, and Authorizing the Appropriations of Funds Therefor",Roxas Memorial General Hospital,,,0601914000,Capiz,not_found,0.42,,,,,,,ROXAS MEMORIAL PROVINCIAL HOSPITAL
4102,1964-06-19,1964,5,increase,"An Act Increasing the Bed Capacity of Guihulngan Emergency Hospital in the Province of Negros Oriental, and Authorizing the Appropriations of Funds Therefor",Guihulngan Emergency Hospital,,,,Negros Oriental;Siquijor,not_found,0.18,,,,,,,LUZ-SIKATUNA COMMUNITY PRIMARY HOSPITAL
4139,1964-06-20,1964,5,establish,"An Act Providing for the Establishment of an Emergency Hospital in the Municipality of Balayan, Province of Batangas, to Be Known as Balayan Emergency Hospital, and Appropriating Funds Therefor",Balayan Emergency Hospital,,,0401003000,Batangas,not_found,0.36,,,,,,,CALATAGAN MEDICARE HOSPITAL
4179,1965-03-26,1965,5,convert,"An Act Converting the Pototan General Hospital in the Municipality of Pototan, Province of Iloilo, into a National Hospital to Be Known as Doña Trinidad Bolivar Memorial National Hospital, and Authorizing the Appropriation of Funds Therefor",Doña Trinidad Bolivar Memorial National Hospital,,,0603037000,Iloilo,found,1.0,province,Pototan National Hospital | Western Visayas Regional Hospital,WESTERN VISAYAS MEDICAL CENTER,691,LEVEL 3,G,WESTERN VISAYAS MEDICAL CENTER
4181,1965-04-21,1965,5,establish,"An Act Providing for the Establishment of an Emergency Hospital in Barrio Baloc, Municipality of Sto. Domingo, Province of Nueva Ecija, to Be Known as Sto. Domingo Emergency Hospital, and Authorizing the Appropriation of Funds Therefor",Sto. Domingo Emergency Hospital,,,0304929000,Nueva Ecija,not_found,0.4,,,,,,,STO. DOMINGO DISTRICT HOSPITAL
4182,1965-04-21,1965,5,rename,An Act to Change the Name of Eastern Pangasinan Emergency Hospital to Eastern Pangasinan General Hospital,,,,,,no_name,0.0,,,,,,,
4184,1965-04-21,1965,5,appropriate,"An Act Authorizing the Appropriation of Two Hundred Thousand Pesos for the Establishment of an Emergency Hospital in Talim Island, Province of Rizal, to Be Known as Talim Island Emergency Hospital",Talim Island Emergency Hospital,,,,Metro Manila;Rizal,no_place,0.0,,,,,,,
4191,1965-05-04,1965,5,establish,An Act Providing for the Establishment of Emergency Hospitals in Certain Municipalities of the Province of Capiz,,,,,Capiz,no_name,0.0,,,,,,,
4207,1965-06-19,1965,5,establish,"An Act Providing for the Establishment of an Emergency Hospital in the Municipality of Concepcion, Province of Tarlac, and Authorizing the Appropriation of Funds Therefor",,,,0306905000,Tarlac,no_name,0.0,,,,,,,
4225,1965-06-19,1965,5,establish,"An Act Providing for the Establishment of an Emergency Hospital in the City of Ozamiz, and Authorizing the Appropriation of Funds Therefor",,,,1004210000,Misamis Occidental,no_name,0.0,,,,,,,
4226,1965-06-19,1965,5,other,An Act Requiring the Licensure of All Hospitals in the Philippines and Authorizing the Bureau of Medical Services to Serve as the Licensing Agency,,,,,,no_name,0.0,,,,,,,
4234,1965-06-19,1965,5,convert,"An Act Converting the Siocon Puericulture Center in the Municipality of Siocon, Province of Zamboanga del Norte, into an Emergency Hospital, to Be Known as Siocon Emergency Hospital, and Authorizing the Appropriation of Funds Therefor",Siocon Emergency Hospital,,,0907219000,Zamboanga del Norte,not_found,0.3,,,,,,,LABASON DISTRICT HOSPITAL
4241,1965-06-19,1965,5,increase,"An Act Increasing the Bed Capacity of Camiguin Emergency Hospital in Camiguin Island, Province of Misamis Oriental, and Authorizing the Appropriation of Funds Therefor",Camiguin Emergency Hospital,,,,Camiguin;Misamis Oriental,not_found,0.4,,,,,,,CAMIGUIN GENERAL HOSPITAL
4254,1965-06-19,1965,5,establish,"An Act Providing for the Establishment of an Emergency Hospital in the Municipality of Sta. Lucia, Province of Ilocos Sur, to Be Known as the Sta. Lucia Emergency Hospital, and Authorizing the Appropriation of Funds Therefor",Sta. Lucia Emergency Hospital,,,0102925000,Ilocos Sur,not_found,0.23,,,,,,,CITY OF CANDON HOSPITAL
4255,1965-06-19,1965,5,establish,"An Act Providing for the Establishment of an Emergency Hospital in the Municipality of Lubao, Province of Pampanga, to Be Known as the Lubao Emergency Hospital, and Appropriating Funds Therefor",Lubao Emergency Hospital,,,0305408000,Pampanga,found,1.0,town,Escolastica Romero Community Hospital,ESCOLASTICA ROMERO DISTRICT HOSPITAL,75,LEVEL 1,G,ESCOLASTICA ROMERO DISTRICT HOSPITAL
4257,1965-06-19,1965,5,establish,"An Act Providing for the Establishment of a Maternity and Children's Hospital in the Municipality of Narvacan, Province of Ilocos Sur, to Be Known as the Narvacan Maternity and Children's Hospital, and Authorizing the Appropriation of Funds Therefor",Narvacan Maternity and Children's Hospital,,,0102914000,Ilocos Sur,not_found,0.28,,,,,,,CITY OF CANDON HOSPITAL
4264,1965-06-19,1965,5,rename,An Act Changing the Name of North General Hospital to Dr. Jose R. Reyes Memorial Hospital,North General Hospital,,,,,no_place,0.0,,Dr. Jose R. Reyes Memorial Hospital,,,,,
4267,1965-06-19,1965,5,establish,"An Act Providing for the Establishment of a Chest Center in the Municipality of Calolbon, Province of Catanduanes, to Be Known as the Calolbon Chest Center, and Authorizing the Appropriation of Funds Therefor",Calolbon Chest Center,,,0502008000,Catanduanes,not_found,0.0,,,,,,,
4275,1965-06-19,1965,5,establish,"An Act Providing for the Establishment of a Rural Health Center in Carabao Island, Province of Romblon, to Be Known as Carabao Island Rural Health Center and Authorizing the Appropriation of Funds Therefor",Carabao Island Rural Health Center,,,,Romblon,not_found,0.33,,,,,,,TABLAS ISLAND DISTRICT HOSPITAL
4276,1965-06-19,1965,5,convert,"An Act Converting Romblon Maternity and Children's Hospital in the Province of Romblon into a General Hospital to Be Known as Romblon General Hospital, and Authorizing the Appropriation of Funds Therefor",Romblon General Hospital,,,,Romblon,not_found,0.39,,,,,,,ROMBLON PROVINCIAL HOSPITAL
4277,1965-06-19,1965,5,other,"An Act Naming the Emergency Hospital in the Municipality of Ligao, Province of Albay, to Pio Duran Memorial Hospital",,,,0500508000,Albay,no_name,0.0,,,,,,,
4282,1965-06-19,1965,5,establish,"An Act Providing for the Establishment of an Emergency Hospital with a Fifty-Bed Capacity in the Municipality of Sibalom, Province of Antique, to Be Known as Sibalom Emergency Hospital, and Authorizing the Appropriation of Funds Therefor",Sibalom Emergency Hospital,,,0600616000,Antique,not_found,0.33,,,,,,,SEBASTE COMMUNITY HOSPITAL
4285,1965-06-19,1965,5,amend,"An Act to Amend Republic Act Numbered Thirty-Six Hundred Sixteen, Entitled ""an Act to Provide for the Establishment, Operation and Maintenance of a Hospital in the Municipality of Salcedo, Province of Ilocos Sur, to Be Known as the Interior Ilocos Sur Hospital, and to Authorize the Appropriation of Funds Therefor""",Interior Ilocos Sur Hospital,,,0102916000,Ilocos Sur,not_found,0.0,,,,,,,
4292,1965-06-19,1965,5,rename,"An Act Changing the Name of Infanta Emergency Hospital in the Municipality of Infanta, Province of Quezon, to Claro M. Recto Memorial Hospital",Infanta Emergency Hospital,,,0405620000,Quezon,found,0.98,town,Claro M. Recto Memorial Hospital,QUEZON PROVINCIAL HOSPITAL NETWORK - CLARO M. RECTO (INFANTA),50,LEVEL 1,G,QUEZON PROVINCIAL HOSPITAL NETWORK - CLARO M. RECTO (INFANTA)
4296,1965-06-19,1965,5,establish,"An Act Providing for the Establishment of an Emergency Hospital in the Municipality of Taft, Province of Samar, to Be Known as Taft Emergency Hospital, and Authorizing the Appropriation of Funds Therefor",Taft Emergency Hospital,,,,Samar,no_place,0.0,,,,,,,
4308,1965-06-19,1965,5,convert,"An Act to Nationalize and Convert the Ilocos Sur Provincial Hospital in Vigan, Ilocos Sur, into the Gabriela Silang General Hospital, Increasing its Bed Capacity and Establishing Therein a School of Nursing and Midwifery, and Authorizing the Appropriation of Funds Therefor",,,,0102934000,Ilocos Sur,no_name,0.0,,,,,,,
4311,1965-06-19,1965,5,establish,"An Act Providing for the Establishment of One Emergency Hospital in the Municipality of Pinukpuk, Mountain Province, and Authorizing the Appropriation of Funds Therefor",,,,1403209000,Kalinga,no_name,0.0,,,,,,,
4312,1965-06-19,1965,5,establish,"An Act Providing for the Establishment of a First Class Dispensary in Each of the Island Municipalities of Almagro, Daram, Santa Rita, Marabut and Tarangnan, All in the Province of Samar, and Authorizing the Appropriation of Funds Therefor",,,,0806001000;0806006000;0806010000;0806017000;0806020000,Samar,no_name,0.0,,,,,,,
4313,1965-06-19,1965,5,other,"An Act to Provide for the Operation and Maintenance of a Hospital in the Municipality of Gandara, Province of Samar, to Be Known as Gandara Hospital, and to Authorize the Appropriation of Funds Therefor",Gandara Hospital,,,0806007000,Samar,not_found,0.39,,,,,,,GANDARA DISTRICT HOSPITAL
4319,1965-06-19,1965,5,establish,"An Act to Provide for the Establishment of One Emergency Hospital in the City of Gingoog, and to Authorized the Appropriation of Funds Therefor",,,,1004308000,Misamis Oriental,no_name,0.0,,,,,,,
4320,1965-06-19,1965,5,establish,"An Act Providing for the Establishment of an Emergency Hospital in the Province of Pampanga, to Be Known as Romana Pangan Emergency Hospital, and Authorizing the Appropriation of Funds Therefor",Romana Pangan Emergency Hospital,,,,Pampanga,found,1.0,province,,ROMANA PANGAN DISTRICT HOSPITAL,75,LEVEL 1,G,ROMANA PANGAN DISTRICT HOSPITAL
4323,1965-06-19,1965,5,establish,"An Act Providing for the Establishment of an Emergency Hospital in the Municipality of Siasi, Province of Sulu, and Authorizing the Appropriation of Funds Therefor",,,,1906612000,Sulu,no_name,0.0,,,,,,,
4331,1965-06-19,1965,5,convert,"An Act Converting Doña Gregoria Memorial Hospital in the Municipality of Agoo, Province of La Union, into a National Hospital to Be Known as Doña Gregoria National Hospital, and Authorizing the Appropriation of Funds Therefor",Doña Gregoria National Hospital,,,0103301000,La Union,not_found,0.0,,,,,,,
4355,1965-06-19,1965,5,establish,"An Act Providing for the Establishment of an Emergency Hospital in the Municipality of Bansalan, Province of Davao, to Be Known as Southern Davao Emergency Hospital, and Authorizing the Appropriation of Funds Therefor",Southern Davao Emergency Hospital,,,1102401000,Davao del Sur,not_found,0.0,,,,,,,
4405,1965-06-19,1965,5,other,"An Act to Nationalize the Positions of Assistant Provincial Health Officers, Provincial, City and Municipal Nurses, Sanitary Inspectors, and Midwives, and to Authorize the Appropriation of Funds Therefor",,,,,,no_name,0.0,,,,,,,
4549,1965-06-19,1965,5,establish,"An Act Establishing the Mariano Jesus Cuenco Memorial Hospital in the Municipality of Malabuyoc, Province of Cebu",Mariano Jesus Cuenco Memorial Hospital,,,0702229000,Cebu,found,1.0,town,,MARIANO JESUS CUENCO MEMORIAL HOSPITAL,25,INF/DISP,G,MARIANO JESUS CUENCO MEMORIAL HOSPITAL
4552,1965-06-19,1965,5,establish,"An Act Providing for the Establishment of a Maternity and Children's Hospital in the Municipality Barotac Nuevo, Province of Iloilo, to Be Known as Barotac Nuevo Maternity and Children's Hospital, and Authorizing the Appropriation of Funds Therefor",Barotac Nuevo Maternity and Children's Hospital,,,,Guimaras;Iloilo,not_found,0.0,,,,,,,
4589,1965-06-19,1965,5,other,"An Act Authorizing the Philippine Charity Sweepstakes Office to Hold a Lottery for the Benefit of the National League of Puericulture Centers of the Philippines, Inc.",,,,,,no_name,0.0,,,,,,,
4590,1965-06-19,1965,5,create,"An Act to Create the Position of a Rural Health Dentist in the Municipality of Taal, Province of Batangas, and to Authorize the Appropriation of Funds Therefore",,,,0401029000,Batangas,no_name,0.0,,,,,,,
4629,1965-06-19,1965,5,convert,"An Act Converting the Puericulture Center in the District of La Paz, City of Iloilo, into an Emergency Hospital to Be Known as La Paz Emergency Hospital, and Authorizing the Appropriation of Funds Therefor",La Paz Emergency Hospital,,,0631000000,Iloilo,not_found,0.0,,,,,,,
4654,1966-06-17,1966,6,establish,"An Act Providing for the Establishment of a Community Hospital in the Municipality of Dingalan, Province of Quezon, and Authorizing the Appropriation of Two Hundred Fifty Thousand Pesos for the Purpose",,,,0307705000,Aurora,no_name,0.0,,,,,,,
4656,1966-06-17,1966,6,establish,"An Act Providing for the Establishment of a General Hospital with a School of Nursing and Midwifery in the Municipality of Argao, Province of Cebu, to Be Known as Cebu South General Hospital, and Authorizing the Appropriation of Funds Therefor",Cebu South General Hospital,,,0702205000,Cebu,not_found,0.0,,,,,,,
4662,1966-06-18,1966,6,convert,"An Act Converting the Misamis Oriental Provincial Hospital into a Regional Training Hospital, to Be Known as Northern Mindanao Regional Training Hospital and Authorizing the Appropriation of Funds Therefor",Northern Mindanao Regional Training Hospital,,,,,no_place,0.0,,,,,,,
4740,1966-06-18,1966,6,increase,"An Act Increasing the Bed Capacity of the Surigao Provincial Hospital in the Municipality of Surigao, and the Siargao Community Hospital in the Municipality of Dapa, Both in the Province of Surigao del Norte and Authorizing the Appropriation of Funds Therefor",Surigao Provincial Hospital,,,1606707000;1606724000,Surigao del Norte,not_found,0.42,,,,,,,SURIGAO DEL NORTE PROVINCIAL HOSPITAL
4753,1966-06-18,1966,6,establish,"An Act Providing for the Establishment of a Community Hospital in the Municipality of Lubang, Province of Occidental Mindoro, and Authorizing the Appropriation of Funds Therefor",,,,1705104000,Occidental Mindoro,no_name,0.0,,,,,,,
4764,1966-06-18,1966,6,establish,"An Act Providing for the Establishment of a General Hospital at Tacloban City, to Be Known as Speaker Daniel Z. Romualdez Memorial City Hospital, and Authorizing the Appropriation of Funds Therefor",Speaker Daniel Z. Romualdez Memorial City Hospital,,,0831600000,Leyte,not_found,0.33,,,,,,,GOV. BENJAMIN T. ROMUALDEZ GENERAL HOSPITAL AND SCHISTOSOMIASIS CENTER
4773,1966-06-18,1966,6,increase,"An Act Increasing the Bed Capacity of the Samar Provincial Hospital in the Municipality of Catbalogan, Province of Samar, to One Hundred Beds and Authorizing the Appropriation of Funds Therefor",Samar Provincial Hospital,,,0806005000,Samar,found,0.95,town,,SAMAR PROVINCIAL HOSPITAL,100,LEVEL 1,G,SAMAR PROVINCIAL HOSPITAL
4780,1966-06-18,1966,6,establish,"An Act Providing for the Establishment, Operation and Maintenance of a Community Hospital in the Municipality of Cataingan, Province of Masbate, to Be Known as Cataingan Community Hospital, and Authorizing the Appropriation of Funds Therefor",Cataingan Community Hospital,,,0504105000,Masbate,not_found,0.38,,,,,,,CATAINGAN DISTRICT HOSPITAL
4797,1966-06-18,1966,6,establish,"An Act Establishing a Hospital in Iloilo City, to Be Known as Iloilo City Hospital, and Authorizing the Appropriation of Funds Therefor",Iloilo City Hospital,,,0631000000,Iloilo,not_found,0.12,,,,,,,POLICE REGIONAL OFFICE 6 PRIMARY HEALTH CARE HOSPITAL
4805,1966-06-18,1966,6,increase,"An Act Increasing the Bed Capacity of the Abra Provincial Hospital in the Municipality of Bangued, Province of Abra, and Authorizing the Appropriation of Funds Therefor",Abra Provincial Hospital,,,1400101000,Abra,found,0.95,town,,ABRA PROVINCIAL HOSPITAL,100,LEVEL 1,G,ABRA PROVINCIAL HOSPITAL
4817,1966-06-18,1966,6,increase,An Act Increasing the Bed Capacity of Southern Leyte General Hospital in the Province of Southern Leyte and Authorizing the Appropriation of Funds Therefor,Southern Leyte General Hospital,,,,Southern Leyte,not_found,0.26,,,,,,,SOGOD DISTRICT HOSPITAL
4825,1966-06-18,1966,6,transfer,"An Act Transferring the Administration, Operation and Maintenance of the Floating Ambulance of the Province of Romblon from Said Province to Romblon General Hospital and Authorizing the Appropriation of Funds Therefor",,,,,Romblon,no_name,0.0,,,,,,,
4831,1966-06-18,1966,6,increase,"An Act Increasing the Bed Capacity of the Agusan Provincial Hospital in Butuan City, and Authorizing the Appropriation of Funds Therefor",Agusan Provincial Hospital,,,1630400000,Agusan del Norte,not_found,0.42,,,,,,,AGUSAN DEL NORTE PROVINCIAL HOSPITAL
4904,1967-06-17,1967,6,establish,"An Act Providing for the Establishment of an Emergency Hospital in the Municipality of Besao, Subprovince of Bontoc, Mountain Province, and Authorizing the Appropriation of Funds Therefor",,,,1404403000,Mountain Province,no_name,0.0,,,,,,,
4921,1967-06-17,1967,6,other,"An Act Extending the Scope of the Cancer Detection and Diagnostic Center of the Dr. Jose R. Reyes Memorial Hospital to Include Also Cancer Treatment and Research, and Appropriating Funds Therefor",,,,,,no_name,0.0,,,,,,,
4931,1967-06-17,1967,6,establish,"An Act Providing for the Establishment of a Community Hospital in the Municipality of Balbalan, Mountain Province, to Be Known as Western Kalinga Community Hospital, and Authorizing the Appropriation of Funds Therefor",Western Kalinga Community Hospital,,,,Mountain Province,not_found,0.0,,,,,,,
4936,1967-06-17,1967,6,establish,"An Act Providing for the Establishment of a Community Hospital in the Municipality of Calamba, Province of Misamis Occidental, and Authorizing the Appropriation of Funds Therefor",,,,1004204000,Misamis Occidental,no_name,0.0,,,,,,,
4937,1967-06-17,1967,6,increase,"An Act Increasing the Bed Capacity of Northern Samar General Hospital in the Municipality of Catarman, Province of Samar, and Authorizing the Appropriation of Funds Therefor",Northern Samar General Hospital,,,,Samar,no_place,0.0,,,,,,,
4940,1967-06-17,1967,6,establish,"An Act Providing for the Establishment of a Community Hospital in the Municipality of Maramag, Province of Bukidnon, to Be Known as South Bukidnon Community Hospital, and Authorizing the Appropriation of Funds Therefor",South Bukidnon Community Hospital,,,1001315000,Bukidnon,not_found,0.0,,,,,,,
4942,1967-06-17,1967,6,establish,"An Act Establishing a Maternity and Children's Hospital in the Municipality Balaoan, Province of La Union, to Be Known as Northern La Union Maternity and Children's Hospital, and Appropriating Funds Therefor",Northern La Union Maternity and Children's Hospital,,,,La Union,not_found,0.95,,Balaoan District Hospital,,,,,BALAOAN DISTRICT HOSPITAL
4943,1967-06-17,1967,6,establish,"An Act Establishing a Community Hospital in Sapang Palay, Municipality of San Jose del Monte, Province of Bulacan, to Be Known as Sapang Palay Community Hospital, and Authorizing the Appropriation of Funds Therefor",Sapang Palay Community Hospital,,,0301420000,Bulacan,not_found,0.0,,,,,,,
4945,1967-06-17,1967,6,establish,"An Act Establishing a Community Hospital in the Municipality of Piñan, Province of Zamboanga del Norte, to Be Known as Piñan Community Hospital, and Authorizing the Appropriation of Funds Therefor",Piñan Community Hospital,,,0907209000,Zamboanga del Norte,not_found,0.36,,,,,,,PIÑAN DISTRICT HOSPITAL
4946,1967-06-17,1967,6,establish,"An Act Establishing an Emergency Hospital in the Municipality of Jose Abad Santos, Province of Davao, to Be Known as Jose Abad Santos Emergency Hospital and Authorizing the Appropriation of One Hundred Fifty Thousand Pesos Therefor",Jose Abad Santos Emergency Hospital,,,,Davao Oriental;Davao del Norte;Davao del Sur,not_found,0.0,,,,,,,
4947,1967-06-17,1967,6,establish,"An Act Establishing a National Hospital in the Municipality of Mati, Province of Davao, to Be Known as Davao Oriental National Hospital, and Authorizing the Appropriation of Funds Therefor",Davao Oriental National Hospital,,,1102509000,Davao Oriental,not_found,0.39,,,,,,,DAVAO ORIENTAL PROVINCIAL HOSPITAL - LUPON
4948,1967-06-17,1967,6,establish,"An Act Establishing a National Hospital in the Municipality of Digos, Province of Davao, to Be Known as the Davao del Sur National Hospital, and Authorizing the Appropriation of Funds Therefor",Davao del Sur National Hospital,,,1102403000,Davao del Sur,not_found,0.42,,,,,,,DAVAO DEL SUR PROVINCIAL HOSPITAL
4949,1967-06-17,1967,6,establish,"An Act Providing for the Establishment of a Community Hospital in the Municipality of Bacoor, Province of Cavite, to Be Known as Padre Gomez Community Hospital, and Authorizing the Appropriation of Funds Therefor",Padre Gomez Community Hospital,,,0402103000,Cavite,not_found,0.0,,,,,,,
4950,1967-06-17,1967,6,establish,"An Act Establishing a Community Hospital in the Municipality of Mawab, Province of Davao, to Be Known as Mawab Community Hospital, and Authorizing the Appropriation of Funds Therefor",Mawab Community Hospital,,,,Davao Oriental;Davao del Norte;Davao del Sur,not_found,0.0,,,,,,,
4951,1967-06-17,1967,6,establish,"An Act Providing for the Establishment of an Emergency Hospital in the Municipality of Pinamungajan, Province of Cebu, and Authorizing the Appropriation of Funds Therefor",,,,0702237000,Cebu,no_name,0.0,,,,,,,
4953,1967-06-17,1967,6,establish,"An Act Providing for the Establishment of a National Emergency Hospital in the Municipality of Jagna, Province of Bohol, to Be Known as Jagna National Emergency Hospital, and Authorizing the Appropriation of Funds Therefor",Jagna National Emergency Hospital,,,0701225000,Bohol,not_found,0.27,,,,,,,TUBIGON COMMUNITY HOSPITAL
4955,1967-06-17,1967,6,establish,"An Act Providing for the Establishment of a Memorial Hospital in the Municipality of Cabanatuan, Province of Iloilo, to Be Known as Ramon Tabiana Memorial Hospital, and Authorizing the Appropriation of Funds Therefor",Ramon Tabiana Memorial Hospital,,,,Guimaras;Iloilo,not_found,0.0,,,,,,,
4956,1967-06-17,1967,6,establish,"An Act Providing for the Establishment of an Emergency Hospital at Barrio Sayangan, Municipality of Atok, Subprovince of Benguet, Mountain Province, to Be Known as Atok Emergency Hospital, and Authorizing the Appropriation of Funds Therefor",Atok Emergency Hospital,,,1401101000,Benguet;Mountain Province,not_found,0.36,,,,,,,ATOK DISTRICT HOSPITAL
4957,1967-06-17,1967,6,convert,"An Act Converting Abuyog Emergency Hospital in the Municipality of Abuyog, Province of Leyte, into Abuyog General Hospital and Authorizing the Appropriation of Funds Therefor",Abuyog Emergency Hospital,,,0803701000,Leyte,not_found,0.42,,,,,,,ISABEL EMERGENCY HOSPITAL
4958,1967-06-17,1967,6,convert,"An Act Converting the Puericulture Center in the Municipality of Naguilian, Province of La Union, into an Emergency Hospital, to Be Known as Naguilian Emergency Hospital, and Authorizing the Appropriation of Funds Therefor",Naguilian Emergency Hospital,,,0103311000,La Union,not_found,0.38,,,,,,,NAGUILIAN DISTRICT HOSPITAL
4959,1967-06-17,1967,6,convert,"An Act Converting Rosario Puericulture Center in the Municipality of Rosario, Province of La Union, into an Emergency Hospital, to Be Known as Rosario Emergency Hospital, and Authorizing the Appropriation of Funds Therefor",Rosario Emergency Hospital,,,0103313000,La Union,not_found,0.37,,,,,,,ROSARIO DISTRICT HOSPITAL
4960,1967-06-17,1967,6,establish,"An Act Providing for the Establishment of an Emergency Hospital in the Municipality of Bantay, Province of Ilocos Sur, and Authorizing the Appropriation of Funds Therefor",,,,0102903000,Ilocos Sur,no_name,0.0,,,,,,,
4961,1967-06-17,1967,6,establish,"An Act Providing for the Establishment of an Emergency Hospital in the Municipality of Magsingal, Province of Ilocos Sur, and Authorizing the Appropriation of Funds Therefor",,,,0102912000,Ilocos Sur,no_name,0.0,,,,,,,
4962,1967-06-17,1967,6,establish,"An Act Providing for the Establishment of an Emergency Hospital in the Municipality of Alilem, Province of Ilocos Sur, and Authorizing the Appropriation of Funds Therefor",,,,0102901000,Ilocos Sur,no_name,0.0,,,,,,,
4963,1967-06-17,1967,6,establish,"An Act Providing for the Establishment of an Emergency Hospital in the Municipality of Cabugao, Province of Ilocos Sur, and Authorizing the Appropriation of Funds Therefor",,,,0102905000,Ilocos Sur,no_name,0.0,,,,,,,
4964,1967-06-17,1967,6,establish,"An Act Providing for the Establishment of an Emergency Hospital in the Municipality of San Emilio, Province of Ilocos Sur, and Authorizing the Appropriation of Funds Therefor",,,,0102917000,Ilocos Sur,no_name,0.0,,,,,,,
4965,1967-06-17,1967,6,establish,"An Act Providing for the Establishment of an Emergency Hospital in the Municipality of Candon, Province of Ilocos Sur, and Appropriating Funds Therefor",,,,0102906000,Ilocos Sur,no_name,0.0,,,,,,,
5034,1967-06-17,1967,6,increase,"An Act Increasing the Bed Capacity of Bataan Provincial Hospital in the Province of Bataan from Twenty-Five to Seventy-Five Beds, and Authorizing the Appropriation of Funds Therefor",Bataan Provincial Hospital,25,75,,Bataan,not_found,0.28,,,,,,,BATAAN GENERAL HOSPITAL AND MEDICAL CENTER
5054,1967-06-17,1967,6,establish,"An Act Providing for the Establishment of a General Hospital in the Municipality of Libmanan, Province of Camarines Sur, to Be Known as Libmanan General Hospital, and Authorizing the Appropriation of Funds Therefor",Libmanan General Hospital,,,0501718000,Camarines Sur,not_found,0.37,,,,,,,LIBMANAN DISTRICT HOSPITAL
5074,1967-06-17,1967,6,appropriate,"An Act Authorizing the Appropriation of Two Hundred Ninety-Six Thousand Seven Hundred Twenty-One Pesos for the Operation and Maintenance of Cagayan Provincial Hospital in the Municipality of Tuguegarao, Province of Cagayan",,,,0201529000,Cagayan,no_name,0.0,,,,,,,
5080,1967-06-17,1967,6,rename,"An Act Changing the Name of Lubao Emergency Hospital in the Municipality of Lubao, Province of Pampanga, to Escolastica Romero Community Hospital, Amending for the Purpose Section One of Republic Act Numbered Forty-Two Hundred Fifty-Five",Lubao Emergency Hospital,,,0305408000,Pampanga,found,1.0,town,Escolastica Romero Community Hospital,ESCOLASTICA ROMERO DISTRICT HOSPITAL,75,LEVEL 1,G,ESCOLASTICA ROMERO DISTRICT HOSPITAL
5141,1967-06-17,1967,6,increase,An Act Increasing the Bed Capacity of the Nueva Ecija Provincial Hospital at Cabanatuan City to Four Hundred Beds and Authorizing the Appropriation of Funds Therefor,Nueva Ecija Provincial Hospital,,,0304903000,Nueva Ecija,found,1.0,town,Dr. Paulino J. Garcia Memorial Research and Medical Center | San Jose City General Hospital,DR. PAULINO J. GARCIA MEMORIAL RESEARCH & MEDICAL CENTER,600,LEVEL 3,G,DR. PAULINO J. GARCIA MEMORIAL RESEARCH & MEDICAL CENTER
5191,1968-04-18,1968,6,convert,"An Act Converting Batac Emergency Hospital in the Municipality of Batac, Province of Ilocos Norte, into a General Hospital to Be Known as Batac General Hospital, and Authorizing the Appropriation of Funds Therefor",Batac General Hospital,,,0102805000,Ilocos Norte,found,0.98,town,Marcos Memorial Hospital | its Original Name Mariano Marcos Memorial Hospital,MARIANO MARCOS MEMORIAL HOSPITAL AND MEDICAL CENTER,400,LEVEL 3,G,MARIANO MARCOS MEMORIAL HOSPITAL AND MEDICAL CENTER
5195,1968-04-27,1968,6,establish,"An Act Establishing the Claveria Station Hospital in the Municipality of Claveria, Province of Masbate and Authorizing the Appropriation of Funds Therefor",Claveria Station Hospital,,,0504107000,Masbate,not_found,0.0,,,,,,,
5198,1968-04-27,1968,6,increase,"An Act Increasing the Bed Capacity of Morong Emergency Hospital in the Province of Rizal, from Twenty-Five to Fifty Beds, and Authorizing the Appropriation of Funds Therefor",Morong Emergency Hospital,25,50,,Metro Manila;Rizal,no_place,0.0,,,,,,,
5199,1968-04-27,1968,6,rename,"An Act Changing the Name of the Kabankalan Maternity Hospital in the Municipality of Kabankalan, Province of Negros Occidental, to Dr. Gumersindo Garcia, Sr. Memorial Hospital",Kabankalan Maternity Hospital,,,1804515000,Negros Occidental,not_found,0.43,,"Dr. Gumersindo Garcia, Sr. Memorial Hospital",,,,,KABANKALAN CITY HOSPITAL
5205,1968-06-15,1968,6,other,An Act Fixing the Salaries of Certain Positions in the Veterans Memorial Hospital,,,,,,no_name,0.0,,,,,,,
5212,1968-06-15,1968,6,establish,"An Act Providing for the Establishment of a Community Hospital in the Municipality of Balangiga, Province of Samar, to Be Known as Balangiga Community Hospital, and Authorizing the Appropriations of Funds Therefor",Balangiga Community Hospital,,,,Samar,no_place,0.0,,,,,,,
5220,1968-06-15,1968,6,establish,"An Act Providing for the Establishment of an Emergency Hospital in the Municipality of Tuao, Province of Cagayan, to Be Known as Tuao Emergency Hospital and Authorizing the Appropriation of Funds Therefor",Tuao Emergency Hospital,,,0201528000,Cagayan,not_found,0.42,,,,,,,GATTARAN EMERGENCY HOSPITAL
5221,1968-06-15,1968,6,establish,"An Act Establishing an Emergency Hospital in the Municipality of San Jose, Province of Occidental Mindoro",,,,1705110000,Occidental Mindoro,no_name,0.0,,,,,,,
5225,1968-06-15,1968,6,establish,"An Act Providing for the Establishment of an Emergency Hospital in the City of Tangub, and Authorizing the Appropriation of Funds Therefor",,,,1004215000,Misamis Occidental,no_name,0.0,,,,,,,
5229,1968-06-15,1968,6,amend,"An Act Amending Certain Sections of Republic Act Numbered Thirty-One Hundred and Fifty-Nine, Entitled ""an Act Providing for the Establishment of an Emergency Hospital in the Municipality of San Miguel, Province of Bulacan, to Be Known as the San Miguel Emergency Hospital""",San Miguel Emergency Hospital,,,0301421000,Bulacan,not_found,0.4,,,,,,,SAN MIGUEL COMMUNITY HOSPITAL
5238,1968-06-15,1968,6,establish,"An Act Providing for the Establishment of a Maternity and Children's Hospital in the Municipality of Marcos, Province of Ilocos Norte, to Be Known as Marcos Maternity and Children's Hospital, and Authorizing the Appropriation of Funds Therefor",Marcos Maternity and Children's Hospital,,,0102813000,Ilocos Norte,not_found,0.26,,,,,,,LAOAG CITY GENERAL HOSPITAL
5275,1968-06-15,1968,6,establish,"An Act Providing for the Establishment of an Emergency Hospital in the Municipality of Bayambang, Province of Pangasinan, and Authorizing the Appropriation of Funds Therefor",,,,0105511000,Pangasinan,no_name,0.0,,,,,,,
5278,1968-06-15,1968,6,establish,"An Act Providing for the Establishment of an Emergency Hospital in the Municipality of Placer, Province of Surigao del Norte, to Be Known as Placer Emergency Hospital, and Authorizing the Appropriation of Funds Therefor",Placer Emergency Hospital,,,1606717000,Surigao del Norte,not_found,0.28,,,,,,,SOCORRO DISTRICT HOSPITAL
5285,1968-06-15,1968,6,increase,An Act Increasing the Bed Capacity of the Surigao del Sur Provincial Hospital and Authorizing the Appropriation of Funds Therefor,,,,,,no_name,0.0,,,,,,,
5294,1968-06-15,1968,6,rename,An Act Changing the Name of the Maternity and Children's Hospital to Dr. Jose Fabella Memorial Hospital,Maternity and Children's Hospital,,,,,no_place,0.0,,,,,,,
5297,1968-06-15,1968,6,establish,"An Act Providing for the Establishment of an Emergency Hospital in the Municipality of Loon, Province of Bohol, to Be Known as the Loon Emergency Hospital, and Authorizing the Appropriation of Funds Therefor",Loon Emergency Hospital,,,0701230000,Bohol,not_found,0.31,,,,,,,CLARIN COMMUNITY HOSPITAL
5314,1968-06-15,1968,6,increase,"An Act Increasing the Bed Capacity of the Sta. Maria General Hospital in the Municipality of Sta. Maria, Province of Bulacan, and Authorizing the Appropriation of Funds Therefor",Sta. Maria General Hospital,,,0301423000,Bulacan,found,1.0,town,Rogaciano M. Mercado Memorial General Hospital,ROGACIANO M. MERCADO MEMORIAL HOSPITAL,150,LEVEL 1,G,ROGACIANO M. MERCADO MEMORIAL HOSPITAL
5333,1968-06-15,1968,6,rename,"An Act Changing the Name of the Dao Emergency Hospital in the Municipality of Dao, Province of Antique, to Tobias Fornier Memorial Hospital",Dao Emergency Hospital,,,0600607000,Antique,not_found,0.31,,Tobias Fornier Memorial Hospital,,,,,BUGASONG MEDICARE COMMUNITY HOSPITAL
5342,1968-06-15,1968,6,establish,"An Act Establishing the Palanan Station Hospital in the Municipality of Palanan, Province of Isabela, and Authorizing the Appropriation of Funds Therefor",Palanan Station Hospital,,,0203121000,Isabela,found,1.0,town,,PALANAN STATION HOSPITAL,10,INF/DISP,G,PALANAN STATION HOSPITAL
5355,1968-06-15,1968,6,appropriate,"An Act Authorizing the Appropriation of Two Hundred Thousand Pesos for the Maintenance and Operation of the Batac General Hospital in the Municipality of Batac, Province of Ilocos Norte",,,,0102805000,Ilocos Norte,no_name,0.0,,,,,,,
5365,1968-06-15,1968,6,establish,"An Act Establishing the Lidlidda Station Hospital in the Municipality of Lidlidda, Province of Ilocos Sur and Authorizing the Appropriation of Funds Therefor",Lidlidda Station Hospital,,,0102911000,Ilocos Sur,not_found,0.0,,,,,,,
5366,1968-06-15,1968,6,establish,"An Act Establishing the Angaki (Quirino) Station Hospital in the Municipality of Angaki (Quirino), Province of Ilocos Sur, and Authorizing the Appropriation of Funds Therefor",Angaki Station Hospital,,,0102915000,Ilocos Sur,not_found,0.0,,,,,,,
5367,1968-06-15,1968,6,establish,"An Act Establishing the Sugpon Station Hospital in the Municipality of Sugpon, Province of Ilocos Sur and Authorizing the Appropriation of Funds Therefor",Sugpon Station Hospital,,,0102931000,Ilocos Sur,not_found,0.0,,,,,,,
5370,1968-06-15,1968,6,establish,"An Act Establishing the Pilar Station Hospital in the Municipality of Pilar, Province of Cebu, and Authorizing the Appropriation of Funds Therefor",Pilar Station Hospital,,,0702236000,Cebu,not_found,0.98,,,,,,,PNP STATION HOSPITAL
5391,1968-06-15,1968,6,establish,"An Act Providing for the Establishment of a Chest Clinic in the Municipality of General Santos, Province of South Cotabato, and Authorizing the Appropriation of Funds Therefor",,,,1230800000,South Cotabato,no_name,0.0,,,,,,,
5397,1968-06-15,1968,6,establish,"An Act Providing for the Establishment of a Hospital in the Municipality of Surala, Province of South Cotabato, to Be Known as Surala General Hospital, and Authorizing the Appropriations of Funds Therefor",Surala General Hospital,,,,Sarangani;South Cotabato,not_found,0.0,,,,,,,
5505,1969-06-21,1969,6,convert,"An Act Converting Aurora Provincial Hospital into Aurora General Hospital, Increasing its Bed Capacity to Seventy-Five, Establishing Therein a School of Nursing and Midwifery, and Authorizing the Appropriation of Funds Therefor",Aurora Provincial Hospital,,,,,no_place,0.0,,,,,,,
5553,1969-06-21,1969,6,establish,"An Act Providing for the Establishment of a Hospital in the Sub-Province of Quirino, Nueva Vizcaya, to Be Known as the Quirino Sub-Provincial Hospital, and to Authorize the Appropriation of Funds Therefor",Quirino Sub-Provincial Hospital,,,,Nueva Vizcaya;Quirino,not_found,0.0,,,,,,,
5635,1969-06-21,1969,6,increase,"An Act Increasing the Bed Qapac1ty of Batac General Hospital in the Municipality of Batac, Province of 1Locos Norte, and Appropriating Funds Therefor",,,,0102805000,Ilocos Norte,no_name,0.0,,,,,,,
5636,1969-06-21,1969,6,establish,"An Act Providing for the Establishment of a Community Hospital in the Municipality of Albor, Province of Surigao del Norte, and Authorizing the Appropriation of Funds Therefor",,,,1608504000,Dinagat Islands,no_name,0.0,,,,,,,
5655,1969-06-21,1969,6,establish,"An Act Providing for the Establishment of an Emergency Hospital in the Municipality of Lupon, Province of Davaq Oriental, to Be Known as Lupon Emergency Hospital, and Authorizing the Appropriation of Funds Therefor",Lupon Emergency Hospital,,,1102507000,Davao Oriental,not_found,0.23,,,,,,,DAVAO ORIENTAL PROVINCIAL HOSPITAL - LUPON
5657,1969-06-21,1969,6,convert,"An Act Converting the Rural Health Center in the Municipality of Koronadal, Province of South Cotabato, into a General Hospital, to Be Known as Koronadal General Hospital and Authorizing the Appropriation of Funds Therefor",Koronadal General Hospital,,,1206306000,South Cotabato,not_found,0.37,,,,,,,TAMPAKAN GENERAL HOSPITAL
5672,1969-06-21,1969,6,amend,An Act Amending Republic Act Numbered Sixteen Hundred Twenty-Nine (Re Quezon Memorial Hospital School of Nursing),,,,,,no_name,0.0,,,,,,,
5690,1969-06-21,1969,6,increase,An Act Increasing the Bed Capacity of Lipa City Hospital and Converting the Same into a National Hospital,Same into a National Hospital,,,0401014000,Batangas,not_found,0.0,,,,,,,
5702,1969-06-21,1969,6,establish,"An Act Establishing a National Hospital in the Municipality of Tagum, Province of Davao, to Be Known as Davao del Norte National Hospital and Authorizing the Appropriation of Funds Therefor",Davao del Norte National Hospital,,,1102319000,Davao del Norte,not_found,0.26,,,,,,,DAVAO REGIONAL MEDICAL CENTER
5719,1969-06-21,1969,6,establish,"An Act Establishing an Emergency Hospital in the Municipality of Burauen, Province of Leyte, to Be Known as the Burauen Emergency Hospital, and Authorizing the Appropriation of Funds Therefor",Burauen Emergency Hospital,,,0803710000,Leyte,not_found,0.41,,,,,,,ISABEL EMERGENCY HOSPITAL
5720,1969-06-21,1969,6,other,An Act Designating Certain Government Hospitals Under the Department of Health as National District Hospitals and for Other Purposes,,,,,,no_name,0.0,,,,,,,
5767,1969-06-21,1969,6,establish,"An Act Providing for the Establishment of a Station Hospital in the Municipality of Capul, Province of Northern Samar, to Be Known as the Capul Station Hospital, and Authorizing the Appropriation of Funds Therefor",Capul Station Hospital,,,0804804000,Northern Samar,not_found,0.0,,,,,,,
5768,1969-06-21,1969,6,increase,"An Act Increasing the Bed Capacity of San Antonio Emergency Hospital in the Municipality of San Antonio, Province of Nueva Ecija, and Authorizing the Additional Appropriation of Funds Therefor",San Antonio Emergency Hospital,,,0304924000,Nueva Ecija,not_found,0.39,,,,,,,SAN ANTONIO DISTRICT HOSPITAL
5769,1969-06-21,1969,6,increase,"An Act Increasing the Bed Capacity of the Northwestern Leyte General Hospital in the Municipality of Calubian, Province of Leyte, and Authorizing the Appropriation of Funds Therefor",Northwestern Leyte General Hospital,,,0803713000,Leyte,found,1.0,town,,NORTHWESTERN LEYTE DISTRICT HOSPITAL,12,INF/DISP,G,NORTHWESTERN LEYTE DISTRICT HOSPITAL
5780,1969-06-21,1969,6,amend,"An Act Amending Section Eighty-Seven of Republic Act Numbered Three Hundred Twenty-One, Known as the Charter of the City of Ozamiz, by Making the Administrative Officer of the City Health Office Concurrently Deputy Civil Registrar",,,,1004210000,Misamis Occidental,no_name,0.0,,,,,,,
5826,1969-06-21,1969,6,establish,"An Act Establishing a General Hospital in the Municipality of Tupi, Province of South Cotabato, to Be Known as South Cotabato General Hospital, and Authorizing the Appropriation of Funds Therefor",South Cotabato General Hospital,,,1206317000,South Cotabato,not_found,0.42,,,,,,,SOUTH COTABATO PROVINCIAL HOSPITAL
5834,1969-06-21,1969,6,increase,"An Act Increasing the Bed Capacity of the Sulu Hospital in the Municipality of Jolo, Province of Sulu, and Authorizing the Appropriation of Funds Therefor",Sulu Hospital,,,1906602000,Sulu,not_found,0.35,,,,,,,SULU PROVINCIAL HOSPITAL
5835,1969-06-21,1969,6,establish,"An Act Providing for the Establishment of a Chest Clinic in the Municipality of Mati, Province of Davao Oriental, to Be Known as Mati Chest Clinic and Authorizing the Appropriation of Funds Therefor",Mati Chest Clinic,,,1102509000,Davao Oriental,not_found,0.0,,,,,,,
5836,1969-06-21,1969,6,establish,"An Act Providing for the Establishment of an Emergency Hospital in the Municipality of Norala, Province of South Cotabato, and Authorizing the Appropriation of Funds Therefor",,,,1206311000,South Cotabato,no_name,0.0,,,,,,,
5873,1969-06-21,1969,6,amend,"An Act Amending Republic Act Numbered Forty-Two Hundred Sixty-Seven By Converting the Calolbon Chest Center in the Municipality of San Andres, Province of Catanduanes, Into a Hospital to Be Known as Juan M. Alberto Memorial Hospital",Juan M. Alberto Memorial Hospital,,,0502008000,Catanduanes,found,1.0,town,,JUAN M. ALBERTO MEMORIAL DISTRICT HOSPITAL,25,LEVEL 1,G,JUAN M. ALBERTO MEMORIAL DISTRICT HOSPITAL
5900,1969-06-21,1969,6,establish,"An Act Providing for the Establishment of an Emergency Hospital in the Municipality of Kabugao, Mountain Province, and Authorizing the Appropriation of Funds Therefor",,,,,Mountain Province,no_name,0.0,,,,,,,
5901,1969-06-21,1969,6,other,An Act Prescribing Forty Hours a Week of Labor for Government and Private Hospitals or Clinic Personnel,,,,,,no_name,0.0,,,,,,,
5909,1969-06-21,1969,6,establish,"An Act Providing for the Establishment of a General Hospital in Pasay City, to Be Known as Pasay City General Hospital, and Authorizing the Appropriation of Funds Therefor",Pasay City General Hospital,,,1381100000,Metro Manila,found,0.95,town,,PASAY CITY GENERAL HOSPITAL,150,LEVEL 3,G,PASAY CITY GENERAL HOSPITAL
5955,1969-06-21,1969,6,establish,"An Act Providing for the Establishment of a General Hospital in the Municipality of La Trinidad, Province of Benguet, to Be Known as Benguet General Hospital, and Authorizing the Appropriation of Funds Therefor",Benguet General Hospital,,,1401110000,Benguet,found,0.95,town,,BENGUET GENERAL HOSPITAL,150,LEVEL 2,G,BENGUET GENERAL HOSPITAL
6056,1969-08-04,1969,6,establish,"An Act to Establish, Operate and Maintain a School of Nursing in the Doña Trinidad Bolivar Memorial Hospital in the Municipality of Pototan, Province of Iloilo, and Appropriate Funds Therefor",,,,0603037000,Iloilo,no_name,0.0,,,,,,,
6094,1969-08-04,1969,6,appropriate,An Act Authorizing the Appropriation of Three Hundred Thousand Pesos for the Maintenance and Operation of the Ziga Memorial Hospital.,,,,,,no_name,0.0,,,,,,,
6133,1970-08-31,1970,7,amend,"An Act Amending Republic Act Numbered Five Thousand Two Hundred Five, Entitled ""An Act Fixing the Salaries of Certain Positions in the Veterans Memorial Hospital""",,,,,,no_name,0.0,,,,,,,
6188,1971-06-19,1971,7,increase,"An Act Increasing the Bed Capacity of Batac General Hospital in the Municipality of Batac, Province of Ilocos Norte, and Appropriating Funds Therefor.",Batac General Hospital,,,0102805000,Ilocos Norte,found,0.98,town,Marcos Memorial Hospital | its Original Name Mariano Marcos Memorial Hospital,MARIANO MARCOS MEMORIAL HOSPITAL AND MEDICAL CENTER,400,LEVEL 3,G,MARIANO MARCOS MEMORIAL HOSPITAL AND MEDICAL CENTER
6195,1971-06-19,1971,7,rename,"An Act Changing the Name of Doña Trinidad Bolivar Memorial National Hospital in the Municipality of Pototan, Province of Iloilo, to Pototan National Hospital.",Doña Trinidad Bolivar Memorial National Hospital,,,0603037000,Iloilo,found,1.0,province,Pototan National Hospital | Western Visayas Regional Hospital,WESTERN VISAYAS MEDICAL CENTER,691,LEVEL 3,G,WESTERN VISAYAS MEDICAL CENTER
6196,1971-06-19,1971,7,increase,An Act Increasing the Bed Capacity of Ilocos Norte Provincial Hospital and Appropriating Funds Therefor.,,,,,,no_name,0.0,,,,,,,
6229,1971-06-19,1971,7,rename,"An Act Changing the Name of Batac General Hospital in the Municipality of Batac, Province of Ilocos Norte, to Marcos Memorial Hospital.",Batac General Hospital,,,0102805000,Ilocos Norte,found,0.98,town,Marcos Memorial Hospital | its Original Name Mariano Marcos Memorial Hospital,MARIANO MARCOS MEMORIAL HOSPITAL AND MEDICAL CENTER,400,LEVEL 3,G,MARIANO MARCOS MEMORIAL HOSPITAL AND MEDICAL CENTER
6246,1971-06-19,1971,7,establish,"An Act Providing for the Establishment of a General Hospital in the Province of Agusan del Sur, to Be Known as Agusan del Sur General Hospital, and Authorizing the Appropriation of Funds Therefor",Agusan del Sur General Hospital,,,,Agusan del Sur,not_found,0.28,,,,,,,BAYUGAN COMMUNITY HOSPITAL
6247,1971-06-19,1971,7,establish,"An Act Establishing a General Hospital in the City of Laoag, to Be Known as Laoag City General Hospital, and Authorizing the Appropriation of Funds Therefor.",Laoag City General Hospital,,,0102812000,Ilocos Norte,found,0.95,town,,LAOAG CITY GENERAL HOSPITAL,50,LEVEL 1,G,LAOAG CITY GENERAL HOSPITAL
6272,1971-06-19,1971,7,establish,"An Act Establishing an Emergency Hospital in the Municipality of Pandi, Province of Bulacan, and Appropriating Funds Therefor.",,,,0301415000,Bulacan,no_name,0.0,,,,,,,
6276,1971-06-19,1971,7,establish,"An Act Establishing an Emergency Hospital in the Municipality of La Paz, Province of Abra, to Be Known as the La Paz Emergency Hospital, and Appropriating Funds Therefor.",La Paz Emergency Hospital,,,1400108000,Abra,not_found,0.38,,,,,,,LA PAZ MUNICIPAL HOSPITAL
6279,1971-06-19,1971,7,establish,"An Act Establishing Emergency Hospitals in the Second Representative District of Albay, and Authorizing the Appropriation of Funds Therefor.",,,,,,no_name,0.0,,,,,,,
6284,1971-06-19,1971,7,establish,"An Act Providing for the Establishment of an Emergency Hospital in the Municipality of Madrid, Province of Surigao del Sur, and Appropriating Funds Therefor",,,,1606813000,Surigao del Sur,no_name,0.0,,,,,,,
6285,1971-06-19,1971,7,establish,"An Act Providing for the Establishment of an Emergency Hospital in the Municipality of Bislig, Province of Surigao del Sur, and Appropriating Funds Therefor.",,,,1606803000,Surigao del Sur,no_name,0.0,,,,,,,
6288,1971-06-19,1971,7,establish,"An Act Providing for the Establishment of a General Hospital in the Municipality of Samboan, Province of Cebu, to Be Known as Samboan General Hospital, and Authorizing the Appropriation of Funds Therefor.",Samboan General Hospital,,,0702240000,Cebu,not_found,0.2,,,,,,,PNP STATION HOSPITAL
6297,1971-06-19,1971,7,establish,"An Act Establishing an Emergency Hospital in the Municipality of Tanay, Province of Rizal, to Be Known as Tanay Emergency Hospital and Appropriating Funds Therefor.",Tanay Emergency Hospital,,,0405812000,Rizal,not_found,0.04,,,,,,,"ARMY STATION HOSPITAL, 2ND INFANTRY DIVISION, PHILIPPINE ARMY"
6298,1971-06-19,1971,7,establish,"An Act Establishing an Emergency Hospital in the Municipality of Potia, Province of Ifugao, to Be Known as Potia Emergency Hospital, and Appropriating Funds Therefor.",Potia Emergency Hospital,,,1402707000,Ifugao,not_found,0.36,,,,,,,POTIA DISTRICT HOSPITAL
6299,1971-06-19,1971,7,establish,"An Act Establishing an Emergency Hospital in the Municipality of Minglanilla, Province of Cebu and Appropriating Funds Therefor.",,,,0702232000,Cebu,no_name,0.0,,,,,,,
6302,1971-06-19,1971,7,establish,"An Act Establishing an Emergency Hospital in the Municipality of Sinait, Province of Ilocos Sur, and Appropriating Funds Therefor.",,,,0102930000,Ilocos Sur,no_name,0.0,,,,,,,
6304,1971-06-19,1971,7,establish,"An Act Establishing the Kitcharao Emergency Hospital in the Municipality of Kitcharao, Province of Agusan del Norte and Appropriating Funds Therefor.",Kitcharao Emergency Hospital,,,1600206000,Agusan del Norte,not_found,0.38,,,,,,,KITCHARAO DISTRICT HOSPITAL
6312,1971-06-19,1971,7,increase,"An Act Increasing the Bed Capacity of Aurora General Hospital in the Municipality of Aurora, Province of Zamboanga del Sur, and Authorizing the Appropriation of Funds Therefor.",Aurora General Hospital,,,0907302000,Zamboanga del Sur,not_found,0.43,,,,,,,AURORA MEMORIAL HOSPITAL
6316,1971-06-19,1971,7,establish,"An Act to Establish an Emergency Hospital in the Municipality of Pilar, in the Province of Sorsogon, to Be Known as Pilar Emergency Hospital, and to Appropriate Funds Therefor.",Pilar Emergency Hospital,,,0506213000,Sorsogon,not_found,0.34,,,,,,,BULAN MEDICARE HOSPITAL
6317,1971-06-19,1971,7,establish,"An Act Establishing an Emergency Hospital in the Municipality of Catarman, Camiguin Province, to Be Known as Catarman Emergency Hospital, and Appropriating Funds Therefor.",Catarman Emergency Hospital,,,1001801000,Camiguin,not_found,0.42,,Northern Samar General Hospital,,,,,NORTHERN SAMAR PROVINCIAL HOSPITAL
6322,1971-06-19,1971,7,establish,"An Act Providing for the Establishment of an Emergency Hospital in the Municipality of Abulug, Province of Cagayan, to Be Known as Abulug Emergency Hospital and Appropriating Funds Therefor.",Abulug Emergency Hospital,,,0201501000,Cagayan,not_found,0.38,,,,,,,GATTARAN EMERGENCY HOSPITAL
6323,1971-06-19,1971,7,convert,"An Act Converting Kabankalan Puericulture Center in the Municipality of Kabankalan, Province of Negros Occidental, into a Maternity Ane Emergency Hospital, and Appropriating Funds Therefor.","Kabankalan Puericulture Center in the Municipality of Kabankalan, Province of Negros Occidental, into a Maternity Ane Emergency Hospital",,,1804515000,Negros Occidental,not_found,0.0,,,,,,,
6324,1971-06-19,1971,7,increase,"An Act Increasing the Bed Capacity of Occidental Negros South General Hospital in the Municipality of Himamaylan, Province of Negros Occidental, and Authorizing the Appropriation of Funds Therefor.",Occidental Negros South General Hospital,,,1804510000,Negros Occidental,not_found,0.0,,,,,,,
6325,1971-06-19,1971,7,convert,An Act Converting the Nueva Ecija Provincial Hospital Into a National Hospital to Be Known as the Dr. Paulino J. Garcia Memorial Research and Medical Center.,Dr. Paulino J. Garcia Memorial Research and Medical Center,,,,,found,1.0,national,,DR. PAULINO J. GARCIA MEMORIAL RESEARCH & MEDICAL CENTER,600,LEVEL 3,G,DR. PAULINO J. GARCIA MEMORIAL RESEARCH & MEDICAL CENTER
6326,1971-06-19,1971,7,establish,"An Act Providing for the Establishment of an Emergency Hospital in the Municipality of Llorente, Province of Eastern Samar, to Be Known as the Llorente Emergency Hospital and Appropriating Funds Therefor.",Llorente Emergency Hospital,,,0802613000,Eastern Samar,not_found,0.39,,,,,,,LLORENTE MUNICIPAL HOSPITAL
6328,1971-06-19,1971,7,establish,"An Act Providing for the Establishment of an Emergency Hospital in the Municipality of Santa Marcela, Province of Kalinga-Apayao, and Appropriating Funds Therefor.",,,,1408107000,Apayao,no_name,0.0,,,,,,,
6329,1971-06-19,1971,7,establish,"An Act Establishing an Emergency Hospital in the Municipality of Calbiga, Province of Samar, to Be Known as the Calbiga Emergency Hospital and Appropriating Funds Therefor.",Calbiga Emergency Hospital,,,0806004000,Samar,no_place,0.0,,,,,,,
6332,1971-06-19,1971,7,establish,"An Act Establishing an Emergency Hospital in the Municipality of Casiguran, Province of Quezon, to Be Known as Casiguran Emergency Hospital, and Appropriating Funds Therefor.",Casiguran Emergency Hospital,,,0307702000,Aurora,not_found,0.38,,,,,,,CASIGURAN DISTRICT HOSPITAL
6337,1971-06-19,1971,7,establish,"An Act Establishing an Emergency Hospital in the Municipality of Pandan, Province of Antique, to Be Known as Northern Antique Emergency Hospital, and Appropriating Funds Therefor.",Northern Antique Emergency Hospital,,,0600611000,Antique,not_found,0.0,,,,,,,
6338,1971-06-19,1971,7,establish,"An Act Establishing An Emergency Hospital in the City of San Jose, to Be Known as San Jose Emergency Hospital and Appropriating Funds Therefor.",San Jose Emergency Hospital,,,0304926000,Nueva Ecija,not_found,0.38,,,,,,,SAN JOSE DISTRICT HOSPITAL
6343,1971-06-19,1971,7,convert,"An Act Converting the Emergency Hospital in the Municipality of Jordan, Subprovince of Guimaras, Iloilo, into a National Hospital to Be Known as Guimaras National Hospital and Appropriating Funds Therefor.",Guimaras National Hospital,,,0607902000,Guimaras,not_found,0.25,,,,,,,BUENAVISTA EMERGENCY HOSPITAL
6347,1971-06-19,1971,7,establish,"An Act Establishing an Emergency Hospital at Kilometer 90, Halsema Mountain Highway, Province of Benguet, to Be Known as Abatan Emergency Hospital, and Appropriating Funds Therefor.",Abatan Emergency Hospital,,,,Benguet,not_found,0.0,,,,,,,
6348,1971-06-19,1971,7,convert,"An Act Converting Urdaneta Emergency Hospital in the Municipality of Urdaneta, Province of Pangasinan, into a General Hospital and Appropriating Funds Therefor.",Urdaneta Emergency Hospital,,,0105546000,Pangasinan,not_found,0.38,,,,,,,URDANETA DISTRICT HOSPITAL
6349,1971-06-19,1971,7,establish,"An Act Providing for the Establishment of a Hospital in the Province of Sulu to Be Located in the Municipality of Siasi, to Be Known as Sulu Medical Center, and Authorizing the Appropriation of Funds Therefor.",Sulu Medical Center,,,1906612000,Sulu,not_found,0.26,,,,,,,SULU PROVINCIAL HOSPITAL
6350,1971-06-19,1971,7,establish,"An Act Providing for the Establishment of the Hilongos General Hospital in the Province of Leyte, and Authorizing the Appropriation of Funds Therefor.",,,,,Biliran;Leyte,no_name,0.0,,,,,,,
6351,1971-06-19,1971,7,convert,"An Act Converting Dona Trinidad Bolivar Memorial National Hospital in the Municipality of Pototan, Province of Iloilo, into a Regional Hospital to Be Known as Western Visayas Regional Hospital and Authorizing the Appropriation of Funds Therefor.",Western Visayas Regional Hospital,,,0603037000,Iloilo,found,1.0,province,,WESTERN VISAYAS MEDICAL CENTER,691,LEVEL 3,G,WESTERN VISAYAS MEDICAL CENTER
6354,1971-06-19,1971,7,convert,"An Act Converting Southern Leyte General Hospital in the Municipality of Maasin, Province of Southern Leyte, into a National General Hospital and Appropriating Funds Therefor.",Southern Leyte General Hospital,,,0806407000,Southern Leyte,not_found,0.26,,,,,,,SOGOD DISTRICT HOSPITAL
6375,1971-08-16,1971,7,create,"An Act Creating Tondo General Hospital and Medical Center, Defining its Purpose and Objectives, and for Other Purposes.",,,,,,no_name,0.0,,,,,,,
6376,1971-08-16,1971,7,convert,"An Act Converting the Calamba Emergency Hospital in the Municipality of Calamba, Province of Laguna, into a General Hospital to Be Known as Dr. Jose Rizal Memorial Hospital, and Appropriating Funds Therefor.",Dr. Jose Rizal Memorial Hospital,,,0403405000,Laguna,found,1.0,town,,DR. JOSE P. RIZAL MEMORIAL DISTRICT HOSPITAL,100,LEVEL 1,G,DR. JOSE P. RIZAL MEMORIAL DISTRICT HOSPITAL
6433,1972-06-17,1972,7,rename,"An Act Changing the Name of Hagonoy Emergency Hospital in the Municipality of Hagonoy, Province of Bulacan, to Mayor Emilio G. Perez Memorial Hospital.",Hagonoy Emergency Hospital,,,0301409000,Bulacan,found,1.0,town,Mayor Emilio G. Perez Memorial Hospital,EMILIO G. PEREZ MEMORIAL DISTRICT HOSPITAL,50,LEVEL 1,G,EMILIO G. PEREZ MEMORIAL DISTRICT HOSPITAL
6435,1972-06-17,1972,7,rename,"An Act Changing the Name of San Marcelino Emergency Hospital in the Municipality of San Marcelino, Province of Zambales, to Mayor Leopoldo F. Rabanes Memorial Hospital",San Marcelino Emergency Hospital,,,0307111000,Zambales,not_found,0.4,,Mayor Leopoldo F. Rabanes Memorial Hospital,,,,,SAN MARCELINO DISTRICT HOSPITAL
6438,1972-06-17,1972,7,rename,An Act Changing the Name of Occidental Negros Provincial Hospital in the City of Bacolod to Corazon Locsin-Montelibano Memorial Hospital.,Occidental Negros Provincial Hospital,,,1830200000,Negros Occidental,found,1.0,town,Corazon Locsin-Montelibano Memorial Hospital,CORAZON LOCSIN MONTELIBANO MEMORIAL REGIONAL HOSPITAL,400,LEVEL 3,G,CORAZON LOCSIN MONTELIBANO MEMORIAL REGIONAL HOSPITAL
6460,1972-06-17,1972,7,establish,"An Act Establishing an Emergency Hospital in the Municipality of Socorro, Province of Oriental Mindoro and Authorizing the Appropriation of Funds Therefor.",,,,1705214000,Oriental Mindoro,no_name,0.0,,,,,,,
6461,1972-06-17,1972,7,establish,"An Act Establishing an Emergency Hospital in the Municipality of Bansud, Province of Oriental Mindoro and Authorizing the Appropriation of Funds Therefor.",,,,1705202000,Oriental Mindoro,no_name,0.0,,,,,,,
6475,1972-06-17,1972,7,establish,"An Act Providing for the Establishment, Operation and Maintenance of an Emergency Hospital in the Municipality of Calabanga, Province of Camarines Sur, to Be Known as Calabanga Emergency Hospital, and Authorizing the Appropriation of the Necessary Funds Therefor.",Calabanga Emergency Hospital,,,0501708000,Camarines Sur,not_found,0.31,,,,,,,LIBMANAN DISTRICT HOSPITAL
6478,1972-06-17,1972,7,establish,"An Act Establishing an Emergency Hospital in the Municipality of Talakag, Province of Bukidnon, to Be Known as Talakag Emergency Hospital and Authorizing the Appropriation of Funds Therefor.",Talakag Emergency Hospital,,,1001320000,Bukidnon,not_found,0.19,,,,,,,CENTRAL MINDANAO UNIVERSITY HOSPITAL
6480,1972-06-17,1972,7,increase,"An Act Increasing the Bed Capacity of Surigao del Sur Provincial Hospital in the Municipality of Tandag, Province of Surigao del Sur, and Authorizing the Appropriation of Funds Therefor.",Surigao del Sur Provincial Hospital,,,1606819000,Surigao del Sur,found,1.0,town,Adela Serra Ty Memorial Hospital,ADELA SERRA TY MEMORIAL MEDICAL CENTER,200,LEVEL 3,G,ADELA SERRA TY MEMORIAL MEDICAL CENTER
6482,1972-06-17,1972,7,establish,"An Act Providing for the Establishment, Operation and Maintenance of an Emergency Hospital in the Municipality of Sipocot, Province of Camarines Sur, to Be Known as Sipocot Emergency Hospital, and Authorizing the Appropriation of the Necessary Funds Therefor.",Sipocot Emergency Hospital,,,0501734000,Camarines Sur,not_found,0.37,,,,,,,SIPOCOT DISTRICT HOSPITAL
6483,1972-06-17,1972,7,establish,"An Act Providing for the Establishment, Operation and Maintenance of an Emergency Hospital in the Municipality of del Gallego, Province of Camarines Sur, to Be Known as del Gallego Emergency Hospital, and Authorizing the Appropriation of the Necessary Funds Therefor.",del Gallego Emergency Hospital,,,,Camarines Sur,not_found,0.0,,,,,,,
6492,1972-06-17,1972,7,establish,"An Act Establishing an Emergency Hospital in the Municipality of Samal, Province of Davao del Norte, and Authorizing the Appropriation of Funds Therefor.",,,,1102317000,Davao del Norte,no_name,0.0,,,,,,,
6499,1972-06-17,1972,7,establish,"Act Establishing an Emergency Hospital in the Municipality of Liwan, Province of Kalinga-Apayao and Authorizing the Appropriation of Funds Therefor.",,,,1403211000,Kalinga,no_name,0.0,,,,,,,
6500,1972-06-17,1972,7,increase,"An Act Increasing the Bed Capacity of Placer Emergency Hospital in the Municipality of Placer, Province of Surigao del Norte, and Authorizing the Appropriation of Funds Therefor.",Placer Emergency Hospital,,,1606717000,Surigao del Norte,not_found,0.28,,,,,,,SOCORRO DISTRICT HOSPITAL
6501,1972-06-17,1972,7,convert,"An Act Converting E.T. Yuchengco Memorial Health Center in the Municipality of Bautista, Province of Pangasinan, into an Emergency Hospital to Be Known as the E.T. Yuchengco Memorial Emergency Hospital, and Appropriating Funds Therefor.",E.T. Yuchengco Memorial Emergency Hospital,,,0105510000,Pangasinan,not_found,0.0,,,,,,,
6503,1972-06-17,1972,7,establish,"An Act Establishing an Emergency Hospital in the Municipality of Tagkawayan, Province of Quezon, and Authorizing the Appropriation of Funds Therefor.",,,,0405646000,Quezon,no_name,0.0,,,,,,,
6505,1972-06-17,1972,7,establish,"An Act Establishing Tarlac General Hospital in the Municipality of Paniqui, Province of Tarlac, and Authorizing the Appropriation of Funds Therefor.",Tarlac General Hospital,,,0306910000,Tarlac,not_found,0.39,,,,,,,TARLAC PROVINCIAL HOSPITAL
6518,1972-07-22,1972,7,establish,"An Act Establishing an Emergency Hospital in the Municipality of Nasipit, Province of Agusan del Norte, to Be Known as Nasipit Emergency Hospital, and Authorizing the Appropriation of Funds Therefor.",Nasipit Emergency Hospital,,,1600209000,Agusan del Norte,not_found,0.37,,,,,,,NASIPIT DISTRICT HOSPITAL
6521,1972-07-22,1972,7,increase,"An Act Increasing the Bed Capacity of Zamboanga General Hospital in the City of Zamboanga, and Authorizing the Appropriation of Funds Therefor.",Zamboanga General Hospital,,,0931700000,Zamboanga del Sur,not_found,0.33,,,,,,,LABUAN GENERAL HOSPITAL
6527,1972-07-22,1972,7,amend,An Act Amending Republic Act Numbered Forty-Seven Hundred Sixty-Four By Merging Certain Hospitals in Tacloban City and Constituting Them Into a General Hospitals to Be Known as Speaker Daniel Z. Romualdez Memorial Hospital.,Speaker Daniel Z. Romualdez Memorial Hospital,,,0831600000,Leyte,not_found,0.33,,,,,,,GOV. BENJAMIN T. ROMUALDEZ GENERAL HOSPITAL AND SCHISTOSOMIASIS CENTER
6528,1972-07-22,1972,7,convert,"An Act Converting Siargao Community Hospital in the Municipality of Siargao, Province of Surigao del Norte, to a General Hospital to Be Known as Siargao General Hospital, and Authorizing the Appropriation of Funds Therefor.",Siargao General Hospital,,,,Dinagat Islands;Surigao del Norte,not_found,0.98,,,,,,,SIARGAO ISLAND MEDICAL CENTER
6542,1972-08-26,1972,7,other,An Act Standardizing the Salaries of Officials and Employees in the Veterans Memorial Hospital and Providing Funds Therefor.,,,,,,no_name,0.0,,,,,,,
6553,1972-09-30,1972,7,establish,"An Act Establishing an Emergency Hospital in the Western Part of the Municipality of Aparri, Province of Cagayan, and Authorizing the Appropriation of Funds Therefor.",,,,0201505000,Cagayan,no_name,0.0,,,,,,,
6555,1972-09-30,1972,7,establish,"An Act Establishing an Emergency Hospital in the Municipality of Santa, Province of Ilocos Sur, and Authorizing the Appropriation of Funds Therefor.",,,,0102922000,Ilocos Sur,no_name,0.0,,,,,,,
6556,1972-09-30,1972,7,establish,"An Act Providing for the Establishment of a National Emergency Hospital in the Municipality of Aborlan, Province of Palawan, and Appropriating Funds Therefor.",,,,1705301000,Palawan,no_name,0.0,,,,,,,
6558,1972-09-30,1972,7,establish,"An Act Establishing an Emergency Hospital in the Municipality of Pantukan, Province of Davao, to Be Known as Pantukan Emergency Hospital, and Authorizing the Appropriation of Funds Therefor.",Pantukan Emergency Hospital,,,,Davao Oriental;Davao del Norte;Davao del Sur,not_found,0.0,,,,,,,
6559,1972-09-30,1972,7,establish,"An Act Establishing an Emergency Hospital in the Municipality of Las Piñas, Province of Rizal, to Be Known as Las Piñas Emergency Hospital, and Authorizing the Appropriation of Funds Therefor.",Las Piñas Emergency Hospital,,,1380200000,Metro Manila,not_found,0.18,,,,,,,LAS PIÑAS GENERAL HOSPITAL & SATELLITE TRAUMA CENTER
6560,1972-09-30,1972,7,establish,"An Act Establishing an Emergency Hospital in the Municipality of Kapalong, Province of Davao, and Authorizing the Appropriation of Funds Therefor.",,,,1102305000,Davao del Norte,no_name,0.0,,,,,,,
6563,1972-09-30,1972,7,increase,"An Act Increasing the Bed Capacity of San Miguel Emergency Hospital, and Authorizing the Appropriation of Funds Therefor.",San Miguel Emergency Hospital,,,,,no_place,0.0,,,,,,,
6564,1972-09-30,1972,7,increase,"An Act Increasing the Bed Capacity of Zamboanga General Hospital in the City of Zamboanga, and Authorizing the Appropriation of Funds Therefor",Zamboanga General Hospital,,,0931700000,Zamboanga del Sur,not_found,0.33,,,,,,,LABUAN GENERAL HOSPITAL
6566,1972-09-30,1972,7,convert,"An Act Converting the Northern Isabela Hospital in the Municipality of Cabagan, Province of Isabela, into a General Hospital to Be Known as Milagros General Hospital and Authorizing the Appropriation of Funds Therefor.",Milagros General Hospital,,,0203106000,Isabela,found,0.98,town,,MILAGROS ALBANO DISTRICT HOSPITAL,50,LEVEL 1,G,MILAGROS ALBANO DISTRICT HOSPITAL
6567,1972-09-30,1972,7,establish,"An Act Establishing an Emergency Hospital in the Municipality of Lobo, Province of Batangas, to Be Known as the Lobo Emergency Hospital and Authorizing the Appropriation of Funds Therefor.",Lobo Emergency Hospital,,,0401015000,Batangas,not_found,0.37,,,,,,,LOBO MUNICIPAL HOSPITAL
6568,1972-09-30,1972,7,increase,"An Act Increasing the Bed Capacity of the Laguna Provincial Hospital Located in the Municipality of Sta. Cruz, Province of Laguna, and Authorizing the Appropriation of Funds Therefor.",Laguna Provincial Hospital,,,0403426000,Laguna,not_found,0.95,,,,,,,LAGUNA PROVINCIAL HOSPITAL - GENERAL CAILLES MEMORIAL DISTRICT HOSPITAL
6569,1972-09-30,1972,7,establish,"An Act Establishing a National Emergency Hospital in the Municipality of Marihatag, Province of Surigao del Sur, and Authorizing the Appropriation of Funds Therefor",,,,1606814000,Surigao del Sur,no_name,0.0,,,,,,,
6570,1972-09-30,1972,7,establish,"An Act Establishing an Emergency Hospital in the Municipality of Oton, Province of Iloilo, and Authorizing the Appropriation of Funds Therefor.",,,,0603034000,Iloilo,no_name,0.0,,,,,,,
6571,1972-09-30,1972,7,establish,"An Act Establishing Two Emergency Hospitals in the Province of Albay, One in the Municipality of Guinobatan and the Other in the Municipality of Oas, and Authorizing the Appropriation of Funds Therefor.",,,,0500504000;0500512000,Albay,no_name,0.0,,,,,,,
6572,1972-09-30,1972,7,convert,"An Act Converting the Provincial Hospital in the Municipality of Virac, Province of Catanduanes, into a General Hospital and Authorizing the Appropriation of Funds Therefor.",Provincial Hospital,,,0502011000,Catanduanes,not_found,0.34,,,,,,,CARAMORAN MUNICIPAL HOSPITAL
6573,1972-09-30,1972,7,establish,"An Act Establishing an Emergency Hospital in the Municipality of Balasan, Province of Iloilo, and Authorizing the Appropriation of Funds Therefor.",,,,0603005000,Iloilo,no_name,0.0,,,,,,,
6574,1972-09-30,1972,7,establish,"An Act Establishing a National Emergency Hospital in the Municipality of Lianga, Province of Surigao del Sur, to Be Known as Lianga National Emergency Hospital, and Authorizing the Appropriation of Funds Therefor.",Lianga National Emergency Hospital,,,1606811000,Surigao del Sur,not_found,0.33,,,,,,,LIANGA DISTRICT HOSPITAL
6575,1972-09-30,1972,7,increase,"An Act Increasing the Bed Capacity of Southern Samar General Hospital in the Municipality of Guiuan, Province of Eastern Samar, from Twenty-Five to Fifty Beds, and Authorizing the Appropriation of Funds Therefor.",Southern Samar General Hospital,25,50,0802609000,Eastern Samar,not_found,0.0,,,,,,,
6576,1972-09-30,1972,7,establish,"An Act Establishing an Emergency Hospital in the Municipality of Catigbian, Province of Bohol, to Be Known as Catigbian Emergency Hospital, and Authorizing the Appropriation of Funds Therefor.",Catigbian Emergency Hospital,,,0701213000,Bohol,not_found,0.38,,,,,,,CATIGBIAN DISTRICT HOSPITAL
6577,1972-09-30,1972,7,establish,"An Act Establishing an Emergency Hospital in the Municipality of Inabanga, Province of Bohol, to Be Known as Puyat Emergency Hospital and Authorizing the Appropriation of Funds Therefor.",Puyat Emergency Hospital,,,0701224000,Bohol,not_found,0.0,,,,,,,
6578,1972-09-30,1972,7,establish,"An Act Establishing an Emergency Hospital in the Municipality of Sta. Maria, Province of Laguna, to Be Known as Sta. Maria Emergency Hospital, and Authorizing the Appropriation of Funds Therefor.",Sta. Maria Emergency Hospital,,,0403427000,Laguna,not_found,0.36,,,,,,,SANTA ROSA COMMUNITY HOSPITAL
6579,1972-09-30,1972,7,increase,"An Act Increasing the Bed Capacity of Ziga Memorial Hospital in the Municipality of Tabaco, Province of Albay, and Authorizing the Appropriation of Funds Therefor.",Ziga Memorial Hospital,,,0500517000,Albay,found,0.98,town,,DR. LORENZO P. ZIGA MEMORIAL DISTRICT HOSPITAL,50,LEVEL 1,G,DR. LORENZO P. ZIGA MEMORIAL DISTRICT HOSPITAL
6580,1972-09-30,1972,7,convert,"An Act Converting Central Ilocos Sur Emergency Hospital in the Municipality of Narvacan, Province of Ilocos Sur, into a Fifty-Bed Capacity General Hospital to Be Known as Jacob-Laya General Hospital, and Authorizing the Appropriation of Funds Therefor.",Jacob-Laya General Hospital,,,0102914000,Ilocos Sur,not_found,0.0,,,,,,,
6581,1972-09-30,1972,7,increase,"An Act Increasing the Bed Capacity of Northwestern Leyte General Hospital in the Municipality of Calubian, Province of Leyte, and Authorizing the Appropriation of Funds Therefor.",Northwestern Leyte General Hospital,,,0803713000,Leyte,found,1.0,town,,NORTHWESTERN LEYTE DISTRICT HOSPITAL,12,INF/DISP,G,NORTHWESTERN LEYTE DISTRICT HOSPITAL
6582,1972-09-30,1972,7,establish,"An Act Establishing a Medical Center in Roxas City, to Be Known as the Capiz Medical Center, and Authorizing the Appropriation of Funds Therefor.",Capiz Medical Center,,,0601914000,Capiz,not_found,0.21,,,,,,,ROXAS MEDICARE HOSPITAL
6583,1972-09-30,1972,7,establish,"An Act Establishing an Emergency Hospital in Barrio Cumadcad in the Municipality of Castilla, Province of Sorsogon, to Be Known as Cumadcad Emergency Hospital",Cumadcad Emergency Hospital,,,0506206000,Sorsogon,not_found,0.0,,,,,,,
6584,1972-09-30,1972,7,establish,"An Act Establishing an Emergency Hospital in the Municipality of Victoria, Province of Tarlac, and Authorizing the Appropriation of Funds Therefor",,,,0306917000,Tarlac,no_name,0.0,,,,,,,
6588,1972-09-30,1972,7,establish,"An Act Establishing a School of Nursing and Midwifery in the Provincial Hospital of Samar Situated in Catbalogan, Province of Samar, and Authorizing the Appropriation of Funds Therefor.",,,,,Samar,no_name,0.0,,,,,,,
6594,1972-09-30,1972,7,increase,"An Act Increasing the Bed Capacity of Dona Gregoria Memorial Hospital in the Municipality of Agoo, Province of La Union, and Authorizing the Appropriation of Funds Therefor.",Dona Gregoria Memorial Hospital,,,0103301000,La Union,not_found,0.0,,,,,,,
6599,1972-10-23,1972,7,amend,"An Act Amending Section Two of Republic Act Numbered Twenty-Six Hundred Fifty-Nine by Increasing the Bed Capacity of Palompon General Hospital, and Authorizing the Appropriation of Additional Funds Therefor.",Palompon General Hospital,,,,,no_place,0.0,,,,,,,
6611,1972-10-23,1972,7,establish,"An Act Establishing an Emergency Hospital in the Municipality of Dinagat, Province of Surigao del Norte, to Be Known as Dinagat Emergency Hospital, and Authorizing the Appropriation of Funds Therefor.",Dinagat Emergency Hospital,,,1608503000,Dinagat Islands,not_found,0.37,,,,,,,DINAGAT DISTRICT HOSPITAL
6612,1972-10-23,1972,7,increase,"An Act Increasing the Bed Capacity of Dinagat Emergency Hospital in the Municipality of Dinagat, Province of Surigao del Norte, and Authorizing the Appropriation of Funds Therefor.",Dinagat Emergency Hospital,,,1608503000,Dinagat Islands,not_found,0.37,,,,,,,DINAGAT DISTRICT HOSPITAL
6615,1972-10-23,1972,7,other,An Act Requiring Government and Private Hospitals and Clinics to Extend Medical Assistance in Emergency Cases.,,,,,,no_name,0.0,,,,,,,
6616,1972-10-23,1972,7,establish,"An Act Providing for the Establishment of an Emergency Hospital in Barrio Calantac, Municipality of Alcala, Province of Cagayan, and Authorizing the Appropriation of Funds Therefor.",,,,0201502000,Cagayan,no_name,0.0,,,,,,,
6617,1972-10-23,1972,7,establish,"An Act Establishing an Emergency Hospital in the Municipality of Biri, Province of Northern Samar, and Authorizing the Appropriation of Funds Therefor.",,,,0804802000,Northern Samar,no_name,0.0,,,,,,,
6618,1972-10-23,1972,7,establish,"An Act Establishing an Emergency Hospital in the Municipality of Binidayan, Province of Lanao del Sur, and Authorizing the Appropriation of Funds Therefor.",,,,1903605000,Lanao del Sur,no_name,0.0,,,,,,,
6619,1972-10-23,1972,7,establish,"An Act Establishing an Emergency Hospital in the Municipality of Badian, Province of Cebu, to Be Known as the Badian Emergency Hospital, and Authorizing the Appropriation of Funds Therefor.",Badian Emergency Hospital,,,0702207000,Cebu,not_found,0.37,,,,,,,BADIAN DISTRICT HOSPITAL
6620,1972-10-23,1972,7,establish,"An Act Establishing an Emergency Hospital in the Municipality of Oslob, Province of Cebu, to Be Known as the Oslob Emergency Hospital, and Authorizing the Appropriation of Funds Therefor.",Oslob Emergency Hospital,,,0702235000,Cebu,not_found,0.36,,,,,,,OSLOB DISTRICT HOSPITAL
6621,1972-10-23,1972,7,establish,"An Act Establishing an Emergency Hospital in the Municipality of Arteche, Province of Eastern Samar, to Be Known as Arteche Emergency Hospital, and Authorizing the Appropriation of Funds Therefor.",Arteche Emergency Hospital,,,0802601000,Eastern Samar,not_found,0.37,,,,,,,ARTECHE DISTRICT HOSPITAL
6622,1972-10-23,1972,7,establish,"An Act Establishing a General Hospital in the Municipality of Naga, Province of Cebu, to Be Known as Naga General Hospital, and Authorizing the Appropriation of Funds Therefor.",Naga General Hospital,,,0702234000,Cebu,not_found,0.45,,,,,,,NAGA CITY GENERAL HOSPITAL
6623,1972-10-23,1972,7,establish,"An Act Establishing an Emergency Hospital in the Municipality of Maripipi, Sub-Province of Biliran, Province of Leyte, and Authorizing the Appropriation of Funds Therefor.",,,,0807807000,Biliran,no_name,0.0,,,,,,,
6624,1972-10-23,1972,7,increase,"An Act Increasing the Bed Capacity of the Western Leyte General Hospital in the Municipality of Baybay, Province of Leyte, from Fifty to Seventy-Five Beds, and Authorizing the Appropriation of Funds Therefor.",Western Leyte General Hospital,50,75,0803708000,Leyte,not_found,0.0,,,,,,,
6625,1972-10-23,1972,7,increase,"An Act Increasing the Bed Capacity Op the Ormoc General Hospital in the City of Ormoc from Fifty to Seventy-Five, and Authorizing the Appropriation of Funds Therefor.",,,,0803738000,Leyte,no_name,0.0,,,,,,,
6626,1972-10-23,1972,7,establish,"An Act Establishing an Emergency Hospital in the Municipality of Siaton, Province of Negros Oriental, and Authorizing the Appropriation of Funds Therefor.",,,,1804619000,Negros Oriental,no_name,0.0,,,,,,,
6771,1989-11-29,1989,8,rename,"An Act Changing the Name of the Dennis Molintas Municipal Hospital in the Municipality of Bokod, Province of Benguet, to Dennis Molintas Memorial Hospital",Dennis Molintas Municipal Hospital,,,1401104000,Benguet,found,1.0,town,,DENNIS MOLINTAS DISTRICT HOSPITAL,15,LEVEL 1,G,DENNIS MOLINTAS DISTRICT HOSPITAL
6772,1989-11-29,1989,8,rename,"An Act Changing the Name of the Balasan District Hospital in the Municipality of Balasan, Province of Iloilo, to Jesus M. Colmenares District Hospital",Balasan District Hospital,,,0603005000,Iloilo,found,1.0,town,Jesus M. Colmenares District Hospital,JESUS M. COLMENARES DISTRICT HOSPITAL,73,LEVEL 1,G,JESUS M. COLMENARES DISTRICT HOSPITAL
6780,1989-11-29,1989,8,rename,"An Act Changing the Name of the Central Luzon General Hospital Located in the Municipality of San Fernando, Province of Pampanga, to Jose B. Lingad Memorial General Hospital",Central Luzon General Hospital,,,0305416000,Pampanga,found,1.0,town,Jose B. Lingad Memorial General Hospital,JOSE B. LINGAD MEMORIAL GENERAL HOSPITAL,1033,LEVEL 3,G,JOSE B. LINGAD MEMORIAL GENERAL HOSPITAL
6781,1989-11-29,1989,8,rename,"An Act Changing the Name of the Loon District Hospital in the Municipality of Loon, Province of Bohol, to Congressman Natalio P. Castillo, Sr. Memorial Hospital",Loon District Hospital,,,0701230000,Bohol,found,1.0,town,"Congressman Natalio P. Castillo, Sr. Memorial Hospital","CONG. NATALIO P. CASTILLO, SR. MEMORIAL HOSPITAL",25,INF/DISP,G,"CONG. NATALIO P. CASTILLO, SR. MEMORIAL HOSPITAL"
6782,1989-11-29,1989,8,rename,"An Act Changing the Name of the Cagayan Provincial Hospital in the Municipality of Tuguegarao, Province of Cagayan, to Cagayan Valley Regional Hospital",Cagayan Provincial Hospital,,,0201529000,Cagayan,found,1.0,town,Cagayan Valley Regional Hospital,CAGAYAN VALLEY MEDICAL CENTER,700,LEVEL 3,G,CAGAYAN VALLEY MEDICAL CENTER
6783,1989-11-29,1989,8,rename,"An Act Changing the Name of the Upi Emergency Hospital in the Municipality of Upi, Province of Maguindanao, to Datu Blah T. Sinsuat District Hospital",Upi Emergency Hospital,,,1908713000,Maguindanao del Norte,found,1.0,town,Datu Blah T. Sinsuat District Hospital,DATU BLAH T. SINSUAT DISTRICT HOSPITAL,100,LEVEL 1,G,DATU BLAH T. SINSUAT DISTRICT HOSPITAL
6784,1989-11-29,1989,8,rename,"An Act Changing the Name of the Guagua District Hospital in the Municipality of Guagua, Province of Pampanga, to Pampanga Provincial Hospital",Guagua District Hospital,,,0305407000,Pampanga,not_found,0.39,,Pampanga Provincial Hospital,,,,,MABALACAT DISTRICT HOSPITAL
6786,1989-11-29,1989,8,rename,An Act Changing the Name of the National Orthopedic Hospital and Rehabilitation Medical Center in Quezon City to Philippine Orthopedic Center,National Orthopedic Hospital,,,1381300000,Metro Manila,found,0.98,town,,PHILIPPINE ORTHOPEDIC CENTER,700,LEVEL 3,G,PHILIPPINE ORTHOPEDIC CENTER
6788,1989-11-29,1989,8,rename,"An Act Changing the Name of the La Union Provincial Hospital in the Municipality of San Fernando, Province of La Union, to Ilocos Regional Hospital",La Union Provincial Hospital,,,0103314000,La Union,found,1.0,town,Ilocos Regional Hospital,ILOCOS TRAINING AND REGIONAL MEDICAL CENTER,306,LEVEL 3,G,ILOCOS TRAINING AND REGIONAL MEDICAL CENTER
6789,1989-11-29,1989,8,rename,An Act Changing the Name of the Dr. Efrain C. Montemayor Medical Center in Baguio City to Baguio General Hospital and Medical Center,Dr. Efrain C. Montemayor Medical Center,,,1430300000,Benguet,found,0.95,town,Baguio General Hospital,BAGUIO GENERAL HOSPITAL AND MEDICAL CENTER,600,LEVEL 3,G,BAGUIO GENERAL HOSPITAL AND MEDICAL CENTER
6792,1989-11-29,1989,8,rename,"An Act Changing the Name of the Nueva Ecija Provincial Hospital in San Jose City, Province of Nueva Ecija, to San Jose City General Hospital",Nueva Ecija Provincial Hospital,,,0304926000,Nueva Ecija,found,0.95,town,Dr. Paulino J. Garcia Memorial Research and Medical Center | San Jose City General Hospital,SAN JOSE CITY GENERAL HOSPITAL,50,LEVEL 1,G,SAN JOSE CITY GENERAL HOSPITAL
6793,1989-12-03,1989,8,rename,"An Act Changing the Name of the Batac General Hospital in the Municipality of Batac, Province of Ilocos Norte, to its Original Name Mariano Marcos Memorial Hospital, and for Some Other Purposes",Batac General Hospital,,,0102805000,Ilocos Norte,found,0.98,town,Marcos Memorial Hospital | its Original Name Mariano Marcos Memorial Hospital,MARIANO MARCOS MEMORIAL HOSPITAL AND MEDICAL CENTER,400,LEVEL 3,G,MARIANO MARCOS MEMORIAL HOSPITAL AND MEDICAL CENTER
6852,1990-02-24,1990,8,establish,"An Act Establishing a Municipal Hospital in the Municipality of Looc, Province of Romblon, to Be Known as the St. Joseph Municipal Hospital, and Appropriating Funds Therefor",St. Joseph Municipal Hospital,,,1705907000,Romblon,not_found,0.0,,,,,,,
6853,1990-02-24,1990,8,establish,"An Act Establishing a Ten-Bed Municipal Hospital in the Municipality of Sitangkai, Province of Tawi-Tawi, to Be Known as the Datu Alawadin T. Bandon, Sr. Municipal Hospital, and Appropriating Funds Therefor",,,,1907005000,Tawi-Tawi,no_name,0.0,,,,,,,
6854,1990-02-24,1990,8,establish,"An Act Establishing a Ten-Bed Municipal Hospital in the Municipality of Villaba, Province of Leyte, to Be Known as the Villaba Municipal Hospital, and Appropriating Funds Therefor",Villaba Municipal Hospital,,,0803751000,Leyte,not_found,0.4,,,,,,,VILLABA COMMUNITY HOSPITAL
6855,1990-02-24,1990,8,establish,"An Act Establishing a Ten-Bed Municipal Hospital in the Municipality of Gigaquit, Province of Surigao del Norte, to Be Known as the Gigaquit Municipal Hospital and Appropriating Funds Therefor",Gigaquit Municipal Hospital,,,1606711000,Surigao del Norte,not_found,0.29,,,,,,,MAINIT DISTRICT HOSPITAL
6856,1990-03-01,1990,8,establish,"An Act Establishing a Ten-Bed Municipal Hospital in Barangay Binakayan, Municipality of Kawit, Province of Cavite, to Be Known as the Binakayan Municipal Hospital, and Appropriating Funds Therefor",Binakayan Municipal Hospital,,,0402111000,Cavite,not_found,0.0,,,,,,,
6857,1990-03-01,1990,8,establish,"An Act Establishing a Ten-Bed Municipal Hospital in the Municipality of Kauswagan, Province of Lanao del Norte, to Be Known as the Kauswagan Municipal Hospital, and Appropriating Funds Therefor",Kauswagan Municipal Hospital,,,1003507000,Lanao del Norte,not_found,0.42,,,,,,,KAUSWAGAN PROVINCIAL HOSPITAL
6858,1990-03-01,1990,8,establish,"An Act Establishing a Ten-Bed Municipal Hospital in the Municipality of San Fernando, Province of Bukidnon, to Be Known as the San Fernando Municipal Hospital, and Appropriating Funds Therefor",San Fernando Municipal Hospital,,,1001318000,Bukidnon,not_found,0.26,,,,,,,BUKIDNON PROVINCIAL HOSPITAL- KIBAWE
6859,1990-03-01,1990,8,establish,"An Act Establishing a Ten-Bed Municipal Hospital in the Municipality of Naujan, Province of Oriental Mindoro, to Be Known as the Naujan Municipal Hospital, and Appropriating Funds Therefor",Naujan Municipal Hospital,,,1705208000,Oriental Mindoro,not_found,0.4,,,,,,,NAUJAN COMMUNITY HOSPITAL
6860,1990-03-01,1990,8,establish,"An Act Establishing a Ten-Bed Municipal Hospital in Barangay Parasanon, Municipality of Pinabacdao, Province of Samar, to Be Known as the Pinabacdao Municipal Hospital, and Appropriating Funds Therefor",Pinabacdao Municipal Hospital,,,0806013000,Samar,no_place,0.0,,,,,,,
6862,1990-03-08,1990,8,establish,"An Act Establishing a District Hospital in the City of Cadiz, Province of Negros Occidental, to Be Known as the Cadiz District Hospital, and Appropriating Funds Therefor",Cadiz District Hospital,,,1804504000,Negros Occidental,found,0.95,town,,CADIZ DISTRICT HOSPITAL,50,LEVEL 1,G,CADIZ DISTRICT HOSPITAL
6863,1990-03-08,1990,8,establish,"An Act Establishing a Ten-Bed Municipal Hospital in the Municipality of Kibawe, Province of Bukidnon, to Be Known as the Kibawe Municipal Hospital, and Appropriating Funds Therefor",Kibawe Municipal Hospital,,,1001308000,Bukidnon,not_found,0.28,,,,,,,BUKIDNON PROVINCIAL HOSPITAL- KIBAWE
6864,1990-03-08,1990,8,establish,"An Act Establishing a Ten-Bed Municipal Hospital in the Municipality of Malabon, Metro Manila, to Be Known as the Saint Lorenzo Ruiz Municipal Hospital, and Appropriating Funds Therefor",Saint Lorenzo Ruiz Municipal Hospital,,,1380400000,Metro Manila,found,0.67,town,,SAN LORENZO RUIZ GENERAL HOSPITAL,100,LEVEL 2,G,SAN LORENZO RUIZ GENERAL HOSPITAL
6865,1990-03-08,1990,8,establish,"An Act Establishing a Ten-Bed Municipal Hospital in the Municipality of Kasibu, Province of Nueva Vizcaya, to Be Known as the Kasibu Municipal Hospital, and Appropriating Funds Therefor",Kasibu Municipal Hospital,,,0205009000,Nueva Vizcaya,found,0.95,town,,KASIBU MUNICIPAL HOSPITAL,10,INF/DISP,G,KASIBU MUNICIPAL HOSPITAL
6866,1990-03-08,1990,8,establish,"An Act Establishing a Municipal Hospital in the Municipality of Dinas, Province of Zamboanga del Sur, to Be Known as the Dinas Municipal Hospital, and Appropriating Funds Therefor",Dinas Municipal Hospital,,,0907306000,Zamboanga del Sur,not_found,0.4,,"Don Santiago A. Nahial, Sr. Memorial Hospital",,,,,MAHAYAG MUNICIPAL HOSPITAL
6867,1990-03-08,1990,8,establish,"An Act Establishing a Ten-Bed Municipal Hospital in the Municipality of San Francisco, Province of Quezon, to Be Known as the San Francisco Municipal Hospital, and Appropriating, Funds Therefor",San Francisco Municipal Hospital,,,0405642000,Quezon,not_found,0.31,,,,,,,CALAUAG MUNICIPAL HOSPITAL (INFIRMARY)
6868,1990-03-08,1990,8,establish,"An Act Establishing a Ten-Bed City Hospital in the City of Mandaue, Province of Cebu, to Be Known as the Mandaue City Hospital, and Appropriating Funds Therefor",Mandaue City Hospital,,,0731300000,Cebu,found,0.95,town,,MANDAUE CITY HOSPITAL,25,LEVEL 1,G,MANDAUE CITY HOSPITAL
6869,1990-03-08,1990,8,establish,"An Act Establishing a Ten-Bed Municipal Hospital in the Municipality of Cortes, Province of Surigao del Sur, to Be Known as the Cortes Municipal Hospital, and Appropriating Funds Therefor",Cortes Municipal Hospital,,,1606808000,Surigao del Sur,found,0.95,town,,CORTES MUNICIPAL HOSPITAL,10,INF/DISP,G,CORTES MUNICIPAL HOSPITAL
6870,1990-03-08,1990,8,establish,"An Act Establishing a Ten-Bed Municipal Hospital in the Municipality of San Joaquin, Province of Iloilo, to Be Known as the San Joaquin Municipal Hospital, and Appropriating Funds Therefor",San Joaquin Municipal Hospital,,,0603040000,Iloilo,not_found,0.27,,,,,,,SAN JOAQUIN MOTHER AND CHILD HOSPITAL
6871,1990-03-08,1990,8,establish,"An Act Establishing a Ten-Bed Municipal Hospital in the Municipality of Tulunan, Province of Cotabato, to Be Known as the Father Tulio Favali Municipal Hospital, and Appropriating Funds Therefor",Father Tulio Favali Municipal Hospital,,,1204714000,Cotabato,found,0.67,town,,FR. TULIO FAVALI MUNICIPAL HOSPITAL,10,INF/DISP,G,FR. TULIO FAVALI MUNICIPAL HOSPITAL
6872,1990-03-08,1990,8,establish,"An Act Establishing a Ten-Bed Municipal Hospital in the Municipality of Babatngon, Province of Leyte, to Be Known as the Babatngon Municipal Hospital, and Appropriating Funds Therefor",Babatngon Municipal Hospital,,,0803705000,Leyte,not_found,0.43,,,,,,,KANANGA MUNICIPAL HOSPITAL
6873,1990-03-08,1990,8,establish,"An Act Establishing a Ten-Bed Municipal Hospital in the Municipality of Lake Sebu, Province of South Cotabato, to Be Known as the Lake Sebu Municipal Hospital, and Appropriating Funds Therefor",Lake Sebu Municipal Hospital,,,1206319000,South Cotabato,not_found,0.38,,,,,,,POLOMOLOK MUNICIPAL HOSPITAL
6874,1990-03-08,1990,8,establish,"An Act Establishing a Ten-Bed Municipal Hospital in the Municipality of Las Nieves, Province of Agusan del Norte, to Be Known as the Las Nieves Municipal Hospital, and Appropriating Funds Therefor",Las Nieves Municipal Hospital,,,1600207000,Agusan del Norte,found,0.95,town,,LAS NIEVES MUNICIPAL HOSPITAL,10,INF/DISP,G,LAS NIEVES MUNICIPAL HOSPITAL
6875,1990-03-08,1990,8,establish,"An Act Establishing a Ten-Bed Municipal Hospital in Barangay Tinongdan, Municipality of Itogon, Province of Benguet, to Be Known as the Itogon Municipal Hospital, and Appropriating Funds Therefor",Itogon Municipal Hospital,,,1401106000,Benguet,not_found,0.37,,,,,,,ITOGON DISTRICT HOSPITAL
6876,1990-03-08,1990,8,establish,"An Act Establishing a Municipal Hospital in Barangay Si-It, Municipality of Tanudan, Province of Kalinga-Apayao, to Be Known as the Tanudan Municipal Hospital, and Appropriating Funds Therefor",Tanudan Municipal Hospital,,,1403214000,Kalinga,not_found,0.32,,,,,,,KALINGA PROVINCIAL HOSPITAL
6877,1990-03-08,1990,8,establish,"An Act Establishing a Ten-Bed Extension Hospital in Barangay San Antonio, Municipality of Ilagan, Province of Isabela, to Be Known as the Isabela Provincial Extension Hospital, and Appropriating Funds Therefor",Isabela Provincial Extension Hospital,,,0203114000,Isabela,not_found,0.0,,,,,,,
6878,1990-03-08,1990,8,other,"An Act Establlshing a Ten-Bed Municipal Hospital in the Municipality of Sibutad, Province of Zamboanga del Norte, to Be Known as the Sibutad Municipal Hospital, and Appropriating Funds Therefor",Sibutad Municipal Hospital,,,0907217000,Zamboanga del Norte,found,0.95,town,,SIBUTAD MUNICIPAL HOSPITAL,10,INF/DISP,G,SIBUTAD MUNICIPAL HOSPITAL
6879,1990-03-08,1990,8,establish,"An Act Establishing a Ten-Bed Municipal Hospital in the Municipality of Ocampo, Province of Camarines Sur, to Be Known as the Ocampo Municipal Hospital, and Appropriating Funds Therefor",Ocampo Municipal Hospital,,,0501725000,Camarines Sur,found,0.95,town,,OCAMPO MUNICIPAL HOSPITAL,10,INF/DISP,G,OCAMPO MUNICIPAL HOSPITAL
6880,1990-03-08,1990,8,establish,"An Act Establishing a Ten-Bed Municipal, Hospital in the Municipality of Mapandan, Province of Pangasinan, to Be Known as the Mapandan Municipal Hospital, and Appropriating Funds Therefor",Mapandan Municipal Hospital,,,0105528000,Pangasinan,not_found,0.41,,,,,,,MAPANDAN COMMUNITY HOSPITAL
6881,1990-03-08,1990,8,establish,"An Act Establishing a Ten-Bed Municipal Hospital in the Municipality of Manaoag, Province of Pangasinan, to Be Known as the Manaoag Municipal Hospital, and Appropriating Funds Therefor",Manaoag Municipal Hospital,,,0105525000,Pangasinan,not_found,0.41,,,,,,,MALASIQUI MUNICIPAL HOSPITAL
6882,1990-03-08,1990,8,establish,"An Act Establishing a Ten-Bed Municipal Hospital in the Municipality of San Juan, Metro Manila, to Be Known as the San Juan Municipal Hospital, and Appropriating Funds Therefor",San Juan Municipal Hospital,,,1381400000,Metro Manila,not_found,0.38,,,,,,,SAN JUAN DISTRICT HOSPITAL
6883,1990-03-08,1990,8,establish,"An Act Establishing a Ten-Bed Municipal Hospital in the Municipality of Hunduan, Province of Ifugao, to Be Known as the Hungduan Municipal Hospital, and Appropriating Funds Therefor",Hungduan Municipal Hospital,,,1402702000,Ifugao,found,0.95,town,,HUNGDUAN MUNICIPAL HOSPITAL,10,INF/DISP,G,HUNGDUAN MUNICIPAL HOSPITAL
6884,1990-03-08,1990,8,convert,"An Act Converting the Kananga Rural Health Center in the Municipality of Kananga, Province of Leyte, into a Ten-Bed Municipal Hospital to Be Known as the Kananga Municipal Hospital, and Appropriating Funds Therefor",Kananga Municipal Hospital,,,0803726000,Leyte,found,0.95,town,,KANANGA MUNICIPAL HOSPITAL,10,INF/DISP,G,KANANGA MUNICIPAL HOSPITAL
6885,1990-03-08,1990,8,establish,"An Act Establishing a Ten-Bed Municipal Hospital in the Municipality of Laurel, Province of Batangas, to Be Known as the Laurel Municipal Hospital, and Appropriating Funds Therefor",Laurel Municipal Hospital,,,0401011000,Batangas,not_found,0.42,,,,,,,LOBO MUNICIPAL HOSPITAL
6886,1990-03-08,1990,8,establish,"An Act Establishing a Ten-Bed Municipal Hospital in the Municipality of Aroroy, Province of Masbate, to Be Known as the Aroroy Municipal Hospital, and Appropriating Funds Therefor",Aroroy Municipal Hospital,,,0504101000,Masbate,found,0.95,town,,AROROY MUNICIPAL HOSPITAL,14,INF/DISP,G,AROROY MUNICIPAL HOSPITAL
6887,1990-03-08,1990,8,establish,"An Act Establishing a Ten-Bed Municipal Hospital in the Municipality of Lobo, Province of Batangas, to Be Known as the Lobo Municipal Hospital, and Appropriating Funds Therefor",Lobo Municipal Hospital,,,0401015000,Batangas,found,0.95,town,,LOBO MUNICIPAL HOSPITAL,14,LEVEL 1,G,LOBO MUNICIPAL HOSPITAL
6888,1990-03-08,1990,8,establish,"An Act Establishing a Ten-Bed Municipal, Hospital in the Municipality of Lingayen, Province of Pangasinan, to Be Known as the Lingayen Municipal Hospital, and Appropriating Funds Therefor",Lingayen Municipal Hospital,,,0105522000,Pangasinan,not_found,0.38,,,,,,,MALASIQUI MUNICIPAL HOSPITAL
6889,1990-03-08,1990,8,establish,"An Act Establishing a Ten-Bed Municipal Hospital in the Municipality of Pantao-Ragat, Province of Lanao del Norte, to Be Known as the Pantao-Ragat Municipal Hospital, and Appropriating Funds Therefor",Pantao-Ragat Municipal Hospital,,,1003516000,Lanao del Norte,not_found,0.35,,,,,,,KAPATAGAN PROVINCIAL HOSPITAL
6890,1990-03-08,1990,8,create,"An Act Creating a Ten-Bed Municipal Hospital with the Necessary Equipment and Supplies in the Municipality of Hinoba-an, Province of Negros Occidental, to Be Known as the Hinoba-an Municipal Hospital, and Appropriating Funds Therefor",Hinoba-an Municipal Hospital,,,1804512000,Negros Occidental,not_found,0.38,,,,,,,HINOBA-AN DISTRICT HOSPITAL
6891,1990-03-08,1990,8,establish,"An Act Establishing a Ten-Bed Municipal Hospital in the Municipality of Dasol, Province of Pangasinan, to Be Known as the Dasol Municipal Hospital, and Appropriating Funds Therefor",Dasol Municipal Hospital,,,0105519000,Pangasinan,not_found,0.4,,,,,,,MALASIQUI MUNICIPAL HOSPITAL
6892,1990-03-08,1990,8,establish,"An Act Establishing a Ten-Bed Municipal Hospital in the Municipality of Pozorrubio, Province of Pangasinan, to Be Known as the Pozorrubio Municipal Hospital, and Appropriating Funds Therefor",Pozorrubio Municipal Hospital,,,0105530000,Pangasinan,not_found,0.41,,,,,,,POZORRUBIO COMMUNITY HOSPITAL
6893,1990-03-08,1990,8,establish,"An Act Establishing a Ten-Bed Municipal Hospital in the Municipality of Antipolo, Province of Rizal, to Be Known as the Antipolo Municipal Hospital, and Appropriating Funds Therefor",Antipolo Municipal Hospital,,,0405802000,Rizal,not_found,0.21,,,,,,,ANTIPOLO CITY HOSPITAL SYSTEM - CABADING
6894,1990-03-08,1990,8,establish,"An Act Establishing a Ten-Bed Municipal Hospital in the Municipality of Calatrava, Province of Negros Occidental, to Be Known as the Calatrava Municipal Hospital, and Appropriating Funds Therefor",Calatrava Municipal Hospital,,,1804505000,Negros Occidental,found,0.95,town,,CALATRAVA MUNICIPAL HOSPITAL,10,INF/DISP,G,CALATRAVA MUNICIPAL HOSPITAL
6895,1990-03-08,1990,8,establish,"An Act Establishing a Ten-Bed Extension Hospital in the Historic Island of Homonhon, Municipality of Guiuan, Province of Eastern Samar, to Be Known as the Southern Samar Extension General Hospital, and Appropriating Funds Therefor",Southern Samar Extension General Hospital,,,0802609000,Eastern Samar,not_found,0.0,,,,,,,
6896,1990-03-08,1990,8,establish,"An Act Establishing a Ten-Bed Extension Hospital in Poon-Bato, Municipality of Botolan, Province of Zambales, to Be Known as the President Ramon Magsaysay Memorial Extension Hospital, and Appropriating Funds Therefor",President Ramon Magsaysay Memorial Extension Hospital,,,0307101000,Zambales,not_found,0.67,,,,,,,PRESIDENT RAMON MAGSAYSAY MEMORIAL HOSPITAL
6897,1990-03-08,1990,8,establish,"An Act Establishing a Ten-bed Extension Hospital in Barangay Guba, Cebu City, to Be Known as the Southern Island Extension Hospital II, and Appropriating Funds Therefor",Southern Island Extension Hospital II,,,0730600000,Cebu,not_found,0.0,,,,,,,
6898,1990-03-09,1990,8,establish,"An Act Establishing a Ten-Bed Municipal Hospital in the Municipality of Don Marcelino, Province of Davao del Sur, to Be Known as the Don Marcelino Municipal Hospital, and Appropriating Funds Therefor",Don Marcelino Municipal Hospital,,,1108601000,Davao Occidental,not_found,0.37,,,,,,,SARANGANI MUNICIPAL HOSPITAL
6899,1990-03-09,1990,8,establish,"An Act Establishing a Ten-Bed Municipal Hospital in the Municipality of Dumaran, Province of Palawan, to Be Known as the Dumaran Municipal Hospital, and Appropriating Funds Therefor",Dumaran Municipal Hospital,,,1705311000,Palawan,not_found,0.44,,,,,,,NARRA MUNICIPAL HOSPITAL
6900,1990-03-09,1990,8,establish,"An Act Establishing a Ten-Bed Municipal Hospital in the Municipality of Maragusan, Province of Davao del Norte, to Be Known as the Maragusan Municipal Hospital, and Appropriating Funds Therefor",Maragusan Municipal Hospital,,,1108205000,Davao de Oro,not_found,0.29,,,,,,,SAN MARIANO COMMUNITY HOSPITAL
6901,1990-03-09,1990,8,establish,"An Act Establishing a Ten-Bed Municipal Hospital in the Municipality of President Carlos P. Garcia, Province of Bohol, to Be Known as the President Carlos P. Garcia Municipal Hospital, and Appropriating Funds Therefor",President Carlos P. Garcia Municipal Hospital,,,0701235000,Bohol,not_found,0.95,,,,,,,PRES. CARLOS P. GARCIA MUNICIPAL HOSPITAL
6902,1990-03-09,1990,8,establish,"An Act Establishing a Ten-Bed Municipal Hospital in Barangay Tamdagan, Municipality of Vintar, Province of Ilocos Norte, to Be Known as the Vintar Municipal Hospital, and Appropriating Funds Therefor",Vintar Municipal Hospital,,,0102823000,Ilocos Norte,not_found,0.3,,,,,,,DINGRAS DISTRICT HOSPITAL
6903,1990-03-09,1990,8,establish,"An Act Establishing a Ten-Bed Municipal Hospital in the Municipality of Matalum, Province of Leyte, to Be Known as the Matalum Municipal Hospital, and Appropriating Funds Therefor",Matalum Municipal Hospital,,,,Biliran;Leyte,not_found,0.0,,,,,,,
6904,1990-03-09,1990,8,establish,"An Act Establishing a Ten-Bed Municipal Hospital in Barangay Kulaman (Townsite of the Proposed New Municipality of Senator Benigno Aquino, Jr. Under House Bill No. 78), Municipality of Bagumbayan, Province of Sultan Kudarat, to Be Known as the Senator Benigno Aquino, Jr. Municipal Hospital, and Appropriating Funds Therefor",,,,1206501000,Sultan Kudarat,no_name,0.0,,,,,,,
6905,1990-03-09,1990,8,establish,"An Act Establishing a Ten-Bed Municipal Hospital in the Municipality of Pasig, Metro Manila, to Be Known as the Pasig Municipal Hospital, and Appropriating Funds Therefor",Pasig Municipal Hospital,,,1381200000,Metro Manila,not_found,0.37,,,,,,,PASIG CITY GENERAL HOSPITAL
6906,1990-03-09,1990,8,establish,"An Act Establishing a Ten-Bed Municipal Hospital in the Municipality of Dimasalang, Province of Masbate, to Be Known as the Moises Espinosa Memorial Municipal Hospital, and Appropriating Funds Therefor",Moises Espinosa Memorial Municipal Hospital,,,0504108000,Masbate,found,1.0,town,,MOISES R. ESPINOSA SR. MEMORIAL MUNICIPAL HOSPITAL,10,INF/DISP,G,MOISES R. ESPINOSA SR. MEMORIAL MUNICIPAL HOSPITAL
6907,1990-03-09,1990,8,establish,"An Act Establishing a Ten-Bed Municipal Hospital in the Municipality of Oslob, Province of Cebu, to Be Known as the Oslob Municipal Hospital, and Appropriating Funds Therefor",Oslob Municipal Hospital,,,0702235000,Cebu,not_found,0.36,,,,,,,OSLOB DISTRICT HOSPITAL
6908,1990-03-09,1990,8,establish,"An Act Establishing a Ten-Bed Municipal Hospital in the Municipality of San Vicente, Province of Northern Samar, to Be Known as the San Vicente Municipal Hospital, and Appropriating Funds Therefor",San Vicente Municipal Hospital,,,0804821000,Northern Samar,not_found,0.39,,,,,,,SAN VICENTE DISTRICT HOSPITAL
6909,1990-03-09,1990,8,establish,"An Act Establishing a Ten-Bed Municipal Hospital in the Municipality of Manito, Province of Albay, to Be Known as the Manito Municipal Hospital, and Appropriating Funds Therefor",Manito Municipal Hospital,,,0500511000,Albay,found,0.95,town,,MANITO MUNICIPAL HOSPITAL,18,INF/DISP,G,MANITO MUNICIPAL HOSPITAL
6910,1990-03-09,1990,8,establish,"An Act Establishing a Ten-Bed Municipal Hospital in the Municipality of Bulalacao, Province of Oriental Mindoro, to Be Known as the Bulalacao Municipal Hospital, and Appropriating Funds Therefor",Bulalacao Municipal Hospital,,,1705204000,Oriental Mindoro,not_found,0.41,,,,,,,BULALACAO COMMUNITY HOSPITAL
6911,1990-03-09,1990,8,establish,"An Act Establishing a Ten-Bed Municipal Hospital in the Municipality of Sibuco, Province of Zamboanga del Norte, to Be Known as the Sibuco Municipal Hospital, and Appropriating Funds Therefore",Sibuco Municipal Hospital,,,0907216000,Zamboanga del Norte,not_found,0.45,,,,,,,SIBUTAD MUNICIPAL HOSPITAL
6912,1990-03-09,1990,8,establish,"An Act Establishing a Ten-Bed Municipal Hospital in the Municipality of Governor Generoso, Province of Davao Oriental, to Be Known as the Governor Generoso Municipal Hospital, and Appropriating Funds Therefor",Governor Generoso Municipal Hospital,,,1102506000,Davao Oriental,not_found,0.22,,,,,,,AWUYON COMMUNITY MUNICIPAL HOSPITAL
6913,1990-03-09,1990,8,establish,"An Act Establishing a Ten-Bed Municipal Hospital in the Municipality of Claveria, Province of Misamis Oriental, to Be Known as the Claveria Municipal Hospital, and Appropriating Funds Therefor",Claveria Municipal Hospital,,,1004306000,Misamis Oriental,not_found,0.4,,,,,,,JASAAN MUNICIPAL HOSPITAL
6914,1990-03-09,1990,8,establish,"An Act Establishing a Ten-Bed Municipal Hospital in the Municipality of Maasim, Province of South Cotabato, to Be Known as the Maasim Municpal Hospital, and Appropriating Funds Therefor",Maasim Municpal Hospital,,,1208004000,Sarangani,not_found,0.0,,,,,,,
6915,1990-03-09,1990,8,establish,"An Act Establishing a Ten-Bed Municipal Hospital in the Municipality of Jabonga, Province of Agusan del Norte, to Be Known as the Jabonga Municipal Hospital, and Appropriating Funds Therefor",Jabonga Municipal Hospital,,,1600205000,Agusan del Norte,found,0.95,town,,JABONGA MUNICIPAL HOSPITAL,10,INF/DISP,G,JABONGA MUNICIPAL HOSPITAL
6916,1990-03-09,1990,8,establish,"An Act Establishing a Ten-Bed Municipal Hospital in the Municipality of Abra de Ilog, Province of Occidental Mindoro, to Be Known as the Abra de Ilog Municipal Hospital, and Appropriating Funds Therefor",Abra de Ilog Municipal Hospital,,,1705101000,Occidental Mindoro,not_found,0.95,,,,,,,ABRA DE ILOG MUNICIPAL HOSPITAL
6917,1990-03-09,1990,8,establish,"An Act Establishing a Ten-Bed Municipal Hospital in the Municipality of Narra, Province of Palawan, to Be Known as the Narra Municipal Hospital, and Appropriating Funds Therefor",Narra Municipal Hospital,,,1705315000,Palawan,found,0.95,town,,NARRA MUNICIPAL HOSPITAL,50,LEVEL 1,G,NARRA MUNICIPAL HOSPITAL
6918,1990-03-09,1990,8,establish,"An Act Establishing a Ten-Bed Municipal Hospital in the Municipality of Dinaig, Province of Maguindanao, to Be Known as the Dinaig Municipal Hospital, and Appropriating Funds Therefor",Dinaig Municipal Hospital,,,1908705000,Maguindanao del Norte,not_found,0.27,,,,,,,DATU ODIN SINSUAT DISTRICT HOSPITAL
6919,1990-03-09,1990,8,establish,"An Act Establishing a Ten-Bed Municipal Hospital in the Municipality of Kalilangan, Province of Bukidnon, to Be Known as the Kalilangan Municipal Hospital, and Appropriating Funds Therefor",Kalilangan Municipal Hospital,,,1001307000,Bukidnon,not_found,0.3,,,,,,,BUKIDNON PROVINCIAL HOSPITAL- KIBAWE
6920,1990-03-09,1990,8,establish,"An Act Establishing a Ten-Bed Municipal Hospital in Barangay San Ramon, City of Iriga, Province of Camarines Sur, to Be Known as the San Ramon Municipal Hospital, and Appropriating Funds Therefor",San Ramon Municipal Hospital,,,0501716000,Camarines Sur,not_found,0.0,,,,,,,
6921,1990-03-09,1990,8,establish,"An Act Establishing a Ten-Bed Municipal Hospital in the Municipality of Olutanga, Province of Zamboanga del Sur, to Be Known as the Olutanga Municipal Hospital, and Appropriating Funds Therefor",Olutanga Municipal Hospital,,,0908310000,Zamboanga Sibugay,found,0.95,town,,OLUTANGA MUNICIPAL HOSPITAL,10,INF/DISP,G,OLUTANGA MUNICIPAL HOSPITAL
6922,1990-03-09,1990,8,establish,"An Act Establishing a Ten-Bed Municipal Hospital in the Municipality of Rosario, Province of Batangas, to Be Known as the Mahal Na Virgen Maria Sto. Rosario Municipal Hospital, and Appropriating Funds Therefor",Mahal Na Virgen Maria Sto. Rosario Municipal Hospital,,,0401021000,Batangas,found,1.0,town,,MAHAL NA VIRGEN MARIA STO. ROSARIO DISTRICT HOSPITAL,30,LEVEL 1,G,MAHAL NA VIRGEN MARIA STO. ROSARIO DISTRICT HOSPITAL
6923,1990-03-09,1990,8,establish,"An Act Establishing a Ten-Bed Municipal Hospital in the Municipality of South Upi, Province of Maguindanao, to Be Known as the South Upi Municipal Hospital, and Appropriating Funds Therefor",South Upi Municipal Hospital,,,1908822000,Maguindanao del Sur,found,0.95,town,,SOUTH UPI MUNICIPAL HOSPITAL,25,LEVEL 1,G,SOUTH UPI MUNICIPAL HOSPITAL
6924,1990-03-09,1990,8,establish,"An Act Establishing a Ten-Bed Municipal Hospital in the Municipality of San Vicente, Province of Davao, to Be Known as the San Vicente Municipal Hospital, and Appropriating Funds Therefor",San Vicente Municipal Hospital,,,,Davao Oriental;Davao del Norte;Davao del Sur,not_found,0.0,,,,,,,
6925,1990-03-09,1990,8,establish,"An Act Establishing a Ten-Bed Municipal Hospital in the Municipality of La Paz, Province of Agusan del Sur, to Be Known as the La Paz Municipal Hospital, and Appropriating Funds Therefor",La Paz Municipal Hospital,,,1600304000,Agusan del Sur,found,0.95,town,,LA PAZ MUNICIPAL HOSPITAL,10,INF/DISP,G,LA PAZ MUNICIPAL HOSPITAL
6926,1990-03-09,1990,8,establish,"An Act Establishing a Ten-Bed Municipal Hospital in the Municipality of Siruma, Province of Camarines Sur, to Be Known as the Siruma Municipal Hospital, and Appropriating Funds Therefor",Siruma Municipal Hospital,,,0501735000,Camarines Sur,found,0.95,town,,SIRUMA MUNICIPAL HOSPITAL,10,INF/DISP,G,SIRUMA MUNICIPAL HOSPITAL
6927,1990-03-09,1990,8,establish,"An Act Establishing a Ten-Bed Municipal Hospital in the Municipality of Bulan, Province of Sorsogon, to Be Known as the Bulan Municipal Hospital, and Appropriating Funds Therefor",Bulan Municipal Hospital,,,0506203000,Sorsogon,not_found,0.4,,,,,,,BULAN MEDICARE HOSPITAL
6928,1990-03-09,1990,8,establish,"An Act Establishing a Ten-Bed Municipal Hospital in the Municipality of San Pedro, Province of Laguna, to Be Known as the San Pedro Municipal Hospital, and Appropriating Funds Therefor",San Pedro Municipal Hospital,,,0403425000,Laguna,not_found,0.35,,,,,,,SANTA ROSA COMMUNITY HOSPITAL
6929,1990-03-09,1990,8,establish,"An Act Establishing a Ten-Bed Municipal Hospital in Boracay Island, Province of Aklan, to Be Known as the Boracay Island Municipal Hospital, and Appropriating Funds Therefor",Boracay Island Municipal Hospital,,,,Aklan,not_found,0.0,,,,,,,
6930,1990-03-09,1990,8,establish,"An Act Establishing a Ten-Bed Municipal Hospital in the Municipality of Sta. Monica, Province of Surigao del Norte, to Be Known as the Sta. Monica Municipal Hospital, and Appropriating Funds Therefor",Sta. Monica Municipal Hospital,,,1606721000,Surigao del Norte,not_found,0.29,,,,,,,SURIGAO DEL NORTE PROVINCIAL HOSPITAL
6931,1990-03-09,1990,8,establish,"An Act Establishing a Ten-Bed City Hospital in the City of Canlaon, to Be Known as the Canlaon City Hospital, and Appropriating Funds Therefor",Canlaon City Hospital,,,1804608000,Negros Oriental,not_found,0.41,,,,,,,CANLAON DISTRICT HOSPITAL
6932,1990-03-09,1990,8,establish,"An Act Establishing a Ten-Bed Municipal Hospital in the Municipality of Sumisip, Province of Basilan, to Be Known as the Sumisip Municipal Hospital, and Appropriating Funds Therefor",Sumisip Municipal Hospital,,,1900705000,Basilan,not_found,0.37,,,,,,,SUMISIP DISTRICT HOSPITAL
6933,1990-03-09,1990,8,establish,"An Act Establishing a Ten-Bed Municipal Hospital in the Municipality of Jala-Jala, Province of Rizal, to Be Known as the Jala-Jala Municipal Hospital, and Appropriating Funds Therefor",Jala-Jala Municipal Hospital,,,0405807000,Rizal,not_found,0.19,,,,,,,RIZAL PROVINCIAL HOSPITAL SYSTEM - YNARES MUNICIPAL HOSPITAL
6934,1990-03-09,1990,8,establish,"An Act Establishing a Ten-Bed Municipal Hospital in the Municipality of Polomolok, Province of South Cotabato, to Be Known as the Polomolok Municipal Hospital, and Appropriating Funds Therefor",Polomolok Municipal Hospital,,,1206312000,South Cotabato,found,0.95,town,,POLOMOLOK MUNICIPAL HOSPITAL,18,INF/DISP,G,POLOMOLOK MUNICIPAL HOSPITAL
6935,1990-03-09,1990,8,establish,"An Act Establishing a Ten-Bed Municipal Hospital in the Municipality of Dingalan, Province of Aurora, to Be Known as the Dingalan Municipal Hospital, and Appropriating Funds Therefor",Dingalan Municipal Hospital,,,0307705000,Aurora,not_found,0.41,,,,,,,DINGALAN COMMUNITY HOSPITAL
6936,1990-03-09,1990,8,establish,"An Act Establishing a Ten-Bed Municipal Hospital in the Municipality of Luba, Province of Abra, to Be Known as the Luba Municipal Hospital, and Appropriating Funds Therefor",Luba Municipal Hospital,,,1400114000,Abra,not_found,0.45,,,,,,,BUCAY MUNICIPAL HOSPITAL
6937,1990-03-09,1990,8,establish,"An Act Establishing a Ten-Bed Municipal Hospital in the Municipality of Binidayan, Province of Lanao del Sur, to Be Known as the Unayan Municipal Hospital, and Appropriating Funds Therefor",Unayan Municipal Hospital,,,1903605000,Lanao del Sur,found,1.0,town,,UNAYAN DISTRICT HOSPITAL,25,LEVEL 1,G,UNAYAN DISTRICT HOSPITAL
6945,1990-04-05,1990,8,rename,An Act Changing the Name of the Amai-Pakpak General Hospital in Marawi City to Amai-Pakpak Provincial Hospital to Ensure a More Efficient and Effective Delivery of Services to the People,Amai-Pakpak General Hospital,,,1903617000,Lanao del Sur,found,1.0,town,,AMAI PAKPAK MEDICAL CENTER,438,LEVEL 3,G,AMAI PAKPAK MEDICAL CENTER
6947,1990-04-05,1990,8,establish,"An Act Establishing a Ten-Bed Municipal Hospital in the Municipality of Torrijos, Province of Marinduque, to Be Known as the Torrijos Municipal Hospital, and Appropriating Funds Therefore",Torrijos Municipal Hospital,,,1704006000,Marinduque,found,0.95,town,,TORRIJOS MUNICIPAL HOSPITAL,10,INF/DISP,G,TORRIJOS MUNICIPAL HOSPITAL
7113,1991-08-22,1991,8,establish,"An Act Establishing a Special High School in the Island of Culion, Province of Palawan, to Be Known as the Culion Sanitarium Special High School, and Appropriating Funds Therefore",Culion Sanitarium Special High School,,,,Palawan,not_found,0.25,,,,,,,CULION SANITARIUM AND GENERAL HOSPITAL
7174,1992-01-14,1992,8,increase,"An Act Increasing the Bed Capacity of the Quirino Memorial Medical Center in Quezon City, Metro Manila, From Two Hundred (200) to Two Hundred Fifty (250) Beds, and Appropriating Funds Therefor",Quirino Memorial Medical Center,200,250,1381300000,Metro Manila,found,1.0,town,,QUIRINO MEMORIAL MEDICAL CENTER,639,LEVEL 3,G,QUIRINO MEMORIAL MEDICAL CENTER
7175,1992-01-14,1992,8,increase,"An Act Increasing the Bed Capacity of the Minglanilla District Hospital in the Municipality of Minglanilla, Province of Cebu, from Fifty (50) to Seventy-Five (75) Beds, and Appropriating Funds Therefor",Minglanilla District Hospital,50,75,0702232000,Cebu,found,0.95,town,,MINGLANILLA DISTRICT HOSPITAL,40,INF/DISP,G,MINGLANILLA DISTRICT HOSPITAL
7176,1992-01-14,1992,8,increase,"An Act Increasing the Bed Capacity of the Southern Leyte Provincial Hospital in the Municipality of Maasin, Province of Southern Leyte, from One Hundred (100) to One Hundred Twenty-Five (125) Beds, and Appropriating Funds Therefor",Southern Leyte Provincial Hospital,100,125,0806407000,Southern Leyte,not_found,0.27,,,,,,,ANAHAWAN DISTRICT HOSPITAL
7177,1992-01-14,1992,8,increase,"An Act Increasing the Bed Capacity of the Siaton, Province of Negros Oriental, from Twenty-Five (25) to Fifty (50) Beds, and Appropriating Funds Therefor",,25,50,,Negros Oriental,no_name,0.0,,,,,,,
7178,1992-01-14,1992,8,increase,"An Act Increasing the Bed Capacity of the Doña Maria D. Tan Memorial Hospital in the City of Tangub, Province of Misamis Occidental, from Seventy-Five (75) to One Hundred (100) Beds, and Appropriating Funds Therefor",Doña Maria D. Tan Memorial Hospital,75,100,1004215000,Misamis Occidental,found,1.0,town,Ninoy Aquino Memorial Hospital,DOÑA MARIA D. TAN MEMORIAL HOSPITAL,50,LEVEL 1,G,DOÑA MARIA D. TAN MEMORIAL HOSPITAL
7179,1992-01-14,1992,8,increase,"An Act Increasing the Bed Capacity of the Davao Regional Hospital in the Municipality of Tagum, Province of Davao, from One Hundred Fifty (150) to Two Hundred (200) Beds, and Appropriating Funds Therefor",Davao Regional Hospital,150,200,1102319000,Davao del Norte,not_found,0.35,,,,,,,DAVAO REGIONAL MEDICAL CENTER
7184,1992-01-30,1992,8,increase,"An Act Increasing the Bed Capacity of the Primo Gaffud District Hospital in Echague, Isabela, from Twenty-Five (25) to Fifty (50) Beds, and Appropriating Funds Therefor",Primo Gaffud District Hospital,25,50,0203112000,Isabela,not_found,0.0,,,,,,,
7185,1992-01-30,1992,8,increase,"An Act Increasing the Bed Capacity of the Baguio General Hospital and Medical Center in the City of Baguio from Three Hundred Fifty (350) to Four Hundred (400) Beds, and Appropriating Funds Therefor",Baguio General Hospital and Medical Center,350,400,1430300000,Benguet,found,0.95,town,,BAGUIO GENERAL HOSPITAL AND MEDICAL CENTER,600,LEVEL 3,G,BAGUIO GENERAL HOSPITAL AND MEDICAL CENTER
7186,1992-01-30,1992,8,increase,"An Act Increasing the Bed Capacity of the Marinduque Provincial Hospital in the Municipality of Boac, Province of Marinduque, from One Hundred (100) to One Hundred Fifty (150) Beds, and Appropriating Funds Therefor",Marinduque Provincial Hospital,100,150,1704001000,Marinduque,found,0.95,town,,MARINDUQUE PROVINCIAL HOSPITAL,75,LEVEL 1,G,MARINDUQUE PROVINCIAL HOSPITAL
7187,1992-01-30,1992,8,increase,"An Act Increasing the Bed Capacity of the Candelaria District Hospital in the Municipality of Candelaria, Province of Zambales, from Twenty-Five (25) to Fifty (50) Beds, and Appropriating Funds Therefor",Candelaria District Hospital,25,50,0307103000,Zambales,found,0.95,town,,CANDELARIA DISTRICT HOSPITAL,71,LEVEL 1,G,CANDELARIA DISTRICT HOSPITAL
7188,1992-01-30,1992,8,increase,"An Act Increasing the Bed Capacity of the Norala District Hospital in the Province of South Cotabato from Twenty-Five (25) to Fifty (50) Beds, and Appropriating Funds Therefor",Norala District Hospital,25,50,,South Cotabato,not_found,0.95,,,,,,,NORALA DISTRICT HOSPITAL
7189,1992-01-30,1992,8,increase,"An Act Increasing the Bed Capacity of the Bukidnon Provincial Hospital from One Hundred (100) to One Hundred Fifty (150) Beds, and Appropriating Funds Therefor",Bukidnon Provincial Hospital,100,150,,,no_place,0.0,,,,,,,
7194,1992-02-25,1992,8,increase,"An Act Increasing the Bed Capacity of the Naval General Hospital in the Municipality of Naval, Subprovince of Biliran, Leyte, from Twenty-Five (25) to Fifty (50) Beds, and Appropriating Funds Therefor",Naval General Hospital,25,50,0807808000,Biliran;Leyte,not_found,0.33,,,,,,,KANANGA MUNICIPAL HOSPITAL
7195,1992-02-25,1992,8,increase,"An Act Increasing the Bed Capacity of the Siasi District Hospital in the Municipality of Siasi, Province of Sulu, from Twenty-Five (25) to Fifty (50) Beds, and Appropriating Funds Therefor",Siasi District Hospital,25,50,1906612000,Sulu,found,0.95,town,,SIASI DISTRICT HOSPITAL,25,INF/DISP,G,SIASI DISTRICT HOSPITAL
7196,1992-02-25,1992,8,increase,"An Act Increasing the Bed Capacity of the Sapang Palay District Hospital in the Municipality of San Jose del Monte, Province of Bulacan, from Fifty (50) to Seventy-Five (75) Beds",Sapang Palay District Hospital,50,75,0301420000,Bulacan,not_found,0.0,,,,,,,
7197,1992-02-25,1992,8,increase,"An Act Increasing the Bed Capacity of the Mayor Hilarion A. Ramiro, Sr. General Hospital in Ozamiz City From One Hundred (100) to One Hundred Fifty (150) Beds, and Appropriating Funds Therefor",,100,150,1004210000,Misamis Occidental,no_name,0.0,,,,,,,
7198,1992-02-25,1992,8,increase,"An Act Increasing the Bed Capacity of the Western Visayas Medical Center in Manduriao, Iloilo City, and Appropriating Funds Therefor",Western Visayas Medical Center,,,0631000000,Iloilo,found,1.0,town,,WESTERN VISAYAS MEDICAL CENTER,691,LEVEL 3,G,WESTERN VISAYAS MEDICAL CENTER
7199,1992-02-25,1992,8,increase,"An Act Increasing the Bed Capacity of the Madrid District Hospital in the Municipality of Madrid, Province of Surigao del Sur, from Twenty-Five (25) to Fifty (50) Beds, and Appropriating Funds Therefor",Madrid District Hospital,25,50,1606813000,Surigao del Sur,found,0.95,town,,MADRID DISTRICT HOSPITAL,25,LEVEL 1,G,MADRID DISTRICT HOSPITAL
7200,1992-02-25,1992,8,increase,"An Act Increasing the Bed Capacity of the M'lang District Hospital in the Municipality of M'lang, Province of Cotabato, from Twenty-Five (25) to Fifty (50) Beds, and Appropriating Funds Therefor",M'lang District Hospital,25,50,1204710000,Cotabato,found,0.95,town,,MLANG DISTRICT HOSPITAL,50,LEVEL 1,G,MLANG DISTRICT HOSPITAL
7201,1992-02-25,1992,8,increase,"An Act Increasing the Bed Capacity of the Pampanga Provincial Hospital in the Municipality of Guagua, Province of Pampanga, from Twenty-Five (25) to One Hundred (100) Beds, and Appropriating Funds Therefor",Pampanga Provincial Hospital,25,100,0305407000,Pampanga,not_found,0.28,,,,,,,SAN LUIS DISTRICT HOSPITAL
7206,1992-03-06,1992,8,increase,"An Act Increasing the Bed Capacity of the Sta. Lucia Distrlct Hospital in the Municipality of Sta. Lucia, Province of Ilocos Sur, from Twenty-Five (25) to Fifty (50) Beds, and Appropriating Funds Therefor",Sta. Lucia Distrlct Hospital,25,50,0102925000,Ilocos Sur,not_found,0.0,,,,,,,
7207,1992-03-06,1992,8,increase,"An Act Increasing the Bed Capacity of the Margosatubig District Hospital from Twenty-Five (25) to Fifty (50) Beds, and Appropriating Funds Therefor",Margosatubig District Hospital,25,50,,,no_place,0.0,,,,,,,
7208,1992-03-06,1992,8,increase,"An Act Increasing the Bed Capacity of the Northern Samar General Hospital in the Municipality of Catarman, Province of Northern Samar, from One Hundred (100) to One Hundred Fifty (150) Beds, and Appropriating Funds Therefor",Northern Samar General Hospital,100,150,0804805000,Northern Samar,not_found,0.42,,,,,,,NORTHERN SAMAR PROVINCIAL HOSPITAL
7209,1992-03-06,1992,8,increase,"An Act Increasing the Bed Capacity of the Eulogio Rodriguez, Sr., Memorial Hospital in Barangay Sto. Niño, Municipality of Marikina, Metro Manila, from One Hundred (100) to One Hundred Fifty (150) Beds, and Appropriating Funds Therefor",,100,150,1380700000,Metro Manila,no_name,0.0,,,,,,,
7210,1992-03-06,1992,8,increase,"An Act Increasing the Bed Capacity of the Davao General Hospital from Three Hundred Fifty (350) to Four Hundred (400) Beds, and Appropriating Funds Therefor",Davao General Hospital,350,400,,,no_place,0.0,,,,,,,
7211,1992-03-06,1992,8,increase,"An Act Increasing the Bed Capacity of the Scholastica Romero District Hospital in the Municipality of Lubao, Province of Pampanga, from Fifty (50) to Seventy-Five (75) Beds, and Appropriating Funds Therefor",Scholastica Romero District Hospital,50,75,0305408000,Pampanga,found,1.0,town,,ESCOLASTICA ROMERO DISTRICT HOSPITAL,75,LEVEL 1,G,ESCOLASTICA ROMERO DISTRICT HOSPITAL
7212,1992-03-06,1992,8,increase,"An Act Increasing the Bed Capacity of the Calinog District Hospital in the Municipality of Calinog, Province of Iloilo, from Twenty-Five (25) to Fifty (50) Beds, and Appropriating Funds Therefor",Calinog District Hospital,25,50,0603013000,Iloilo,not_found,0.18,,,,,,,DR. RICARDO S. PROVIDO SR. MEMORIAL DISTRICT HOSPITAL
7213,1992-03-06,1992,8,increase,"An Act Increasing the Bed Capacity of the Cauayan District Hospital in Cauayan, Province of Isabela, from Fifty (50) to One Hundred (100) Beds, and Appropriating Funds Therefor",Cauayan District Hospital,50,100,,Isabela,not_found,0.95,,,,,,,CAUAYAN DISTRICT HOSPITAL
7214,1992-03-06,1992,8,increase,"An Act Increasing the Bed Capacity of the Dr. Jose Rizal Memorial District Hospital in the Municipality of Calamba, Province of Laguna, and Appropriating Funds Therefor",Dr. Jose Rizal Memorial District Hospital,,,0403405000,Laguna,found,1.0,town,,DR. JOSE P. RIZAL MEMORIAL DISTRICT HOSPITAL,100,LEVEL 1,G,DR. JOSE P. RIZAL MEMORIAL DISTRICT HOSPITAL
7215,1992-03-06,1992,8,increase,"An Act Increasing the Bed Capacity of the Angono District Hospital in the Municipality of Angono, Province of Rizal, from Fifty (50) to One Hundred (100) Beds, and Appropriating Funds Therefor",Angono District Hospital,50,100,0405801000,Rizal,not_found,0.08,,,,,,,RIZAL PROVINCIAL HOSPITAL SYSTEM (RPHS) - ANGONO
7216,1992-03-06,1992,8,increase,"An Act Increasing the Bed Capacity of the Paquibato Emergency Hospital in the District of Paquibato, Davao City, from Ten (10) to Twenty-Five (25) Beds, Upgrading It into a District Hospital to Be Known as the Paquibato District Hospital, and Appropriating Funds Therefor",Paquibato Emergency Hospital,10,25,1130700000,Davao del Sur,found,0.98,town,,CITY GOVERNMENT OF DAVAO - PAQUIBATO DISTRICT HOSPITAL,12,INF/DISP,G,CITY GOVERNMENT OF DAVAO - PAQUIBATO DISTRICT HOSPITAL
7217,1992-03-06,1992,8,increase,"An Act Increasing the Bed Capacity of the Amai-Pakpak General Hospital in Marawi City, Lanao del Sur, from Seventy-Five (75) to One Hundred (100) Beds, Upgrading It into a Provincial Hospital to Be Known as the Amai-Pakpak Provincial Hospital, and Appropriating Funds Therefor",Amai-Pakpak General Hospital,75,100,1903617000,Lanao del Sur,found,1.0,town,,AMAI PAKPAK MEDICAL CENTER,438,LEVEL 3,G,AMAI PAKPAK MEDICAL CENTER
7218,1992-03-06,1992,8,increase,"An Act Increasing the Bed Capacity of the Valenzuela District Hospital in Valenzuela, Metro Manila, from Twenty-Five (25) to One Hundred (100) Beds, and Appropriating Funds Therefor",Valenzuela District Hospital,25,100,1381600000,Metro Manila,not_found,0.39,,,,,,,VALENZUELA CITY EMERGENCY HOSPITAL
7219,1992-03-06,1992,8,increase,"An Act Increasing the Bed Capacity of the Eastern Samar Provincial Hospital in the Municipality of Borongan, Province of Eastern Samar, from One Hundred (100) to One Hundred Fifty (150) Beds, and Appropriating Funds Therefor",Eastern Samar Provincial Hospital,100,150,0802604000,Eastern Samar,found,0.95,town,,EASTERN SAMAR PROVINCIAL HOSPITAL,100,LEVEL 2,G,EASTERN SAMAR PROVINCIAL HOSPITAL
7220,1992-03-06,1992,8,increase,"An Act Increasing the Bed Capacity of the Camarines Norte Provincial Hospital in Daet, Province of Camarines Norte, from One Hundred (100) to One Hundred Fifty (150) Beds, and Appropriating Funds Therefor",Camarines Norte Provincial Hospital,100,150,,Camarines Norte,not_found,0.95,,,,,,,CAMARINES NORTE PROVINCIAL HOSPITAL
7224,1992-03-12,1992,8,increase,"An Act Increasing the Bed Capacity of the Concepcion District Hospital in the Municipality of Concepcion, Province of Tarlac, from Twenty-Five (25) to Fifty (50) Beds, and Appropriating Funds Therefor",Concepcion District Hospital,25,50,0306905000,Tarlac,found,0.95,town,,CONCEPCION DISTRICT HOSPITAL,75,LEVEL 1,G,CONCEPCION DISTRICT HOSPITAL
7231,1992-03-19,1992,8,increase,"An Act Increasing the Bed Capacity of the Kabankalan District Hospital in the Municipality of Kabankalan, Province of Negros Occidental, from Twenty-Five (25) to Fifty (50) Beds, and Appropriating Funds Therefor",Kabankalan District Hospital,25,50,1804515000,Negros Occidental,not_found,0.42,,,,,,,KABANKALAN CITY HOSPITAL
7232,1992-03-19,1992,8,upgrade,"An Act Expanding and Upgrading the Severo Verallo Memorial District Hospital in the Municipality of Bogo, Province of Cebu, from a Fifty-Bed Capacity District Hospital into a Seventy-Five-Bed Capacity Provincial Hospital, to Be Known as the Cebu Provincial Hospital, and Appropriating Funds Therefor",Cebu Provincial Hospital,,,0702211000,Cebu,found,0.95,town,,CEBU PROVINCIAL HOSPITAL (BOGO CITY),100,LEVEL 2,G,CEBU PROVINCIAL HOSPITAL (BOGO CITY)
7233,1992-03-19,1992,8,increase,"An Act Increasing the Bed Capacity of the Sergio Osmeña, Sr., Municipal Hospital in the Municipality of Sergio Osmeña, Sr., Province of Zamboanga del Norte, from Ten (10) to Twenty-Five (25) Beds, and Appropriating Funds Therefor",,10,25,0907214000,Zamboanga del Norte,no_name,0.0,,,,,,,
7234,1992-03-19,1992,8,increase,"An Act Increasing the Bed Capacity of the Apolinario R. Apacible Memorial Hospital in the Municipality of Nasugbu, Province of Batangas, from Fifty (50) to Seventy-Five (75) Beds, and Appropriating Funds Therefor",Apolinario R. Apacible Memorial Hospital,50,75,0401019000,Batangas,not_found,0.5,,,,,,,APACIBLE MEMORIAL DISTRICT HOSPITAL
7235,1992-03-19,1992,8,increase,"An Act Increasing the Bed Capacity of the Zamboanga del Sur Provincial Hospital in Pagadian City from Fifty (50) to One Hundred (100) Beds, and Appropriating Funds Therefor",Zamboanga del Sur Provincial Hospital,50,100,0907322000,Zamboanga del Sur,not_found,0.35,,,,,,,ZAMBOANGA DEL SUR MEDICAL CENTER
7236,1992-03-19,1992,8,increase,"An Act Increasing the Bed Capacity of the Masbate Provincial Hospital in the Capital Town of Masbate, Province of Masbate, from One Hundred (100) to One Hundred Twenty-Five (125) Beds, Constructing an Annex Building to House the Additional Bed Capacity and Providing Isolation Wards for Patients Afflicted with Highly Contagious, Communicable and Transferable Diseases, Appropriating Funds Therefor, and for Other Purposes",Masbate Provincial Hospital,100,125,0504111000,Masbate,found,0.95,town,,MASBATE PROVINCIAL HOSPITAL,100,LEVEL 1,G,MASBATE PROVINCIAL HOSPITAL
7237,1992-03-19,1992,8,increase,"An Act Increasing the Bed Capacity of the Culasi Emergency Hospital in the Municipality of Culasi, Province of Antique, from Twenty-Five (25) to Fifty (50) Beds, and Appropriating Funds Therefor",Culasi Emergency Hospital,25,50,0600606000,Antique,not_found,0.37,,,,,,,CULASI DISTRICT HOSPITAL
7238,1992-03-19,1992,8,increase,"An Act Increasing the Bed Capacity of the Dumangas District Hospital in the Municipality of Dumangas, Province of Iloilo, from Fifty (50) to Seventy-Five (75) Beds, and Appropriating Funds Therefor",Dumangas District Hospital,50,75,0603018000,Iloilo,not_found,0.27,,,,,,,RAMON D. DUREMDES DISTRICT HOSPITAL
7239,1992-03-19,1992,8,increase,"An Act Increasing the Bed Capacity of the Maddela Medicare Community Hospital in the Municipality of Maddela, Province of Quirino, from Ten (10) to Twenty-Five (25) Beds, and Appropriating Funds Therefor",Maddela Medicare Community Hospital,10,25,0205704000,Quirino,not_found,0.35,,,,,,,MADDELA DISTRICT HOSPITAL
7240,1992-03-19,1992,8,increase,"An Act Increasing the Bed Capacity of the Bayawan District Hospital in the Municipality of Bayawan, Province of Negros Oriental, from Fifty (50) to Seventy-Five (75) Beds and Appropriating Funds Therefor",Bayawan District Hospital,50,75,1804606000,Negros Oriental,found,0.95,town,,BAYAWAN DISTRICT HOSPITAL,50,LEVEL 1,G,BAYAWAN DISTRICT HOSPITAL
7241,1992-03-19,1992,8,increase,"An Act Increasing the Bed Capacity of the Don Jose C. Locsin Memorial Hospital in the City of Silay, Province of Negros Occidental, from Seventy-Five (75) to One Hundred Fifty (150) Beds, and Appropriating Funds Therefor",Don Jose C. Locsin Memorial Hospital,75,150,1804526000,Negros Occidental,not_found,0.33,,,,,,,DON SALVADOR BENEDICTO MEMORIAL DISTRICT HOSPITAL
7242,1992-03-19,1992,8,increase,"An Act Increasing the Bed Capacity of the Malita Medicare Community Hospital in the Municipality of Malita, Province of Davao del Sur, from Fifteen (15) to Twenty-Five (25) Beds, and Appropriating Funds Therefor",Malita Medicare Community Hospital,15,25,1108603000,Davao Occidental,not_found,0.26,,,,,,,SARANGANI MUNICIPAL HOSPITAL
7243,1992-03-19,1992,8,increase,"An Act Increasing the Bed Capacity of the San Marcelino District Hospital in the Municipality of San Marcelino, Province of Zambales, from Fifty (50) to Seventy-Five (75) Beds, and Appropriating Funds Therefor",San Marcelino District Hospital,50,75,0307111000,Zambales,found,0.95,town,,SAN MARCELINO DISTRICT HOSPITAL,89,LEVEL 1,G,SAN MARCELINO DISTRICT HOSPITAL
7244,1992-03-19,1992,8,increase,"An Act Increasing the Bed Capacity of the Barotac Viejo Municipal Hospital in the Municipality of Barotac Viejo, Province of Iloilo, from Ten (10) to Twenty-Five (25) Beds, and Appropriating Funds Therefor",Barotac Viejo Municipal Hospital,10,25,0603008000,Iloilo,not_found,0.14,,,,,,,GOVERNOR NIEL D. TUPAS SR. DISTRICT HOSPITAL
7245,1992-03-19,1992,8,increase,"An Act Increasing the Bed Capacity of the Ipil District Hospital in the Municipality of Ipil, Province of Zamboanga del Sur, from Twenty-Five (25) to Fifty (50) Beds, and Appropriating Funds Therefor",Ipil District Hospital,25,50,0908305000,Zamboanga Sibugay,not_found,0.43,,,,,,,ALICIA DISTRICT HOSPITAL
7246,1992-03-19,1992,8,other,"An Act Expanding the Carigara District Hospital, with a Twenty-Five-Bed Capacity, in the Municipality of Carigara, Province of Leyte, into a Fifty-Bed Capacity District Hospital",,,,0803715000,Leyte,no_name,0.0,,,,,,,
7247,1992-03-19,1992,8,other,"An Act Providing for the Additional Twenty-Five-Bed Capacity and Additional Funds for the Improvement of the San Pablo City District Hospital in the City of San Pablo, Province of Laguna, Servicing All Other Municipalities Within the Area of Laguna, and Appropriating Funds Therefor",,,,0403424000,Laguna,no_name,0.0,,,,,,,
7248,1992-03-19,1992,8,increase,"An Act Increasing the Bed Capacity of the Mambusao District Hospital in the Municipality of Mambusao, Province of Capiz, from Fifty (50) to One Hundred (100) Beds, and Appropriating Funds Therefor",Mambusao District Hospital,50,100,0601908000,Capiz,found,0.95,town,,MAMBUSAO DISTRICT HOSPITAL,50,LEVEL 1,G,MAMBUSAO DISTRICT HOSPITAL
7249,1992-03-19,1992,8,increase,"An Act Increasing the Bed Capacity of the Bislig District Hospital in the Municipality of Bislig, Province of Surigao del Sur, from Twenty-Five (25) to Fifty (50) Beds, and Appropriating Funds Therefor",Bislig District Hospital,25,50,1606803000,Surigao del Sur,found,0.95,town,,BISLIG DISTRICT HOSPITAL,50,LEVEL 1,G,BISLIG DISTRICT HOSPITAL
7256,1992-03-20,1992,8,increase,"An Act Increasing the Bed Capacity of the Bais District Hospital in Bais City, Province of Negros Oriental, from Twenty-Five (25) to Fifty (50) Beds, and Appropriating Funds Therefor",Bais District Hospital,25,50,1804604000,Negros Oriental,found,0.95,town,,BAIS DISTRICT HOSPITAL,25,LEVEL 1,G,BAIS DISTRICT HOSPITAL
7257,1992-03-20,1992,8,increase,"An Act Increasing the Bed Capacity of the Atok District Hospital in Barangay Sayangan, Municipality of Atok, Province of Benguet, from Twenty-Five (25) to Fifty (50) Beds, and Appropriating Funds Therefor",Atok District Hospital,25,50,1401101000,Benguet,found,0.95,town,,ATOK DISTRICT HOSPITAL,15,LEVEL 1,G,ATOK DISTRICT HOSPITAL
7258,1992-03-20,1992,8,increase,"An Act Increasing the Bed Capacity of the Iligan City District Hospital in Iligan City, Province of Lanao del Norte, from Seventy-Five (75) to One Hundred Fifty (150) Beds, and Appropriating Funds Therefor",Iligan City District Hospital,75,150,1030900000,Lanao del Norte,not_found,0.28,,,,,,,SULTAN NAGA DIMAPORO PROVINCIAL HOSPITAL
7259,1992-03-20,1992,8,increase,"An Act Increasing the Bed Capacity of the Albay Provincial Hospital in Legaspi City, Province of Albay, from One Hundred Fifty (150) to Two Hundred (200) Beds, and Appropriating Funds Therefor",Albay Provincial Hospital,150,200,0500506000,Albay,found,1.0,province,Bicol Regional Training and Teaching Hospital,BICOL REGIONAL HOSPITAL AND MEDICAL CENTER,450,LEVEL 3,G,BICOL REGIONAL HOSPITAL AND MEDICAL CENTER
7260,1992-03-20,1992,8,increase,"An Act Increasing the Bed Capacity of the Socorro District Hospital in the Municipality of Socorro, Province of Surigao del Norte, from Ten (10) to Twenty-Five (25) Beds, and Appropriating Funds Therefor",Socorro District Hospital,10,25,1606723000,Surigao del Norte,found,0.95,town,,SOCORRO DISTRICT HOSPITAL,15,INF/DISP,G,SOCORRO DISTRICT HOSPITAL
7261,1992-03-20,1992,8,increase,"An Act Increasing the Bed Capacity of the Cauayan Municipal Hospital in Barangay Isio, Municipality of Cauayan, Province of Negros Occidental, from Ten (10) to Twenty-Five (25) Beds, and Appropriating Funds Therefor",Cauayan Municipal Hospital,10,25,1804507000,Negros Occidental,not_found,0.43,,,,,,,CALATRAVA MUNICIPAL HOSPITAL
7262,1992-03-20,1992,8,increase,"An Act Increasing the Bed Capacity of the Ormoc District Hospital in Ormoc City, from One Hundred Twenty-Five (125) to One Hundred Fifty (150) Beds, and Appropriating Funds Therefor",Ormoc District Hospital,125,150,0803738000,Leyte,found,0.95,town,,ORMOC DISTRICT HOSPITAL,100,LEVEL 1,G,ORMOC DISTRICT HOSPITAL
7263,1992-03-20,1992,8,increase,"An Act Increasing the Bed Capacity of the Passi District Hospital, in the Municipality of Passi, Province of Iloilo, from Twenty-Five (25) to Fifty (50) Beds, and Appropriating Funds Therefor",Passi District Hospital,25,50,0603035000,Iloilo,not_found,0.22,,,,,,,"DON VALERIO PALMARES, SR. MEMORIAL DISTRICT HOSPITAL"
7264,1992-03-20,1992,8,increase,"An Act Increasing the Bed Capacity of the Don Jose S. Monfort Memorial Hospital in the Municipality of Barotac Nuevo, Province of Iloilo, from Ten (10) to Fifty (50) Beds, and Appropriating Funds Therefor",Don Jose S. Monfort Memorial Hospital,10,50,0603007000,Iloilo,found,1.0,town,,DON JOSE S. MONFORT MEDICAL CENTER,150,LEVEL 2,G,DON JOSE S. MONFORT MEDICAL CENTER
7265,1992-03-20,1992,8,increase,"An Act Increasing the Bed Capacity of the Laguna Provincial Hospital in the Municipality of Sta. Cruz, Province of Laguna, from One Hundred Fifty (150) to Two Hundred (200) Beds, and Appropriating Funds Therefor",Laguna Provincial Hospital,150,200,0403426000,Laguna,not_found,0.95,,,,,,,LAGUNA PROVINCIAL HOSPITAL - GENERAL CAILLES MEMORIAL DISTRICT HOSPITAL
7266,1992-03-20,1992,8,increase,"An Act Increasing the Bed Capacity of the Celestino Gallares Memorial Hospital in Tagbilaran City, Province of Bohol, from Two Hundred (200) to Two Hundred Twenty-Five (225) Beds, and Appropriating Funds Therefor",Celestino Gallares Memorial Hospital,200,225,0701242000,Bohol,found,1.0,town,,GOVERNOR CELESTINO GALLARES MEMORIAL MEDICAL CENTER,400,LEVEL 3,G,GOVERNOR CELESTINO GALLARES MEMORIAL MEDICAL CENTER
7267,1992-03-20,1992,8,increase,"An Act Increasing the Bed Capacity of the Bantayan Emergency Hospital in the Municipality of Bantayan, Province of Cebu, from Twenty-Five (25) to Fifty (50) Beds, and Appropriating Funds Therefor",Bantayan Emergency Hospital,25,50,0702209000,Cebu,not_found,0.38,,,,,,,BANTAYAN DISTRICT HOSPITAL
7268,1992-03-20,1992,8,increase,"An Act Increasing the Bed Capacity of the San Miguel District Hospital in San Miguel, Bulacan, from Fifty (50) to Seventy-Five (75) Beds, and Appropriating Funds Therefor",San Miguel District Hospital,50,75,0301421000,Bulacan,found,0.95,town,,SAN MIGUEL DISTRICT HOSPITAL,50,LEVEL 1,G,SAN MIGUEL DISTRICT HOSPITAL
7269,1992-03-20,1992,8,other,"An Act Expanding the Pioduran Emergency Hospital, with a Twenty-Five-Bed Capacity, in the Municipality of Ligao, Province of Albay, into a Fifty-Bed Capacity Hospital",,,,0500508000,Albay,no_name,0.0,,,,,,,
7270,1992-03-20,1992,8,increase,"An Act Increasing the Bed Capacity of the Malimono District Hospital in the Municipality of Malimono, Province of Surigao del Norte, from Ten (10) to Twenty-Five (25) Beds, and Appropriating Funds Therefor",Malimono District Hospital,10,25,1606715000,Surigao del Norte,found,0.95,town,,MALIMONO DISTRICT HOSPITAL,10,INF/DISP,G,MALIMONO DISTRICT HOSPITAL
7271,1992-03-20,1992,8,increase,"An Act Increasing the Bed Capacity of the Barili District Hospital in the Province of Cebu, from Ten (10) to Twenty-Five (25) Beds, and Appropriating Funds Therefor",Barili District Hospital,10,25,,Cebu,not_found,0.0,,,,,,,
7272,1992-03-24,1992,8,convert,"An Act Converting the Zamboanga Regional Hospital in Zamboanga City into Zamboanga City Medical Center, and Appropriating Funds Therefor",Zamboanga Regional Hospital,,,0931700000,Zamboanga del Sur,not_found,0.37,,,,,,,MARGOSATUBIG REGIONAL HOSPITAL
7273,1992-03-24,1992,8,increase,"An Act Increasing the Bed Capacity of the Liloy Medicare Community Hospital in the Municipality of Liloy, Province of Zamboanga del Norte, from Ten (10) to Twenty-Five (25) Beds, and Appropriating Funds Therefor",Liloy Medicare Community Hospital,10,25,0907206000,Zamboanga del Norte,not_found,0.28,,,,,,,LABASON DISTRICT HOSPITAL
7274,1992-03-24,1992,8,increase,"An Act Increasing the Bed Capacity of the Negros Oriental Provincial Hospital in Dumaguete City, Province of Negros Oriental, from Two Hundred Fifty (250) to Three Hundred (300) Beds, and Appropriating Funds Therefor",Negros Oriental Provincial Hospital,250,300,1804610000,Negros Oriental,found,0.95,town,,NEGROS ORIENTAL PROVINCIAL HOSPITAL,250,LEVEL 2,G,NEGROS ORIENTAL PROVINCIAL HOSPITAL
7275,1992-03-24,1992,8,rename,"An Act Changing the Name of the Morong General Hospital in the Municipality of Morong, Province of Rizal, to Rizal Provincial Hospital",Morong General Hospital,,,0405809000,Rizal,found,0.95,town,Rizal Provincial Hospital,RIZAL PROVINCIAL HOSPITAL SYSTEM (RPHS) MORONG,100,LEVEL 1,G,RIZAL PROVINCIAL HOSPITAL SYSTEM (RPHS) MORONG
7276,1992-03-24,1992,8,increase,"An Act Increasing the Bed Capacity of the Guihulngan District Hospital in Guihulngan, Negros Oriental, from Fifty (50) to Seventy-Five (75) Beds, and Appropriating Funds Therefor",Guihulngan District Hospital,50,75,1804611000,Negros Oriental,not_found,0.4,,,,,,,CANLAON DISTRICT HOSPITAL
7282,1992-03-20,1992,8,increase,"An Act Increasing the Bed Capacity of the Matilde Olivas Hospital in the Municipality of Camalaniugan, Province of Cagayan, from Twenty-Five (25) to Fifty (50) Beds, and Appropriating Funds Therefor",Matilde Olivas Hospital,25,50,0201510000,Cagayan,found,1.0,town,,MATILDE A. OLIVAS DISTRICT HOSPITAL,17,LEVEL 1,G,MATILDE A. OLIVAS DISTRICT HOSPITAL
7284,1992-03-24,1992,8,convert,"An Act Converting the Rural Health Unit in the Municipality of Gattaran, Province of Cagayan, into a Five-Bed Capacity Health Infirmary, to Be Known as the Gattaran Health Infirmary, and Appropriating Funds Therefor",Gattaran Health Infirmary,,,0201513000,Cagayan,not_found,0.33,,,,,,,CALAYAN INFIRMARY
7286,1992-03-24,1992,8,increase,"An Act Increasing the Bed Capacity of the Provincial Hospital of South Cotabato from One Hundred (100) to One Hundred Twenty-Five (125) Beds, and Appropriating Funds Therefor",Provincial Hospital of South Cotabato,100,125,,,no_place,0.0,,,,,,,
7288,1992-03-24,1992,8,increase,"An Act Increasing the Bed Capacity of the Candelaria Municipal Hospital in the Municipality of Candelaria, Province of Quezon, from Ten (10) to Twenty-Five (25) Beds",Candelaria Municipal Hospital,10,25,0405608000,Quezon,not_found,0.39,,,,,,,CANDELARIA DISTRICT HOSPITAL
7289,1992-03-24,1992,8,rename,An Act Changing the Name of the Tacloban City Medical Center to Eastern Visayas Regional Medical Center,Tacloban City Medical Center,,,0831600000,Leyte,found,1.0,town,Eastern Visayas Regional Medical Center,EASTERN VISAYAS MEDICAL CENTER,629,LEVEL 3,G,EASTERN VISAYAS MEDICAL CENTER
7290,1992-03-24,1992,8,rename,"An Act Changing the Name of the Dagohoy Municipal Hospital in the Municipality of Inabanga, Province of Bohol, to Francisco Dagohoy Municipal Hospital",Dagohoy Municipal Hospital,,,0701224000,Bohol,found,1.0,town,Francisco Dagohoy Municipal Hospital,FRANCISCO DAGOHOY MUNICIPAL HOSPITAL,25,LEVEL 1,G,FRANCISCO DAGOHOY MUNICIPAL HOSPITAL
7310,1992-03-30,1992,8,rename,"An Act Changing the Name of the Iligan City Hospital in Pala-o, Iligan City, Province of Lanao Del Norte, to Gregorio T. Lluch, Sr., Memorial Hospital",Iligan City Hospital,,,1030900000,Lanao del Norte,found,1.0,town,"Gregorio T. Lluch, Sr., Memorial Hospital",GREGORIO T. LLUCH MEMORIAL HOSPITAL,119,LEVEL 1,G,GREGORIO T. LLUCH MEMORIAL HOSPITAL
7311,1992-03-30,1992,8,rename,"An Act Changing the Name of the Western Leyte Hospital in the Municipality of Baybay, Province of Leyte, to Dr. Jose Silao Memorial Hospital",Western Leyte Hospital,,,0803708000,Leyte,not_found,0.0,,Dr. Jose Silao Memorial Hospital,,,,,
7312,1992-03-30,1992,8,upgrade,"An Act Expanding and Upgrading the Magallanes Medicare Hospital in the Municipality of Magallanes, Province of Sorsogon, from a Fifteen-Bed Capacity Medicare Hospital into a Twenty-Five-Bed Capacity District Hospital, to Be Known as the Magallanes District Hospital, and Appropriating Funds Therefor",Magallanes District Hospital,,,0506211000,Sorsogon,not_found,0.41,,,,,,,MAGALLANES MEDICARE HOSPITAL
7313,1992-03-30,1992,8,convert,"An Act Converting the Medicare Community Hospital in the Municipality of Manukan, Province of Zamboanga del Norte, into a Twenty-Five-Bed Capacity Hospital to Be Known as the Manukan District Hospital, and Appropriating Funds Therefor",Manukan District Hospital,,,0907207000,Zamboanga del Norte,not_found,0.44,,,,,,,PIÑAN DISTRICT HOSPITAL
7320,1992-03-30,1992,8,convert,"An Act Converting the Rural Health Unit in the Municipality of Carles, Province of Iloilo, into a Five-Bed Capacity Health Infirmary, to Be Known as the Carles Health Infirmary, and Appropriating Funds Therefor",Carles Health Infirmary,,,0603014000,Iloilo,not_found,0.07,,,,,,,POLICE REGIONAL OFFICE 6 PRIMARY HEALTH CARE HOSPITAL
7321,1992-03-30,1992,8,rename,"An Act Changing the Name of the Hilongos Hospital in the Municipality of Hilongos, Province of Leyte, to Emiliano Melgazo Memorial Hospital",Hilongos Hospital,,,0803719000,Leyte,not_found,0.4,,Emiliano Melgazo Memorial Hospital,,,,,HILONGOS DISTRICT HOSPITAL
7327,1992-03-31,1992,8,increase,"An Act Increasing the Bed Capacity of the Balingasag Medicare Community Hospital in the Municipality of Balingasag, Province of Misamis Oriental, from Fifteen (15) to Twenty-Five (25) Beds, and Appropriating Funds Therefor",Balingasag Medicare Community Hospital,15,25,1004302000,Misamis Oriental,not_found,0.27,,,,,,,JASAAN MUNICIPAL HOSPITAL
7328,1992-03-31,1992,8,increase,"An Act Increasing the Bed Capacity of the Valladolid District Hospital in the Municipality of Valladolid, Province of Negros Occidental, from Twenty-Five (25) to Fifty (50) Beds, and Appropriating Funds Therefor",Valladolid District Hospital,25,50,1804530000,Negros Occidental,found,0.95,town,,VALLADOLID DISTRICT HOSPITAL,50,LEVEL 1,G,VALLADOLID DISTRICT HOSPITAL
7329,1992-03-31,1992,8,convert,"An Act Converting the Rural Health Unit in the Municipality of Don Victoriano, Province of Misamis Occidental, into a Five-Bed Capacity Health Infirmary, to Be Known as the Don Victoriano Health Infirmary, and Appropriating Funds Therefor",Don Victoriano Health Infirmary,,,1004217000,Misamis Occidental,not_found,0.18,,,,,,,TUDELA MUNICIPAL HOSPITAL
7330,1992-03-31,1992,8,other,"An Act Providing for an Extension Branch with a Twenty-Five-Bed Capacity of the Southern Islands Medical Center in Basak, City of Cebu, and Appropriating Funds Therefor",Southern Islands Medical Center,,,0730600000,Cebu,found,1.0,town,Vicente Sotto Memorial Medical Center,VICENTE SOTTO MEMORIAL MEDICAL CENTER,1500,LEVEL 3,G,VICENTE SOTTO MEMORIAL MEDICAL CENTER
7332,1992-03-31,1992,8,convert,"An Act Converting the Rural Health Unit in the Municipality of San Rafael, Province of Iloilo, into a Five-Bed Capacity Health Infirmary, to Be Known as the San Rafael Health Infirmary, and Appropriating Funds Therefor",San Rafael Health Infirmary,,,0603042000,Iloilo,not_found,0.09,,,,,,,POLICE REGIONAL OFFICE 6 PRIMARY HEALTH CARE HOSPITAL
7333,1992-03-31,1992,8,rename,"An Act Changing the Name of the Abuyog General Hospital in the Municipality of Abuyog, Province of Leyte, to Octavio Traya, Sr., Memorial Hospital",Abuyog General Hospital,,,0803701000,Leyte,not_found,0.36,,"Octavio Traya, Sr., Memorial Hospital",,,,,ABUYOG DISTRICT HOSPITAL
7334,1992-03-31,1992,8,rename,"An Act Changing the Name of the Isabela District Hospital in the Municipality of Isabela, Province of Negros Occidental, to Don Gil Montilla Memorial Hospital",Isabela District Hospital,,,1804514000,Negros Occidental,not_found,0.4,,Don Gil Montilla Memorial Hospital,,,,,HINOBA-AN DISTRICT HOSPITAL
7360,1992-04-08,1992,8,other,An Act Authorizing the Orani District of Hospital to Operate at a Fifty-Bed Capacity and Appropriating Funds Therefor,,,,,,no_name,0.0,,,,,,,
7361,1992-04-08,1992,8,increase,"An Act Increasing the Bed Capacity of the Cotabato Provincial Hospital from Fifty (50) to One Hundred (100) Beds, and Appropriating Funds Therefor",Cotabato Provincial Hospital,50,100,,,found,1.0,national,,COTABATO PROVINCIAL HOSPITAL,100,LEVEL 2,G,COTABATO PROVINCIAL HOSPITAL
7362,1992-04-08,1992,8,increase,"An Act Providing for the Improvement and Increase in the Bed Capacity of the Mabalacat Emergency Hospital in Pampanga, and Appropriating Funds Therefor",Mabalacat Emergency Hospital,,,,,no_place,0.0,,,,,,,
7363,1992-04-08,1992,8,increase,"An Act Providing for the Increase and Conversion of the Dumarao Medicare Community Hospital in the Municipality of Dumarao, Province of Capiz, into a Twenty-Five-Bed Capacity District Hospital, and Appropriating Funds Therefor",,,,0601904000,Capiz,no_name,0.0,,,,,,,
7364,1992-04-08,1992,8,increase,"An Act Increasing the Bed Capacity of the Ilocos Regional Hospital in San Fernando, La Union, From One Hundred Fifty (150) to Two Hundred (200) Beds, and Appropriating Funds Therefor",Ilocos Regional Hospital,150,200,,,no_place,0.0,,,,,,,
7365,1992-04-08,1992,8,increase,"An Act Increasing the Bed Capacity of the Doña Gregoria Memorial Hospital in the Municipality of Agoo, Province of La Union, to One Hundred Twenty-Five (125) Beds, and Appropriating Funds Therefor",Doña Gregoria Memorial Hospital,,,0103301000,La Union,not_found,0.0,,,,,,,
7366,1992-04-08,1992,8,increase,"An Act Increasing the Bed Capacity of the Sulu Provincial Hospital in the Municipality of Jolo, Province of Sulu, from One Hundred (100) to One Hundred Twenty-Five (125) Beds, and Appropriating Funds Therefor",Sulu Provincial Hospital,100,125,1906602000,Sulu,found,0.95,town,,SULU PROVINCIAL HOSPITAL,100,LEVEL 2,G,SULU PROVINCIAL HOSPITAL
7367,1992-04-08,1992,8,increase,"An Act Increasing the Bed Capacity of the Ticao District Hospital in the Municipality of San Jacinto, Ticao Island, Province of Masbate, from Twenty-Five (25) to Fifty (50) Beds, and Appropriating Funds Therefor",Ticao District Hospital,25,50,0504119000,Masbate,found,1.0,town,,TICAO DISTRICT HOSPITAL,25,INF/DISP,G,TICAO DISTRICT HOSPITAL
7381,1992-04-10,1992,8,increase,"An Act Increasing the Bed Capacity of the Cagayan District Hospital in the Municipality of Aparri, Province of Cagayan, from Fifty (50) to Seventy-Five (75) Beds, and Upgrading It into a Provincial Hospital to Be Known as the Aparri Provincial Hospital, and Appropriating Funds Therefor",Cagayan District Hospital,50,75,0201505000,Cagayan,not_found,0.43,,,,,,,BAGGAO DISTRICT HOSPITAL
7383,1992-04-10,1992,8,convert,"An Act Converting the Rural Health Unit in the Municipality of San Guillermo, Province of Isabela, into a Five-Bed Capacity Health Infirmary, to Be Known as the San Guillermo Health Infirmary, and Appropriating Funds Therefor",San Guillermo Health Infirmary,,,0203128000,Isabela,not_found,0.16,,,,,,,DELFIN ALBANO MEMORIAL HOSPITAL
7384,1992-04-10,1992,8,convert,"An Act Converting the Rural Health Unit in the Municipality of Nagtipunan, Province of Quirino, into a Five-Bed Capacity Health Infirmary, to Be Known as the Nagtipunan Health Infirmary, and Appropriating Funds Therefor",Nagtipunan Health Infirmary,,,0205706000,Quirino,not_found,0.17,,,,,,,AGLIPAY DISTRICT HOSPITAL
7385,1992-04-10,1992,8,convert,"An Act Converting the Rural Health Unit in the City of Iriga, Province of Camarines Sur, into a Five-Bed Capacity Health Infirmary, to Be Known as the Iriga Health Infirmary, and Appropriating Funds Therefor",Iriga Health Infirmary,,,0501716000,Camarines Sur,not_found,0.33,,,,,,,GOA MUNICIPAL INFIRMARY
7386,1992-04-10,1992,8,upgrade,"An Act Expanding and Upgrading the Montevista Emergency Hospital in the Municipality of Montevista, Province of Davao del Norte, from a Twenty-Five-Bed Capacity Emergency Hospital into a Seventy-Five-Bed Capacity Provincial Hospital, to Be Known as the Davao del Norte Provincial Hospital, and Appropriating Funds Therefor",Davao del Norte Provincial Hospital,,,1108208000,Davao de Oro,not_found,0.0,,,,,,,
7387,1992-04-10,1992,8,convert,"An Act Converting the Rural Health Unit in the Municipality of Victorias, Province of Negros Occidental, into a Five-Bed Capacity Health Infirmary, to Be Known as the Victorias Health Infirmary, and Appropriating Funds Therefor",Victorias Health Infirmary,,,1804531000,Negros Occidental,not_found,0.28,,,,,,,BINALBAGAN INFIRMARY
7388,1992-04-10,1992,8,upgrade,"An Act Expanding and Upgrading the Elvin Masigan Municipal Hospital in Sta. Maria, Isabela, from a Ten-Bed Capacity Municipal Hospital into a Twenty-Five-Bed Capacity District Hospital, to Be Known as the Elvin Masigan District Hospital, and Appropriating Funds Therefor",Elvin Masigan District Hospital,,,0203134000,Isabela,found,0.98,town,,ELVIN U. MASIGAN INTEGRATED MEMORIAL HOSPITAL,10,INF/DISP,G,ELVIN U. MASIGAN INTEGRATED MEMORIAL HOSPITAL
7402,1992-04-14,1992,8,rename,"An Act Changing The Name Of The Sta. Maria General Hospital In The Municipality Of Sta. Maria, Province Of Bulacan, To Rogaciano M. Mercado Memorial General Hospital",,,,0301423000,Bulacan,no_name,0.0,,,,,,,
7403,1992-04-14,1992,8,rename,"An Act Changing The Name Of The Philippine Children's Medical Center In Quezon Boulevard, Quezon City, To Philippine Pediatric Hospital And Development Center",,,,1381300000,Metro Manila,no_name,0.0,,,,,,,
7404,1992-04-14,1992,8,rename,"An Act Changing The Name Of The Dinalupihan District Hospital In The Municipality Of Dinalupihan, Province Of Bataan, To Jose C. Payumo, Jr., Memorial Hospital",,,,0300804000,Bataan,no_name,0.0,,,,,,,
7405,1992-04-14,1992,8,upgrade,"An Act Expanding And Upgrading The Mahayag Community Hospital In The Municipality Of Mahayag, Province Of Zamboanga Del Sur, From A Ten-bed Capacity Community Hospital Into A Twenty-five-bed Capacity District Hospital, To Be Known As The Mahayag District Hospital, And Appropriating Funds Therefor",Mahayag District Hospital,,,0907315000,Zamboanga del Sur,not_found,0.37,,,,,,,MAHAYAG MUNICIPAL HOSPITAL
7406,1992-04-14,1992,8,upgrade,"An Act Expanding And Upgrading The Kalamanslg Municipal Hospital In The Municipality Of Kalamansig, Province Of Sultan Kudarat, From A Ten-bed Capacity Municipal Hospital Into A Twenty-five-bed Capacity District Hospital, To Be Known As Kalamansig District Hospital, And Appropriating Funds Therefor",Kalamansig District Hospital,,,1206505000,Sultan Kudarat,not_found,0.44,,,,,,,LAMBAYONG DISTRICT HOSPITAL
7407,1992-04-14,1992,8,upgrade,"An Act Expanding And Upgrading The Gingoog District Hospital In The City Of Gingoog, Province Of Misamis Oriental, From A Fifty-bed Capacity District Hospital Into A Seventy-five-bed Capacity Provincial Hospital, To Be Known As The Gingoog Provincial Hospital, And Appropriating Funds Therefor",Gingoog Provincial Hospital,,,1004308000,Misamis Oriental,not_found,0.31,,,,,,,MISAMIS ORIENTAL PROVINCIAL HOSPITAL- INITAO
7408,1992-04-14,1992,8,upgrade,"An Act Expanding And Upgrading The Prieto-diaz Municipal Hospital From A Ten-bed Capacity Municipal Hospital Into A Twenty-five-bed Capacity District Hospital, To Be Known As The Prieto-diaz District Hospital, And Appropriating Funds Therefor",Prieto-diaz District Hospital,,,,,no_place,0.0,,,,,,,
7409,1992-04-14,1992,8,upgrade,"An Act Expanding And Upgrading The Salcedo Medicare Hospital In The Municipality Of Salcedo, Province Of Ilocos Sur, From A Fifteen-bed Capacity Medicare Hospital Into A Twenty-five-bed Capacity District Hospital, To Be Known As The Salcedo District Hospital, And Appropriating Funds Therefor",Salcedo District Hospital,,,0102916000,Ilocos Sur,not_found,0.32,,,,,,,ILOCOS SUR DISTRICT HOSPITAL - SINAIT
7410,1992-04-14,1992,8,upgrade,"An Act Expanding And Upgrading The Medicare Community (Municipal) Hospital In Lebak, Sultan Kudarat, From A Fifteen-bed Capacity Community Hospital Into A Twenty-five-bed Capacity District Hospital, To Be Known As The Lebak District Hospital, And Appropriating Funds Therefor",Lebak District Hospital,,,,,no_place,0.0,,,,,,,
7411,1992-04-14,1992,8,upgrade,"An Act Upgrading The Tacloban City Medical Center, And Appropriating Funds Therefor",Tacloban City Medical Center,,,0831600000,Leyte,found,1.0,town,Eastern Visayas Regional Medical Center,EASTERN VISAYAS MEDICAL CENTER,629,LEVEL 3,G,EASTERN VISAYAS MEDICAL CENTER
7412,1992-04-14,1992,8,increase,"An Act Increasing The Bed Capacity Of The Leyte Provincial Hospital In The Municipality Of Palo, Province Of Leyte, To One Hundred (100) Beds, And Appropriating Funds Therefor",Leyte Provincial Hospital,,,0803739000,Leyte,found,0.95,town,,LEYTE PROVINCIAL HOSPITAL,50,LEVEL 1,G,LEYTE PROVINCIAL HOSPITAL
7413,1992-04-14,1992,8,increase,"An Act Increasing The Bed Capacity Of The Puerto Princesa Provincial Hospital In The City Of Puerto Princesa, Province Of Palawan, From A Fifty-bed Capacity Hospital Into A Seventy-five-bed Capacity Hospital, And Appropriating Funds Therefor",Puerto Princesa Provincial Hospital,,,1731500000,Palawan,not_found,0.31,,,,,,,NARRA MUNICIPAL HOSPITAL
7414,1992-04-14,1992,8,increase,"An Act Increasing The Bed Capacity Of The Polillo Medicare Community Hospital In The Municipality Of Polillo, Province Of Quezon, From Fifteen (15) To Twenty-five (25) Beds, And Appropriating Funds Therefor",Polillo Medicare Community Hospital,15,25,0405636000,Quezon,not_found,0.27,,,,,,,NATIONAL CHILDREN'S HOSPITAL
7415,1992-04-14,1992,8,increase,"An Act Increasing The Bed Capacity Of The Cadiz District Hospital From A Twenty-five-bed Capacity To A One Hundred-bed Capacity, And Appropriating Funds Therefor",Cadiz District Hospital,,,,,found,1.0,national,,CADIZ DISTRICT HOSPITAL,50,LEVEL 1,G,CADIZ DISTRICT HOSPITAL
7416,1992-04-14,1992,8,increase,"An Act Increasing The Bed Capacity Of The Jagna District Hospital In The Municipality Of Jagna, Province Of Bohol, From Twenty-five (25) To Fifty (50) Beds, And Appropriating Funds Therefor",Jagna District Hospital,25,50,0701225000,Bohol,not_found,0.42,,,,,,,CATIGBIAN DISTRICT HOSPITAL
7417,1992-04-14,1992,8,convert,"An Act Converting The Rural Health Unit In The Municipality Of Sapian, Province Of Capiz, Into A Five-bed Capacity Health Infirmary, To Be Known As The Sapian Health Infirmary, And Appropriating Funds Therefor",Sapian Health Infirmary,,,0601915000,Capiz,not_found,0.0,,,,,,,
7418,1992-04-14,1992,8,convert,"An Act Converting The Rural Health Unit In Poblacion, Bago City, Into A Five-bed Capacity Health Infirmary, To Be Known As The Bago City Health Infirmary, And Appropriating Funds Therefor",Bago City Health Infirmary,,,1804502000,Negros Occidental,not_found,0.3,,,,,,,BINALBAGAN INFIRMARY
7419,1992-04-14,1992,8,convert,"An Act Converting The Rural Health Unit In The Municipality Of Pontevedra, Province Of Negros Occidental, Into A Five-bed Capacity Health Infirmary, To Be Known As The Pontevedra Health Infirmary, And Appropriating Funds Therefor",Pontevedra Health Infirmary,,,1804521000,Negros Occidental,not_found,0.28,,,,,,,BINALBAGAN INFIRMARY
7420,1992-04-14,1992,8,convert,"An Act Converting The Rural Health Unit In The Municipality Of Lagonoy, Province Of Camarines Sur, Into A Five-bed Capacity Health Infirmary, To Be Known As The Lagonoy Health Infirmary, And Appropriating Funds Therefor",Lagonoy Health Infirmary,,,0501717000,Camarines Sur,not_found,0.35,,,,,,,SAGÑAY INFIRMARY
7421,1992-04-14,1992,8,convert,"An Act Converting The Rural Health Unit In The Municipality Of Paracale, Province Of Camarines Norte, Into A Five-bed Capacity Health Infirmary, To Be Known As The Paracale Health Infirmary, And Appropriating Funds Therefor",Paracale Health Infirmary,,,0501608000,Camarines Norte,not_found,0.15,,,,,,,CAPALONGA MEDICARE AND COMMUNITY HOSPITAL
7422,1992-04-14,1992,8,convert,"An Act Converting The Rural Health Unit In The Municipality Of Cuartero, Province Of Capiz, Into A Five-bed Capacity Health Infirmary, To Be Known As The Cuartero Health Infirmary, And Appropriating Funds Therefor",Cuartero Health Infirmary,,,0601901000,Capiz,not_found,0.14,,,,,,,MAMBUSAO DISTRICT HOSPITAL
7423,1992-04-14,1992,8,convert,"An Act Converting The Rural Health Unit In The Municipality Of Ivisan, Province Of Capiz, Into A Five-bed Capacity Health Infirmary, To Be Known As The Ivisan Health Infirmary, And Appropriating Funds Therefor",Ivisan Health Infirmary,,,0601905000,Capiz,not_found,0.14,,,,,,,ROXAS MEMORIAL PROVINCIAL HOSPITAL
7424,1992-04-14,1992,8,convert,"An Act Converting The Rural Health Unit In The Municipality Of Sto. Tomas, Province Of Pampanga, Into A Five-bed Capacity Health Infirmary, To Be Known As The Sto. Tomas Health Infirmary, And Appropriating Funds Therefor",Sto. Tomas Health Infirmary,,,0305421000,Pampanga,not_found,0.29,,,,,,,CANDABA MUNICIPAL INFIRMARY
7428,1992-04-14,1992,8,convert,"An Act Converting The Rural Health Unit In The Food Terminal, Inc., Complex In The Municipality Of Tagig, Metro Manila, Into A Five-bed Capacity Health Infirmary, To Be Known As The Tagig (Fti) Health Infirmary, And Appropriating Funds Therefor",Tagig Health Infirmary,,,1381500000,Metro Manila,not_found,0.0,,,,,,,
7429,1992-04-14,1992,8,convert,"An Act Converting The Rural Health Unit In The Municipality Of Carmen, Province Of Davao Del Norte, Into A Five-bed Capacity Health Infirmary, To Be Known As The Carmen Health Infirmary, And Appropriating Funds Therefor",Carmen Health Infirmary,,,1102303000,Davao del Norte,not_found,0.23,,,,,,,CARMEN MUNICIPAL HOSPITAL
7433,1992-04-23,1992,8,rename,"An Act Changing The Name Of The Surigao Del Sur Provincial Hospital In The Municipality Of Tandag, Province Of Surigao Del Sur, To Adela Serra Ty Memorial Hospital",,,,1606819000,Surigao del Sur,no_name,0.0,,,,,,,
7434,1992-04-23,1992,8,rename,"An Act Changing The Name Of The Doña Maria D. Tan Memorial Hospital In The City Of Tangub, Province Of Misamis Occidental, To Ninoy Aquino Memorial Hospital",,,,1004215000,Misamis Occidental,no_name,0.0,,,,,,,
7435,1992-04-23,1992,8,other,An Act Naming The Jagna District Hospital As The Teodoro B. Galagar District Hospital,,,,,,no_name,0.0,,,,,,,
7436,1992-04-23,1992,8,upgrade,"An Act Expanding And Upgrading The Aurora Memorial Hospital In The Municipality Of Baler, Province Of Aurora, From A Twenty-five-bed Capacity District Hospital Into A One Hundred-bed Capacity Provincial Hospital, To Be Known As The Aurora Provincial Hospital, And Appropriating Funds Therefor",Aurora Provincial Hospital,,,0307701000,Aurora,not_found,0.4,,,,,,,AURORA MEMORIAL HOSPITAL
7437,1992-04-23,1992,8,upgrade,"An Act Expanding And Upgrading The Lakewood Municipal Hospital In The Municipality Of Lakewood, Province Of Zamboanga Del Sur, From A Ten-bed Capacity Municipal Hospital Into A Twenty-five-bed Capacity District Hospital, To Be Known As The Lakewood District Hospital, And Appropriating Funds Therefor",Lakewood District Hospital,,,0907333000,Zamboanga del Sur,not_found,0.25,,,,,,,MAHAYAG MUNICIPAL HOSPITAL
7442,1992-04-27,1992,8,increase,"An Act Increasing The Bed Capacity Of The Sara District Hospital In The Municipality Of Sara, Province Of Iloilo, To 100 Beds And Appropriating Funds Therefor",Sara District Hospital,,,0603044000,Iloilo,found,0.95,town,,SARA DISTRICT HOSPITAL,74,LEVEL 1,G,SARA DISTRICT HOSPITAL
7443,1992-04-27,1992,8,increase,"An Act Increasing The Bed Capacity Of The Alfonso Ponce Enrile Memorial District Hospital In The Municipality Of Gonzaga, Province Of Cagayan, From Twenty-five (25) To Fifty (50) Beds, And Appropriating Funds Therefor",Alfonso Ponce Enrile Memorial District Hospital,25,50,0201514000,Cagayan,found,1.0,town,,ALFONSO PONCE ENRILE MEMORIAL DISTRICT HOSPITAL,25,LEVEL 1,G,ALFONSO PONCE ENRILE MEMORIAL DISTRICT HOSPITAL
7444,1992-04-27,1992,8,increase,"An Act Increasing The Bed Capacity Of The Laurel Memorial District Hospital In The Municipality Of Tanauan, Province Of Batangas, From Twenty-five (25) To Fifty (50) Beds, And Appropriating Funds Therefor",Laurel Memorial District Hospital,25,50,0401031000,Batangas,found,1.0,town,,LAUREL MEMORIAL DISTRICT HOSPITAL,25,LEVEL 1,G,LAUREL MEMORIAL DISTRICT HOSPITAL
7445,1992-04-27,1992,8,increase,"An Act Increasing The Bed Capacity Of The Congressman Luis Hora Memorial Hospital In Mountain Province, And Appropriating Funds Therefor",Congressman Luis Hora Memorial Hospital,,,,Mountain Province,found,1.0,province,,LUIS HORA MEMORIAL REGIONAL HOSPITAL,200,LEVEL 2,G,LUIS HORA MEMORIAL REGIONAL HOSPITAL
7446,1992-04-27,1992,8,increase,"An Act Increasing The Seventy-five-bed Capacity Of The Baliuag District Hospital In Baliuag, Bulacan To One Hundred (100) To Accommodate More Patients Who Are Seeking Treatment In Said Hospital",Baliuag District Hospital,,,,,found,1.0,national,,BALIUAG DISTRICT HOSPITAL,100,LEVEL 1,G,BALIUAG DISTRICT HOSPITAL
7447,1992-04-27,1992,8,increase,"An Act Increasing The Bed Capacity Of The District Hospital Of The Municipality Of Bongabon, Province Of Nueva Ecija, From Twenty-five (25) To Fifty (50) Beds, And Appropriating Funds Therefor",District Hospital Of The Municipality Of Bongabon,25,50,0304902000,Nueva Ecija,not_found,0.24,,,,,,,GAPAN DISTRICT HOSPITAL
7450,1992-04-27,1992,8,convert,"An Act Converting The Rural Health Unit In The Municipality Of Sta. Elena, Province Of Camarines Norte, Into A Five-bed Capacity Health Infirmary, To Be Known As The Sta. Elena Health Infirmary, And Appropriating Funds Therefor",Sta. Elena Health Infirmary,,,0501610000,Camarines Norte,not_found,0.08,,,,,,,LABO DISTRICT HOSPITAL
7451,1992-04-27,1992,8,convert,"An Act Converting The Rural Health Unit In The Municipality Of New Corella, Province Of Davao Del Norte, Into A Five-bed Capacity Health Infirmary, To Be Known As The New Corella Health Infirmary, And Appropriating Funds Therefor",New Corella Health Infirmary,,,1102314000,Davao del Norte,not_found,0.09,,,,,,,DAVAO REGIONAL MEDICAL CENTER
7452,1992-04-27,1992,8,convert,"An Act Converting The Nearest Rural Health Unit Along The Boundary Of The Municipality Of Alfonso And The Municipality Of Mendez, Province Of Cavite, Into A Five-bed Capacity Health Infirmary, To Be Known As The Alfonso-mendez Health Infirmary, And Appropriating Funds Therefor",Alfonso-mendez Health Infirmary,,,,Cavite,not_found,0.0,,,,,,,
7453,1992-04-27,1992,8,convert,"An Act Converting The Rural Health Unit 11 In The Municipality Of Talisay, Province Of Cebu, Into A Five-bed Capacity Health Infirmary, To Be Known As The Talisay Health Infirmary, And Appropriating Funds Therefor",Talisay Health Infirmary,,,0702250000,Cebu,not_found,0.15,,,,,,,CEBU CITY MEDICAL CENTER
7454,1992-04-27,1992,8,convert,"An Act Converting The Camarines Sur Provincial Hospital Into The Bicol Regional Training And Teaching Hospital, Defining Its Functions, Responsibilities, Powers And Authority, And Appropriating Funds Therefor",Camarines Sur Provincial Hospital,,,,,no_place,0.0,,,,,,,
7455,1992-04-27,1992,8,convert,"An Act Converting The Rural Health Unit In The Municipality Of Plgkawayan, Province Of Cotabato, Into A Five-bed Capacity Health Infirmary, To Be Known As The Pigkawayan Health Infirmary, And Appropriating Funds Therefor",Pigkawayan Health Infirmary,,,1204711000,Cotabato,not_found,0.16,,,,,,,COTABATO REGIONAL AND MEDICAL CENTER
7456,1992-04-27,1992,8,convert,"An Act Converting The Rural Health Unit In The Municipality Of Allacapan, Province Of Cagayan, Into A Five-bed Capacity Health Infirmary, To Be Known As The Allacapan Health Infirmary, And Appropriating Funds Therefor",Allacapan Health Infirmary,,,0201503000,Cagayan,not_found,0.35,,,,,,,CALAYAN INFIRMARY
7457,1992-04-27,1992,8,convert,"An Act Converting The Rural Health Unit In The Municipality Of Tagbina, Province Of Surigao Del Sur, Into A Five-bed Capacity Health Infirmary, To Be Known As The Tagbina Health Infirmary, And Appropriating Funds Therefor",Tagbina Health Infirmary,,,1606817000,Surigao del Sur,not_found,0.16,,,,,,,MARIHATAG DISTRICT HOSPITAL
7458,1992-04-27,1992,8,convert,"An Act Converting The Rural Health Unit In Don Mariano Marcos Avenue, Congressional Hills, Quezon City, Into A Five-bed Capacity Health Infirmary, To Be Known As The Congressional Hills Health Infirmary, And Appropriating Funds Therefor",Congressional Hills Health Infirmary,,,1381300000,Metro Manila,not_found,0.0,,,,,,,
7481,1992-05-05,1992,8,convert,"An Act Converting The Rural Health Unit In The Municipality Of Pilar, Camotes Island, Province Of Cebu, Into A Five-bed Capacity Health Infirmary, To Be Known As The Pilar Health Infirmary, And Appropriating Funds Therefor",Pilar Health Infirmary,,,0702236000,Cebu,not_found,0.15,,,,,,,CEBU CITY MEDICAL CENTER
7482,1992-05-05,1992,8,convert,"An Act Converting The Rural Health Unit In The Municipality Of Barobo, Province Of Surigao Del Sur, Into A Five-bed Capacity Health Infirmary, To Be Known As The Barobo Health Infirmary, And Appropriating Funds Therefor",Barobo Health Infirmary,,,1606801000,Surigao del Sur,not_found,0.13,,,,,,,BISLIG DISTRICT HOSPITAL
7483,1992-05-05,1992,8,increase,"An Act Increasing The Bed Capacity Of The Pres. Carlos P. Garcia Provincial Hospital In The Municipality Of Talibon, Province Of Bohol, From Seventy-five (75) To One Hundred (100) Beds, And Relocating The Said Hospital In San Jose, Talibon, Bohol, And Appropriating Funds Therefor",Pres. Carlos P. Garcia Provincial Hospital,75,100,0701243000,Bohol,found,1.0,province,,PRES. CARLOS P. GARCIA MUNICIPAL HOSPITAL,10,INF/DISP,G,PRES. CARLOS P. GARCIA MUNICIPAL HOSPITAL
7484,1992-05-05,1992,8,convert,"An Act Converting The Rural Health Unit In The Municipality Of Abulog, Province Of Cagayan, Into A Five-bed Capacity Health Infirmary, To Be Known As The Abulog Health Infirmary, And Appropriating Funds Therefor",Abulog Health Infirmary,,,,Cagayan,not_found,0.0,,,,,,,
7487,1992-05-05,1992,8,convert,An Act Converting The Guimaras District Hospital From Its Present Twenty-five-bed Capacity Into A Seventy-five-bed Capacity And Appropriating Funds Therefor,Guimaras District Hospital,,,,,no_place,0.0,,,,,,,
7519,1992-05-21,1992,8,convert,"An Act Converting The Currimao Health Center In Barangay Poblacion Uno, Municipality Of Currimao, Province Of Ilocos Norte, Into A Five-bed Capacity Health Infirmary, To Be Known As The Currimao Health Infirmary, And Appropriating Funds Therefor",Currimao Health Infirmary,,,0102808000,Ilocos Norte,not_found,0.14,,,,,,,BANGUI DISTRICT HOSPITAL
7520,1992-05-21,1992,8,increase,"An Act Increasing The Bed Capacity Of The Butuan City General Hospital In Agusan Del Norte From One Hundred (100) To One Hundred Twenty-five (125) Beds, Upgrading It Into A Provincial Hospital To Be Known As The Agusan Del Norte Provincial Hospital, And Appropriating Funds Therefor",Butuan City General Hospital,100,125,1630400000,Agusan del Norte,not_found,0.3,,,,,,,JABONGA MUNICIPAL HOSPITAL
7521,1992-05-21,1992,8,upgrade,"An Act Expanding And Upgrading The Tinambac Medicare Hospital In The Municipality Of Tinambac, Province Of Camarines Sure, From A Fifteen-bed Capacity Medicare Hospital Into A Twenty-five-bed Capacity District Hospital, To Be Known As The Tinambac District Hospital, And Appropriating Funds Therefor",Tinambac District Hospital,,,0501737000,Camarines Sur,not_found,0.41,,,,,,,RAGAY DISTRICT HOSPITAL
7522,1992-05-21,1992,8,increase,"An Act Increasing The Bed Capacity Of The Dra. Olivia Salamanca Hospital In Cavite City, From Fifty (50) To Seventy-five (75) Beds, And Appropriating Funds Therefor",Dra. Olivia Salamanca Hospital,50,75,0402105000,Cavite,found,1.0,town,,DRA. OLIVIA SALAMANCA MEMORIAL DISTRICT HOSPITAL,10,INF/DISP,G,DRA. OLIVIA SALAMANCA MEMORIAL DISTRICT HOSPITAL
7523,1992-05-21,1992,8,increase,"An Act Increasing The Bed Capacity Of The Lipa City Hospital In Lipa City From Seventy-five (75) To One Hundred (100) Beds, And Appropriating Funds Therefor",Lipa City Hospital,75,100,0401014000,Batangas,found,0.95,town,,LIPA CITY HOSPITAL SYSTEM 1,70,LEVEL 1,G,LIPA CITY HOSPITAL SYSTEM 1
7524,1992-05-21,1992,8,convert,"An Act Converting The Rural Health Unit In The Municipality Of Moncada, Province Of Tarlac, Into A Five-bed Capacity Health Infirmary, To Be Known As The Moncada Health Infirmary, And Appropriating Funds Therefor",Moncada Health Infirmary,,,0306909000,Tarlac,not_found,0.16,,,,,,,TARLAC PROVINCIAL HOSPITAL
7525,1992-05-21,1992,8,increase,"An Act Increasing The Bed Capacity Of The Vigan Provincial Hospital In The Municipality Of Vigan, Province Of Ilocos Sur, From One Hundred (100) To One Hundred Twenty-five (125) Beds, And Appropriating Funds Therefor",Vigan Provincial Hospital,100,125,0102934000,Ilocos Sur,not_found,0.29,,,,,,,CITY OF CANDON HOSPITAL
7526,1992-05-21,1992,8,convert,"An Act Converting The Rural Health Unit I In The Municipality Of Victoria, Province Of Tarlac, Into A Five-bed Capacity Health Infirmary, To Be Known As The Victoria Health Infirmary, And Appropriating Funds Therefor",Victoria Health Infirmary,,,0306917000,Tarlac,not_found,0.18,,,,,,,TARLAC PROVINCIAL HOSPITAL
7527,1992-05-21,1992,8,convert,"An Act Converting The Rural Health Unit I In The Municipality Of Gerona, Province Of Tarlac, Into A Five-bed Capacity Health Infirmary, To Be Known As The Gerona Health Infirmary, And Appropriating Funds Therefor",Gerona Health Infirmary,,,0306906000,Tarlac,not_found,0.17,,,,,,,PANIQUI GENERAL HOSPITAL
7528,1992-05-21,1992,8,rename,An Act Changing The Name Of The Southern Islands Medical Center In The City Of Cebu To Vicente Sotto Memorial Medical Center,,,,0730600000,Cebu,no_name,0.0,,,,,,,
7531,1992-05-22,1992,8,increase,"An Act Increasing The Bed Capacity Of The Northern La Union Maternity And Children's Hospital In The Municipality Of Balaoan, Province Of La Union, From Twenty-five (25) To Fifty (50) Beds, And Appropriating Funds Therefor",Northern La Union Maternity And Children's Hospital,25,50,0103305000,La Union,found,0.95,town,Balaoan District Hospital,BALAOAN DISTRICT HOSPITAL,25,LEVEL 1,G,BALAOAN DISTRICT HOSPITAL
7532,1992-05-22,1992,8,increase,"An Act Increasing The Bed Capacity Of The Batangas Regional Hospital In Batangas City From Two Hundred (200) To Two Hundred Fifty (250) Beds, And Appropriating Funds Therefor",Batangas Regional Hospital,200,250,0401005000,Batangas,not_found,0.35,,,,,,,BAUAN GENERAL HOSPITAL
7533,1992-05-22,1992,8,increase,"An Act Increasing The Bed Capacity Of The Don Amadeo J. Perez, Sr., Memorial General Hospital In The Municipality Of Urdaneta, Province Of Pangasinan, From Fifty (50) To Seventy-five (75) Beds, And Appropriating Funds Therefor",,50,75,0105546000,Pangasinan,no_name,0.0,,,,,,,
7534,1992-05-22,1992,8,increase,"An Act Increasing The Bed Capacity Of The Integrated Provincial Health Office - Roxas Memorial General Hospital In Roxas City, Province Of Capiz, From Its Present Seventy-five Beds To One Hundred Fifty Beds, And Appropriating Funds Therefor",Integrated Provincial Health Office - Roxas Memorial General Hospital,,150,0601914000,Capiz,not_found,0.0,,,,,,,
7535,1992-05-22,1992,8,increase,"An Act Increasing The Bed Capacity Of The Dinalupihan District Hospital In The Municipality Of Dinalupihan, Province Of Bataan, From Twenty-five (25) To Fifty (50) Beds, And Appropriating Funds Therefor",Dinalupihan District Hospital,25,50,0300804000,Bataan,found,1.0,town,"Jose C. Payumo, Jr., Memorial Hospital",JOSE C. PAYUMO JR. MEMORIAL HOSPITAL,100,LEVEL 1,G,JOSE C. PAYUMO JR. MEMORIAL HOSPITAL
7536,1992-05-22,1992,8,increase,"An Act Increasing The Bed Capacity Of The Santa Cruz Emergency Hospital In The Municipality Of Santa Cruz, Province Of Marinduque, From Twenty-five (25) To Fifty (50) Beds, And Appropriating Funds Therefor",Santa Cruz Emergency Hospital,25,50,1704005000,Marinduque,not_found,0.4,,,,,,,STA. CRUZ COMMUNITY HOSPITAL
7537,1992-05-22,1992,8,increase,"An Act Increasing The Bed Capacity Of The Calapan Provincial Hospital In The Municipality Of Calapan, Province Of Oriental Mindoro, From One Hundred (100) To One Hundred Fifty (150) Beds, And Appropriating Funds Therefor",Calapan Provincial Hospital,100,150,1705205000,Oriental Mindoro,not_found,0.37,,,,,,,ORIENTAL MINDORO PROVINCIAL HOSPITAL
7538,1992-05-22,1992,8,increase,"An Act Increasing The Bed Capacity Of The Roxas Medicare Hospital In The Municipality Of Roxas, Province Of Palawan, From Fifteen (15) To Twenty-five (25) Beds, Upgrading It Into A District Hospital To Be Known As The Roxas District Hospital, And Appropriating Funds Therefor",Roxas Medicare Hospital,15,25,1705318000,Palawan,found,0.95,town,,ROXAS MEDICARE HOSPITAL,25,INF/DISP,G,ROXAS MEDICARE HOSPITAL
7539,1992-05-22,1992,8,increase,"An Act Increasing The Bed Capacity Of The Las Piñas District Hospital In Las Piñas From Twenty-five (25) To Fifty (50) Beds, And Appropriating Funds Therefor",Las Piñas District Hospital,25,50,,,no_place,0.0,,,,,,,
7540,1992-05-22,1992,8,increase,"An Act Increasing The Bed Capacity Of The Danao City Emergency Hospital In Danao City, Province Of Cebu, From Twenty-five (25) To Fifty (50) Beds, And Approriating Funds Therefor",Danao City Emergency Hospital,25,50,0702223000,Cebu,not_found,0.21,,,,,,,CEBU CITY MEDICAL CENTER
7541,1992-05-22,1992,8,increase,"An Act Increasing The Bed Capacity Of The Balamban Municipal Hospital In The Municipality Of Balamban, Province Of Cebu, From Ten (10) To Twenty-five (25) Beds, And Appropriating Funds Therefor",Balamban Municipal Hospital,10,25,0702208000,Cebu,not_found,0.25,,,,,,,CEBU PROVINCIAL HOSPITAL - BALAMBAN
7542,1992-05-22,1992,8,increase,"An Act Increasing The Bed Capacity Of The Hinunangan Community Hospital In The Municipality Of Hinunangan, Province Of Southern Leyte, From Ten (10) To Twenty-five (25) Beds, Upgrading It Into A District Hospital To Be Known As The Hinunangan District Hospital, And Appropriating Funds Therefor",Hinunangan Community Hospital,10,25,0806403000,Southern Leyte,found,0.95,town,,HINUNANGAN COMMUNITY HOSPITAL,10,INF/DISP,G,HINUNANGAN COMMUNITY HOSPITAL
7543,1992-05-22,1992,8,increase,"An Act Increasing The Bed Capacity Of The Libmanan District Hospital In The Municipality Of Libmanan, Province Of Camarines Sur, From Fifty (50) To One Hundred (100) Beds, And Appropriating Funds Therefor",Libmanan District Hospital,50,100,0501718000,Camarines Sur,found,0.95,town,,LIBMANAN DISTRICT HOSPITAL,25,LEVEL 1,G,LIBMANAN DISTRICT HOSPITAL
7544,1992-05-22,1992,8,increase,"An Act Increasing The Bed Capacity Of The Ragay District Hospital In The Municipality Of Ragay, Province Of Camarines Sur, From Twenty-five (25) To Fifty (50) Beds, And Appropriating Funds Therefor",Ragay District Hospital,25,50,0501730000,Camarines Sur,found,0.95,town,,RAGAY DISTRICT HOSPITAL,25,INF/DISP,G,RAGAY DISTRICT HOSPITAL
7545,1992-05-22,1992,8,establish,"An Act Establishing A Five-bed Capacity Health Infirmary In The Municipality Of Angat, Province Of Bulacan, To Be Known As The Angat Health Infirmary, And Appropriating Funds Therefor",Angat Health Infirmary,,,0301401000,Bulacan,not_found,0.18,,,,,,,BULACAN MEDICAL CENTER
7546,1992-05-22,1992,8,upgrade,"An Act Expanding And Upgrading The Medicare Community Hospital In The Municipality Of San Miguel, Province Of Surigao Del Sur, From A Ten-bed Capacity Medicare Hospital Into A Twenty-five-bed Capacity District Hospital, To Be Known As The San Miguel District Hospital, And Appropriating Funds Therefor",San Miguel District Hospital,,,1606816000,Surigao del Sur,found,0.95,town,,SAN MIGUEL DISTRICT HOSPITAL,50,LEVEL 1,G,SAN MIGUEL DISTRICT HOSPITAL
7547,1992-05-22,1992,8,upgrade,"An Act Expanding And Upgrading The San Jose Medicare Hospital In The Municipality Of San Jose, Province Of Camarines Sur, From A Fifteen-bed Capacity Medicare Hospital Into A Twenty-five-bed Capacity District Hospital, To Be Known As The Partido District Hospital, And Appropriating Funds Therefor",Partido District Hospital,,,0501733000,Camarines Sur,not_found,0.0,,,,,,,
7548,1992-05-22,1992,8,upgrade,"An Act Expanding And Upgrading The Malay Municipal Hospital In Barangay Balusbus, Municipality Of Malay, Province Of Aklan, From A Ten-bed Capacity Municipal Hospital To A Twenty-five-bed Capacity District Hospital, To Be Known As The Malay District Hospital, And Appropriating Funds Therefor",Malay District Hospital,,,0600412000,Aklan,not_found,0.45,,,,,,,IBAJAY DISTRICT HOSPITAL
7555,1992-05-26,1992,8,convert,"An Act Converting The Rural Health Unit In The Municipality Of Cabanglasan, Province Of Bukidnon, Into A Five-bed Capacity Health Infirmary, To Be Known As The Cabanglasan Health Infirmary, And Appropriating Funds Therefor",Cabanglasan Health Infirmary,,,1001322000,Bukidnon,not_found,0.31,,,,,,,QUEZON HEALTH CENTER INFIRMARY
7556,1992-05-26,1992,8,convert,An Act Converting The Southern Isabela District From Twenty-five-bed Capacity Of Fifty-bed Capacity,,,,,,no_name,0.0,,,,,,,
7557,1992-05-26,1992,8,convert,"An Act Converting The Rural Health Unit In The Municipality Of Guinsiliban, Province Of Camiguin, Into A Five-bed Capacity Health Infirmary, To Be Known As The Guinsiliban Health Infirmary, And Appropriating Funds Therefor",Guinsiliban Health Infirmary,,,1001802000,Camiguin,not_found,0.17,,,,,,,CAMIGUIN GENERAL HOSPITAL
7558,1992-05-26,1992,8,convert,"An Act Converting The Rural Health Unit In Novaliches, Second District Of Quezon City, Into A Five-bed Capacity Health Infirmary, To Be Known As The Novaliches Health Infirmary, And Appropriating Funds Therefor",Novaliches Health Infirmary,,,1381300000,Metro Manila,found,1.0,town,,NOVALICHES DISTRICT HOSPITAL,30,LEVEL 1,G,NOVALICHES DISTRICT HOSPITAL
7559,1992-05-26,1992,8,convert,"An Act Converting The Rural Health Unit In The Municipality Of Paombong, Province Of Bulacan, Into A Five-bed Capacity Health Infirmary, To Be Known As The Paombong Health Infirmary, And Appropriating Funds Therefor",Paombong Health Infirmary,,,0301416000,Bulacan,not_found,0.15,,,,,,,BULACAN MEDICAL CENTER
7560,1992-05-26,1992,8,convert,"An Act Converting The Rural Health Unit In The Municipality Of Impasug-ong, Province Of Bukidnon, Into A Five-bed Capacity Health Infirmary, To Be Known As The Impasug-ong Health Infirmary, And Appropriating Funds Therefor",Impasug-ong Health Infirmary,,,1001305000,Bukidnon,not_found,0.34,,,,,,,QUEZON HEALTH CENTER INFIRMARY
7561,1992-05-26,1992,8,convert,"An Act Converting The Rural Health Unit In The Municipality Of President Roxas, Province Of Cotabato, Into A Five-bed Capacity Health Infirmary, To Be Known As The President Roxas Health Infirmary, And Appropriating Funds Therefor",President Roxas Health Infirmary,,,1204713000,Cotabato,not_found,0.29,,,,,,,PRESIDENT ROXAS PROVINCIAL COMMUNITY HOSPITAL
7562,1992-05-26,1992,8,convert,"An Act Converting The Rural Health Unit In The Municipality Of Sta. Maria, Province Of Davao Del Sur, Into A Five-bed Capacity Health Infirmary, To Be Known As The Sta. Maria Health Infirmary, And Appropriating Funds Therefor",Sta. Maria Health Infirmary,,,1108604000,Davao Occidental,not_found,0.16,,,,,,,DAVAO OCCIDENTAL GENERAL HOSPITAL
7563,1992-05-26,1992,8,convert,"An Act Converting The Rural Health Unit In The Municipality Of Murcia, Province Of Negros Occidental, Into A Five-bed Capacity Health Infirmary, To Be Known As The Murcia Health Infirmary, And Appropriating Funds Therefor",Murcia Health Infirmary,,,1804520000,Negros Occidental,not_found,0.3,,,,,,,BINALBAGAN INFIRMARY
7564,1992-05-26,1992,8,convert,"An Act Converting The Rural Health Unit In The Municipality Of Dulag, Province Of Leyte, Into A Five-bed Capacity Health Infirmary, To Be Known As The Dulag Health Infirmary, And Appropriating Funds Therefor",Dulag Health Infirmary,,,0803718000,Leyte,not_found,0.31,,,,,,,BARUGO MUNICIPAL INFIRMARY
7565,1992-05-26,1992,8,convert,"An Act Converting The Rural Health Unit In The Municipality Of Silago, Province Of Southern Leyte, Into A Five-bed Capacity Health Infirmary, To Be Known As The Silago Health Infirmary, And Appropriating Funds Therefor",Silago Health Infirmary,,,0806416000,Southern Leyte,not_found,0.17,,,,,,,LILOAN COMMUNITY HOSPITAL
7566,1992-05-26,1992,8,convert,"An Act Converting The Jesus M. Colmenares District Hospital In The Municipality Of Balasan, Province Of Iloilo, Into A Fifty-bed Capacity District Hospital, To Be Known As The Jesus M. Colmenares District Hospital, And Appropriating Funds Therefor",Jesus M. Colmenares District Hospital,,,0603005000,Iloilo,found,1.0,town,,JESUS M. COLMENARES DISTRICT HOSPITAL,73,LEVEL 1,G,JESUS M. COLMENARES DISTRICT HOSPITAL
7567,1992-05-26,1992,8,convert,"An Act Converting The Rural Health Unit In The Municipality Of Kaputian, Province Of Davao Del Norte, Into A Five-bed Capacity Health Infirmary, To Be Known As The Kaputian Health Infirmary, And Appropriating Funds Therefor",Kaputian Health Infirmary,,,,Davao de Oro;Davao del Norte,not_found,0.0,,,,,,,
7568,1992-05-26,1992,8,convert,"An Act Converting The Rural Health Unit In The Municipality Of Kapalong, Province Of Davao Del Norte, Into A Five-bed Capacity Health Infirmary, To Be Known As The Kapalong Health Infirmary, And Appropriating Funds Therefor",Kapalong Health Infirmary,,,1102305000,Davao del Norte,not_found,0.17,,,,,,,DAVAO REGIONAL MEDICAL CENTER
7569,1992-05-26,1992,8,convert,"An Act Converting The Rural Health Unit In The Municipality Of Mabini, Province Of Davao, Into A Five-bed Capacity Health Infirmary, To Be Known As The Mabini Health Infirmary, And Appropriating Funds Therefor",Mabini Health Infirmary,,,,Davao Oriental;Davao del Norte;Davao del Sur,not_found,0.0,,,,,,,
7570,1992-05-26,1992,8,convert,"An Act Converting The Rural Health Unit In The Municipality Of Dinapigue, Province Of Isabela, Into A Five-bed Capacity Health Infirmary, To Be Known As The Dinapigue Health Infirmary, And Appropriating Funds Therefor",Dinapigue Health Infirmary,,,0203110000,Isabela,not_found,0.16,,,,,,,ECHAGUE DISTRICT HOSPITAL
7571,1992-05-26,1992,8,convert,"An Act Converting The Rural Health Unit In The Municipality Of El Nido, Province Of Palawan, Into A Five-bed Capacity Health Infirmary, To Be Known As The El Nido Health Infirmary, And Appropriating Funds Therefor",El Nido Health Infirmary,,,1705312000,Palawan,not_found,0.22,,,,,,,EL NIDO COMMUNITY HOSPITAL
7572,1992-05-26,1992,8,convert,"An Act Converting The Imus Health Center In The Municipality Of Imus, Province Of Cavite, Into A Five-bed Capacity Health Infirmary, To Be Known As The Imus Health Infirmary, And Appropriating Funds Therefor",Imus Health Infirmary,,,0402109000,Cavite,not_found,0.15,,,,,,,CAVITE MUNICIPAL HOSPITAL
7573,1992-05-26,1992,8,convert,"An Act Converting The Rural Health Unit In The Municipality Of Sta. Cruz, Province Of Davao Del Sur, Into A Five-bed Capacity Health Infirmary, To Be Known As The Sta. Cruz Health Infirmary, And Appropriating Funds Therefor",Sta. Cruz Health Infirmary,,,1102412000,Davao del Sur,not_found,0.25,,,,,,,STA. CRUZ DISTRICT HOSPITAL
7574,1992-05-26,1992,8,convert,"An Act Converting The Rural Health Unit In The Municipality Of Lupi, Province Of Camarines Sur, Into A Five-bed Capacity Health Infirmary, To Be Known As The Lupi Health Infirmary, And Appropriating Funds Therefor",Lupi Health Infirmary,,,0501719000,Camarines Sur,not_found,0.32,,,,,,,GOA MUNICIPAL INFIRMARY
7575,1992-05-26,1992,8,convert,"An Act Converting The Rural Health Unit In The Municipality Of Sapang Dalaga, Province Of Misamis Occidental, Into A Five-bed Capacity Health Infirmary, To Be Known As The Sapang Dalaga Health Infirmary, And Appropriating Funds Therefor",Sapang Dalaga Health Infirmary,,,1004213000,Misamis Occidental,not_found,0.15,,,,,,,MISAMIS OCCIDENTAL PROVINCIAL HOSPITAL
7587,1992-06-01,1992,8,convert,"An Act Converting The Rural Health Unit In The Municipality Of Linapacan, Province Of Palawan, Into A Five-bed Capacity Health Infirmary, To Be Known As The Linapacan Health Infirmary, And Appropriating Funds Therefor",Linapacan Health Infirmary,,,1705313000,Palawan,not_found,0.16,,,,,,,NARRA MUNICIPAL HOSPITAL
7588,1992-06-01,1992,8,increase,"An Act Increasing The Bed Capacity Of The Southern Islands Medical Center From Three Hundred Fifty (350) To Four Hundred (400) Beds, And Appropriating Funds Therefor",Southern Islands Medical Center,350,400,,,no_place,0.0,,Vicente Sotto Memorial Medical Center,,,,,
7589,1992-06-01,1992,8,increase,"An Act Increasing The Bed Capacity Of The Dr. Rafael Tumbokon Memorial Hospital In The Municipality Of Kalibo, Province Of Aklan, From One Hundred (100) To One Hundred Fifty (150) Beds, And Appropriating Funds Therefor",Dr. Rafael Tumbokon Memorial Hospital,100,150,0600407000,Aklan,found,1.0,town,,DR. RAFAEL S. TUMBOKON MEMORIAL HOSPITAL,300,LEVEL 2,G,DR. RAFAEL S. TUMBOKON MEMORIAL HOSPITAL
7590,1992-06-01,1992,8,other,"An Act Incresing The Bed Capacity Of The Sipocot District Hospital In The Municipality Of Sipocot, Province Of Camarines Sur, From Twenty-five (25) To Fifty (50) Beds, And Appropriating Funds Therefor",Sipocot District Hospital,25,50,0501734000,Camarines Sur,found,0.95,town,,SIPOCOT DISTRICT HOSPITAL,25,INF/DISP,G,SIPOCOT DISTRICT HOSPITAL
7591,1992-06-01,1992,8,convert,"An Act Converting The Rural Health Unit In The Municipality Of Sta. Ana, Province Of Cagayan, Into A Five-bed Capacity Health Infirmary, To Be Known As The Sta. Ana Health Infirmary, And Appropriating Funds Therefor",Sta. Ana Health Infirmary,,,0201523000,Cagayan,not_found,0.28,,,,,,,CALAYAN INFIRMARY
7592,1992-06-01,1992,8,increase,"An Act Increasing The Bed Capacity Of The Arayat District Hospital In The Municipality Of Arayat, Province Of Pampanga, From Twenty-five (25) To Fifty (50) Beds, And Appropriating Funds Therefor",Arayat District Hospital,25,50,0305403000,Pampanga,not_found,0.43,,,,,,,MABALACAT DISTRICT HOSPITAL
7593,1992-06-01,1992,8,increase,"An Act Increasing The Bed Capacity Of The Balitucan District Hospital In Magalang, Pampanga, From Twenty-five (25) To Fifty (50) Beds, And Appropriating Funds Therefor",Balitucan District Hospital,25,50,,,no_place,0.0,,,,,,,
7594,1992-06-01,1992,8,increase,"An Act Increasing The Bed Capacity Of The Taytay District Hospital In The Municipality Of Taytay, Province Of Palawan, From Twenty-five (25) To Fifty (50) Beds, And Appropriating Funds Therefor",Taytay District Hospital,25,50,1705320000,Palawan,not_found,0.42,,,,,,,BATARAZA DISTRICT HOSPITAL
7595,1992-06-01,1992,8,upgrade,"An Act Upgrading And Converting The Present Arakan Valley Municipal Hospital In The Province Of Cotabato, Into A Twenty-five-bed Capacity District Hospital, To Be Known As The Arakan Valley District Hospital, And Appropriating Funds Therefor",Arakan Valley District Hospital,,,,Cotabato,not_found,0.0,,,,,,,
7597,1992-06-02,1992,8,increase,"An Act Increasing The Bed Capacity Of The Rizal Memorial District Hospital In Dapitan City From Seventy-five (75) To One Hundred (100) Beds, And Appropriating Funds Therefor",Rizal Memorial District Hospital,75,100,0907201000,Zamboanga del Norte,found,1.0,town,Dr. Jose Rizal Memorial Hospital,DR. JOSE RIZAL MEMORIAL HOSPITAL,200,LEVEL 2,G,DR. JOSE RIZAL MEMORIAL HOSPITAL
7598,1992-06-02,1992,8,convert,"An Act Converting The Rural Health Unit In The Municipality Of Pinamungajan, Province Of Cebu, Into A Five-bed Capacity Health Infirmary, To Be Known As Pinamungajan Health Infirmary, And Appropriating Funds Therefor",Pinamungajan Health Infirmary,,,0702237000,Cebu,not_found,0.13,,,,,,,CEBU CITY MEDICAL CENTER
7599,1992-06-03,1992,8,increase,"An Act Increasing The Bed Capacity Of The Cuyo District Hospital In The Municipality Of Cuyo, Province Of Palawan, From Fifty (50) To Seventy-five (75) Beds, And Appropriating Funds Therefore",Cuyo District Hospital,50,75,1705310000,Palawan,found,0.95,town,,CUYO DISTRICT HOSPITAL,25,INF/DISP,G,CUYO DISTRICT HOSPITAL
7609,1992-06-11,1992,8,other,"An Act Providing For The Conversion Of Selected Municipal Main Health Centers As May Be Determined By Members Of The House Of Representatives And By The Department Of Health Into Municipal Health Infirmaries, And Appropriating Funds Therefor",,,,,,no_name,0.0,,,,,,,
7619,1992-06-25,1992,8,increase,"An Act Increasing The Bed Capacity Of The Lazi Medicare Community Hospital In The Municipality Of Lazi, Province Of Siquijor, Into Twenty-five (25) Beds, And Appropriating Funds Therefor",Lazi Medicare Community Hospital,,,1806103000,Siquijor,found,0.95,town,,LAZI MEDICARE COMMUNITY HOSPITAL,10,INF/DISP,G,LAZI MEDICARE COMMUNITY HOSPITAL
7620,1992-06-25,1992,8,convert,"An Act Converting The Rural Health Unit In The Municipality Of Basay, Province Of Negros Oriental, Into A Five-bed Capacity Health Infirmary, To Be Known As The Basay Health Infirmary, And Appropriating Funds Therefor",Basay Health Infirmary,,,1804605000,Negros Oriental,not_found,0.16,,,,,,,BAIS DISTRICT HOSPITAL
7627,1992-07-17,1992,8,increase,"An Act Increasing The Bed Capacity Of The Calbayog District Hospital, Calbayog, Western Samar, From Seventy-five (75) To One Hundred (100) Beds, And Appropriating Funds Therefor",Calbayog District Hospital,75,100,,,found,1.0,national,,CALBAYOG DISTRICT HOSPITAL,75,LEVEL 1,G,CALBAYOG DISTRICT HOSPITAL
7628,1992-07-17,1992,8,increase,"An Act Increasing The Bed Capacity Of The Sta. Cruz Medicare Community Hospital In The Municipality Of Sta. Cruz, Province Of Zambales, From Fifteen (15) To Twenty-five (25) Beds, And Appropriating Funds Therefor",Sta. Cruz Medicare Community Hospital,15,25,0307113000,Zambales,not_found,0.43,,,,,,,STA. CRUZ COMMUNITY HOSPITAL
7629,1992-07-17,1992,8,rename,"An Act Changing The Name Of The Northern La Union Maternity And Children's Hospital In The Municipality Of Balaoan, Province Of La Union, To Balaoan District Hospital",,,,0103305000,La Union,no_name,0.0,,,,,,,
7632,1992-07-17,1992,8,increase,"An Act Increasing The Bed Capacity Of The Manay District Hospital In The Municipality Of Manay, Province Of Davao Oriental, From Ten (10) To Twenty-five (25) Beds, And Appropriating Funds Therefor",Manay District Hospital,10,25,1102508000,Davao Oriental,not_found,0.24,,,,,,,DAVAO ORIENTAL PROVINCIAL HOSPITAL-MANAY
7785,1994-08-08,1994,9,establish,"An Act Establishing a Fifty-Bed Hospital in the First District of the City of Kalookan, Metro Manila, to Be Known as the Kalookan City First District Hospital, and Appropriating Funds Therefor",Kalookan City First District Hospital,,,1380100000,Metro Manila,not_found,0.0,,,,,,,
7799,1994-08-26,1994,9,establish,"An Act Establishing a District Hospital in the Municipality of Talisay, Province of Cebu, to Be Known as the Talisay District Hospital, and Appropriating Funds Therefor",Talisay District Hospital,,,0702250000,Cebu,found,1.0,town,Cebu South Medical Center,CEBU SOUTH MEDICAL CENTER,201,LEVEL 3,G,CEBU SOUTH MEDICAL CENTER
7810,1994-09-26,1994,9,establish,"An Act Establishing a Municipal Hospital in Barangay Mangogon, Municipality of Lagonoy, Province of Camarines Sur, to Be Known as the Mangogon, Lagonoy Municipal Hospital, and Appropriating Funds Therefor",,,,0501717000,Camarines Sur,no_name,0.0,,,,,,,
7830,1994-12-08,1994,9,separate,"An Act Separating the Barangay Basak-San Nicolas Extension Hospital in Basak, City of Cebu, from the Don Vicente Sotto Medical Center in the Same City and Converting It into a Specialty Hospital, to Be Known as the Saint Anthony Mother and Child Hospital, and Appropriating Funds Therefor",Saint Anthony Mother and Child Hospital,,,0730600000,Cebu,found,1.0,town,,SAINT ANTHONY MOTHER AND CHILD HOSPITAL,100,LEVEL 2,G,SAINT ANTHONY MOTHER AND CHILD HOSPITAL
7840,1994-12-16,1994,9,increase,"An Act Increasing the Bed Capacity of the Donsol District Hospital in the Municipality of Donsol, Province of Sorsogon, from Twenty-Five to Fifty Beds, and Appropriating Funds Therefor",Donsol District Hospital,25,50,0506207000,Sorsogon,found,0.95,town,,DONSOL DISTRICT HOSPITAL,25,LEVEL 1,G,DONSOL DISTRICT HOSPITAL
7842,1994-12-16,1994,9,establish,"An Act Establishing a One Hundred-Bed District Hospital in the Municipality of Tagig, Metro Manila, to Be Known as the Tagig-Pateros District Hospital, Appropriating Funds Therefor, and for Other Purposes",Tagig-Pateros District Hospital,,,1381500000,Metro Manila,not_found,0.5,,,,,,,TAGUIG-PATEROS DISTRICT HOSPITAL
7850,1994-12-24,1994,9,establish,"An Act Providing for the Establishment of a District Hospital in the Municipality of Conner, Province of Kalinga-Apayao, and Appropriating Funds Therefor",,,,1408102000,Apayao,no_name,0.0,,,,,,,
7855,1994-12-31,1994,9,establish,"An Act Establishing a Ten-Bed Municipal Hospital for the Municipality of Balabac in the Province of Palawan, and Appropriating Funds Therefor",,,,1705304000,Palawan,no_name,0.0,,,,,,,
7856,1994-12-31,1994,9,establish,"An Act Establishing a Ten-Bed Municipal Hospital in the Municipality of San Vicente, Province of Palawan, to Be Known as the San Vicente Municipal Hospital, and Appropriating Funds Therefor",San Vicente Municipal Hospital,,,1705319000,Palawan,not_found,0.39,,,,,,,SAN VICENTE DISTRICT HOSPITAL
7857,1995-01-21,1995,9,increase,"An Act Increasing the Bed Capacity of the Roxas District Hospital in the Municipality of Roxas, Province of Oriental Mindoro, from Twenty-Five to Fifty Beds, and Appropriating Funds Therefor",Roxas District Hospital,25,50,1705212000,Oriental Mindoro,not_found,0.39,,,,,,,ROXAS MEDICARE HOSPITAL
7892,1995-02-20,1995,9,create,"An Act Creating a Three Hundred-Bed Capacity Pangasinan Provincial Hospital in Lingayen, Pangasinan, and Appropriating Funds Therefor",,,,0105522000,Pangasinan,no_name,0.0,,,,,,,
7893,1995-02-20,1995,9,convert,"An Act Converting the Governor Teofilo Sison Memorial Hospital in Dagupan City Into a Three Hundred (300)-Bed Capacity Medical Center to Be Known as the Region I Medical Center, and Appropriating Funds Therefor",Region I Medical Center,,,0105518000,Pangasinan,found,1.0,town,,REGION I MEDICAL CENTER,300,LEVEL 3,G,REGION I MEDICAL CENTER
7937,1995-03-01,1995,9,convert,"An Act Converting the Mayor Hilarion A. Ramiro, Sr. General Hospital in Ozamis City, Misamis Occidental, into a Regional Training and Teaching Hospital to Be Known as the Mayor Hilarion A. Ramiro, Sr. Regional Training and Teaching Hospital, and Appropriating Funds Therefor","Mayor Hilarion A. Ramiro, Sr. General Hospital",,,1004210000,Misamis Occidental,found,1.0,town,,MAYOR HILARION A. RAMIRO SR. MEDICAL CENTER,550,LEVEL 3,G,MAYOR HILARION A. RAMIRO SR. MEDICAL CENTER
7938,1995-03-01,1995,9,upgrade,"An Act Upgrading and Converting the Northern Mindanao Regional Training Hospital in Cagayan de Oro City into a Medical Center, to Be Known as the Northern Mindanao Medical Center, and Appropriating Funds Therefor",Northern Mindanao Medical Center,,,1030500000,Misamis Oriental,found,1.0,town,,NORTHERN MINDANAO MEDICAL CENTER,600,LEVEL 3,G,NORTHERN MINDANAO MEDICAL CENTER
7943,1995-03-03,1995,9,convert,"An Act Converting the Amai Pakpak General Hospital in Marawi City, Lanao Del Sur, Into a Medical Center, to Be Known as the Amai Pakpak Medical Center, and Appropriating Funds Therefor",Amai Pakpak Medical Center,,,1903617000,Lanao del Sur,found,1.0,town,,AMAI PAKPAK MEDICAL CENTER,438,LEVEL 3,G,AMAI PAKPAK MEDICAL CENTER
7955,1995-03-29,1995,9,establish,"An Act Establishing a Ten-Bed District Hospital in Barangay Marilog, City of Davao, to Be Known as the Marilog District Hospital, and Appropriating Funds Therefor",Marilog District Hospital,,,1130700000,Davao del Sur,found,0.98,town,,CITY GOVERNMENT OF DAVAO - MARILOG DISTRICT HOSPITAL,10,INF/DISP,G,CITY GOVERNMENT OF DAVAO - MARILOG DISTRICT HOSPITAL
7956,1995-03-29,1995,9,establish,"An Act Establishing a Ten-Bed Capacity Emergency Hospital in the Municipality of Diadi, Province of Nueva Vizcaya, to Be Known as the Diadi Emergency Hospital, and Appropriating Funds Therefor",Diadi Emergency Hospital,,,0205006000,Nueva Vizcaya,found,0.95,town,,DIADI EMERGENCY HOSPITAL,25,INF/DISP,G,DIADI EMERGENCY HOSPITAL
7971,1995-03-30,1995,9,establish,"An Act Establishing a Ten-Bed Municipal Hospital in the Municipality of Aguinaldo, Province of Ifugao, to Be Known as the Aguinaldo Municipal Hospital, and Appropriating Funds Therefor",Aguinaldo Municipal Hospital,,,1402708000,Ifugao,not_found,0.38,,,,,,,HUNGDUAN MUNICIPAL HOSPITAL
7979,1995-04-22,1995,9,rename,"An Act Changing the Name of Dinas Municipal Hospital in the Municipality of Dinas, Province of Zamboanga Del Sur, to Don Santiago A. Nahial, Sr. Memorial Hospital",Dinas Municipal Hospital,,,0907306000,Zamboanga del Sur,not_found,0.4,,"Don Santiago A. Nahial, Sr. Memorial Hospital",,,,,MAHAYAG MUNICIPAL HOSPITAL
8003,1995-04-22,1995,9,declare,"An Act Declaring the Asinan Area, the Las Piñas Church and Bamboo Organ, the Las Piñas Bridge, the Father Diego Cera Bridge, and the Old District Hospital, All in the Municipality of Las Piñas, Metro Manila, as Tourist Spots",,,,1380200000,Metro Manila,no_name,0.0,,,,,,,
8018,1995-05-25,1995,9,other,"An Act Reverting the Name of Philippine Pediatric Hospital and Development Center in Quezon City, to Philippine Children's Medical Center",,,,1381300000,Metro Manila,no_name,0.0,,,,,,,
8019,1995-05-25,1995,9,upgrade,"An Act Upgrading the Eulogio Rodriguez, Sr. Memorial Hospital from a Provincial Hospital to a Medical Center, Renaming It as 'Amang' Rodriguez Medical Center, and Appropriating Funds Therefor","Eulogio Rodriguez, Sr. Memorial Hospital",,,,,no_place,0.0,,'Amang' Rodriguez Medical Center,,,,,
8020,1995-05-25,1995,9,rename,An Act Changing the Name of the National Kidney Institute to National Kidney and Transplant Institute and for Other Purposes,,,,,,no_name,0.0,,,,,,,
8051,1995-06-15,1995,9,convert,An Act Converting the Albay Provincial Hospital in Legazpi City into a Regional Training and Teaching Hospital to Be Known as the Bicol Regional Training and Teaching Hospital,Bicol Regional Training and Teaching Hospital,,,0500506000,Albay,found,1.0,province,,BICOL REGIONAL HOSPITAL AND MEDICAL CENTER,450,LEVEL 3,G,BICOL REGIONAL HOSPITAL AND MEDICAL CENTER
8052,1995-06-15,1995,9,other,"An Act Providing for the Conversion of the Cateel Medicare Hospital in the Municipality of Cateel, Province of Davao Oriental, into a District Hospital to Be Known as the Cateel District Hospital, and Appropriating Funds Therefor",Cateel District Hospital,,,1102505000,Davao Oriental,not_found,0.23,,,,,,,DAVAO ORIENTAL PROVINCIAL HOSPITAL - LUPON
8053,1995-06-15,1995,9,convert,"An Act Converting the Bicol Regional Training and Teaching Hospital into Bicol Medical Center, Defining its Functions, Responsibilities, Powers and Authority, and Appropriating Funds Therefor",Bicol Regional Training and Teaching Hospital,,,,,no_place,0.0,,,,,,,
8054,1995-06-15,1995,9,establish,"An Act Establishing a Twenty-Five-Bed Capacity District Hospital in the Municipality of Panamao, Province of Sulu, to Be Known as the Panamao District Hospital, and Appropriating Funds Therefor",Panamao District Hospital,,,,Sulu,not_found,0.95,,,,,,,PANAMAO DISTRICT HOSPITAL
8136,1995-07-16,1995,9,establish,"An Act Establishing a Ten-Bed Capacity Municipal Hospital in the Municipality of San Jose, Province of Surigao del Norte, to Be Known as the San Jose Municipal Hospital, and Appropriating Funds Therefor",San Jose Municipal Hospital,,,1608506000,Dinagat Islands,not_found,0.39,,,,,,,SAN JOSE CITY GENERAL HOSPITAL
8137,1995-07-16,1995,9,create,"An Act Creating a Twenty-Five-Bed Capacity Hospital in the Municipality of Ramon, Province of Isabela, to Be Known as the Ramon Municipal Hospital, and Appropriating Funds Therefor.",Ramon Municipal Hospital,,,0203124000,Isabela,not_found,0.33,,,,,,,ROXAS COMMUNITY HOSPITAL
8200,1996-07-30,1996,10,convert,"An Act Converting the Rizal Memorial District Hospital in Dapitan City into a Tertiary Hospital, Under the Full Administrative and Technical Supervision of the Department of Health, Which Shall Be Known as the Dr. Jose Rizal Memorial Hospital, and Appropriating Funds Therefor",Dr. Jose Rizal Memorial Hospital,,,0907201000,Zamboanga del Norte,found,1.0,town,,DR. JOSE RIZAL MEMORIAL HOSPITAL,200,LEVEL 2,G,DR. JOSE RIZAL MEMORIAL HOSPITAL
8255,1997-02-11,1997,10,convert,"An Act Converting The Surigao Del Norte Provincial Hospital In Surigao City Into A Regional Training Hospital To Be Known As Caraga Regional Hospital, And Appropriating Funds Therefor",Caraga Regional Hospital,,,1606724000,Surigao del Norte,found,1.0,town,,CARAGA REGIONAL HOSPITAL,300,LEVEL 2,G,CARAGA REGIONAL HOSPITAL
8313,1997-06-20,1997,10,upgrade,"An Act Upgrading The Quirino Memorial Medical Center, Appropriating Funds Therefor, And For Other Purposes",Quirino Memorial Medical Center,,,,,found,1.0,national,,QUIRINO MEMORIAL MEDICAL CENTER,639,LEVEL 3,G,QUIRINO MEMORIAL MEDICAL CENTER
8314,1997-06-20,1997,10,other,"An Act Designating The Luis Hora Memorial Hospital In Bauko, Mountain Province, As The Regional Hospital of The Cordillera Administrative Region, And Appropriating Funds Therefor",,,,,Mountain Province,no_name,0.0,,,,,,,
8316,1997-06-30,1997,10,upgrade,"An Act Upgrading The Cotabato Regional Hospital In Cotabato City Into A Medical Center To Be Known As The Cotabato Regional And Medical Center, And Appropriating Funds Therefor",Cotabato Regional And Medical Center,,,1908703000,Maguindanao del Norte,found,0.95,town,,COTABATO REGIONAL AND MEDICAL CENTER,602,LEVEL 3,G,COTABATO REGIONAL AND MEDICAL CENTER
8338,1997-08-08,1997,10,upgrade,"An Act Upgrading The Southern Isabela District Hospital In Santiago City, Province of Isabela, Into A Tertiary General Hospital, To Be Known As The Southern Isabela General Hospital, And Appropriating Funds Therefor",Southern Isabela General Hospital,,,0203135000,Isabela,found,1.0,town,,SOUTHERN ISABELA MEDICAL CENTER,350,LEVEL 3,G,SOUTHERN ISABELA MEDICAL CENTER
8343,1997-08-12,1997,10,convert,"An Act Converting The Adela Serra Ty Memorial Hospital In Tandag, Surigao Del Sur, Into A Tertiary Level Medical Center, Under The Full Administrative And Technical Supervision of The Department of Health (Doh), To Be Known As The Adela Serra Ty Memorial Medical Center, And Appropriating Funds Therefor",Adela Serra Ty Memorial Medical Center,,,,,found,1.0,national,,ADELA SERRA TY MEMORIAL MEDICAL CENTER,200,LEVEL 3,G,ADELA SERRA TY MEMORIAL MEDICAL CENTER
8344,1997-08-25,1997,10,other,"An Act Penalizing the Refusal of Hospitals and Medical Clinics to Administer Appropriate Initial Medical Treatment and Support in Emergency or Serious Cases, Amending for the Purpose Batas Pambansa Bilang 702, Otherwise Known as ""an Act Prohibiting the Demand of Deposits or Advance Payments for the Confinement or Treatment of Patients in Hospitals and Medical Clinics in Certain Cases""",,,,,,no_name,0.0,,,,,,,
8345,1997-08-25,1997,10,increase,"An Act Increasing The Bed Capacity of The East Avenue Medical Center Located In East Avenue, Quezon City, From Three Hundred And Fifty (350) To Six Hundred (600) Beds, Upgrading The Service-facilities And Professional Health Care Therein, And Appropriating Funds Therefor",East Avenue Medical Center,350,600,1381300000,Metro Manila,found,1.0,town,,EAST AVENUE MEDICAL CENTER,1000,LEVEL 3,G,EAST AVENUE MEDICAL CENTER
8372,1997-11-02,1997,10,convert,"An Act Converting The Don Jose S. Monfort Memorial Hospital In The Municipality of Barotac Nuevo, Province of Iloilo, Into A Tertiary Hospital, Functioning As An Extension of The Western Visayas Medical Center In Iloilo City To Be Known As The Don Jose S. Monfort Medical Center Extension Hospital, And Appropriating Funds Therefor",Don Jose S. Monfort Medical Center Extension Hospital,,,0603007000;0631000000,Iloilo,found,0.75,town,,DON JOSE S. MONFORT MEDICAL CENTER,150,LEVEL 2,G,DON JOSE S. MONFORT MEDICAL CENTER
8411,1997-11-27,1997,10,amend,"An Act Amending Republic Act No. 7364 by Converting the Ilocos Regional Hospital to Ilocos Training and Regional Medical Center, Further Increasing its Bed Capacity to Three Hundred Beds, and Appropriating Funds Therefor",Ilocos Regional Hospital,,,,,no_place,0.0,,,,,,,
8412,1997-11-27,1997,10,convert,"An Act Converting the Margosatubig District Hospital in Margosatubig, Zamboanga del Sur, into a Regional Hospital to Be Known as Margosatubig Regional Hospital and to Increase the Bed Capacity to Three Hundred (300) Beds, and Appropriating Funds Therefor",Margosatubig Regional Hospital and to Increase the Bed Capacity to Three Hundred Beds,,,0907317000,Zamboanga del Sur,not_found,0.0,,,,,,,
8454,1998-01-19,1998,10,upgrade,"An Act Upgrading the Batanes Provincial Hospital in Basco, Batanes, to Tertiary Level II Hospital to Be Known as the Batanes General Hospital",Batanes General Hospital,,,0200901000,Batanes,found,0.95,town,,BATANES GENERAL HOSPITAL,75,LEVEL 2,G,BATANES GENERAL HOSPITAL
8482,1998-02-10,1998,10,upgrade,"An Act Upgrading the Camiguin Island Hospital to Tertiary Level II to Be Known as the Camiguin General Hospital, and Appropriating Funds Therefor",Camiguin General Hospital,,,,,found,1.0,national,,CAMIGUIN GENERAL HOSPITAL,105,LEVEL 1,G,CAMIGUIN GENERAL HOSPITAL
8527,1998-02-14,1998,10,increase,"An Act Increasing the Bed Capacity of Dr. Paulino J. Garcia Memorial Research and Medical Center Extension Hospital in the Municipality of Talavera, Province of Nueva Ecija, from Ten (10) Beds to Fifty (50) Beds Capacity, and Appropriating Funds Therefor",Dr. Paulino J. Garcia Memorial Research and Medical Center Extension Hospital,10,50,0304930000,Nueva Ecija,not_found,0.75,,,,,,,DR. PAULINO J. GARCIA MEMORIAL RESEARCH & MEDICAL CENTER
8536,1998-02-23,1998,10,establish,"An Act Establishing the Far North Luzon General Hospital in Quirino, Municipality of Luna, Province of Apayao, and Appropriating Funds Therefor",Far North Luzon General Hospital,,,1408105000,Apayao,found,1.0,town,,FAR NORTH LUZON GENERAL HOSPITAL AND TRAINING CENTER,200,LEVEL 2,G,FAR NORTH LUZON GENERAL HOSPITAL AND TRAINING CENTER
8543,1998-02-23,1998,10,convert,"An Act Converting the Basilan Provincial Hospital in the Municipality of Isabela, Province of Basilan, into a Tertiary Hospital Under the Full Administrative and Technical Supervision of the Department of Health, Increasing its Capacity to One Hundred (100) Beds, and Appropriating Funds Therefor",Basilan Provincial Hospital,,,0990101000,Basilan,not_found,0.33,,,,,,,LAMITAN DISTRICT HOSPITAL
8549,1998-02-24,1998,10,upgrade,"An Act Upgrading the Seventy-Five (75)-Bed Capacity Puerto Princesa Provincial Hospital in the City of Puerto Princesa, Province of Palawan, into a Tertiary Level Hospital, Increasing the Capacity to One Hundred Fifty (150)-Bed, Which Shall Be Known as the Ospital ng Palawan, and Appropriating Funds Therefor",Seventy-Five-Bed Capacity Puerto Princesa Provincial Hospital,,,1731500000,Palawan,not_found,0.0,,,,,,,
8561,1998-02-26,1998,10,upgrade,"An Act Upgrading the Bataan Provincial Hospital in the Province of Bataan, into a Tertiary Level II Hospital, Increasing its Bed Capacity to Three Hundred Fifty (350) Beds, Under the Direct Control, Supervision and Management of the Department of Health, and Appropriating Funds Therefor, and for Other Purposes",Bataan Provincial Hospital,,,,Bataan,not_found,0.28,,,,,,,BATAAN GENERAL HOSPITAL AND MEDICAL CENTER
8599,1998-03-20,1998,10,convert,"An Act Converting the Cagayan Valley Regional Hospital into a Medical Center to Be Known as the Cagayan Valley Medical Center, and Authorizing the Appropriation of Funds Therefor",Cagayan Valley Medical Center,,,,,found,1.0,national,,CAGAYAN VALLEY MEDICAL CENTER,700,LEVEL 3,G,CAGAYAN VALLEY MEDICAL CENTER
8634,1998-05-07,1998,11,increase,"An Act Increasing the Bed Capacity of the Baguio General Hospital and Medical Center, Located in Baguio City, from Four Hundred (400) to Five Hundred (500) Beds, Upgrading the Servicefacilities and Professional Health Care Therein, and Appropriating Funds Therefor",Baguio General Hospital and Medical Center,400,500,1430300000,Benguet,found,0.95,town,,BAGUIO GENERAL HOSPITAL AND MEDICAL CENTER,600,LEVEL 3,G,BAGUIO GENERAL HOSPITAL AND MEDICAL CENTER
8658,1998-06-22,1998,11,increase,"An Act Increasing the Bed Capacity of Vicente Sotto Memorial Medical Center, Located in Cebu City, From Four Hundred (400) to Eight Hundred (800) Bed Capacity and Appropriating Funds Therefor",Vicente Sotto Memorial Medical Center,400,800,0730600000,Cebu,found,1.0,town,,VICENTE SOTTO MEMORIAL MEDICAL CENTER,1500,LEVEL 3,G,VICENTE SOTTO MEMORIAL MEDICAL CENTER
8693,1998-07-09,1998,11,establish,"An Act Establishing a Fifty-Bed Extension of the Gov. Celestino Gallares Memorial Regional Training Hospital in the Municipality of Ubay, Province of Bohol, to Be Known as the Don Emilio del Valle Memorial Hospital, and Appropriating Funds Therefor",Don Emilio del Valle Memorial Hospital,,,0701246000,Bohol,found,1.0,town,,DON EMILIO DEL VALLE MEMORIAL HOSPITAL,200,LEVEL 2,G,DON EMILIO DEL VALLE MEMORIAL HOSPITAL
9240,2004-02-10,2004,12,convert,An Act Converting the Las Piñas District Hospital into a Medical Center to Be Known as the Las Piñas General Hospital and Satellite Trauma Center and Appropriating Funds Therefor,Las Piñas General Hospital and Satellite Trauma Center,,,,,found,1.0,national,,LAS PIÑAS GENERAL HOSPITAL & SATELLITE TRAUMA CENTER,418,LEVEL 3,G,LAS PIÑAS GENERAL HOSPITAL & SATELLITE TRAUMA CENTER
9259,2004-03-02,2004,12,create,An Act Creating a Body Corporate to Be Known as the La Union Medical Center and for Other Purposes,La Union Medical Center,,,,,found,1.0,national,,LA UNION MEDICAL CENTER,100,LEVEL 2,G,LA UNION MEDICAL CENTER
9419,2007-04-10,2007,13,increase,An Act Increasing the Bed Capacity of the Amang Rodriguez Memorial Medical Center from One Hundred Fifty (150) to Three Hundred (300) Beds and Appropriating Funds Therefor,Amang Rodriguez Memorial Medical Center,150,300,,,found,1.0,national,,AMANG RODRIGUEZ MEMORIAL MEDICAL CENTER,300,LEVEL 3,G,AMANG RODRIGUEZ MEMORIAL MEDICAL CENTER
9420,2007-04-10,2007,13,convert,"An Act Converting Two Hundred (200) Beds of the 2000-Bed Dr. Jose N. Rodriguez Memorial Hospital and Sanitarium for Tertiary General Health Care, Appropriating Funds Therefor and for Other Purposes",2000-Bed Dr. Jose N. Rodriguez Memorial Hospital and Sanitarium for Tertiary General Health Care,,,,,no_place,0.0,,,,,,,
9421,2007-04-10,2007,13,upgrade,"An Act Upgrading the Valenzuela General Hospital in the City of Valenzuela, Metro Manila into a Two Hundred Bed Capacity Tertiary Level Hospital to Be Known as the Valenzuela Medical Center and Appropriating Funds Therefor",Valenzuela Medical Center,,,1381600000,Metro Manila,found,0.95,town,,VALENZUELA MEDICAL CENTER,150,LEVEL 3,G,VALENZUELA MEDICAL CENTER
9439,2007-04-27,2007,13,other,An Act Prohibiting the Detention of Patients in Hospitals and Medical Clinics on Grounds of Nonpayment of Hospital Bills or Medical Expenses,,,,,,no_name,0.0,,,,,,,
9790,2009-11-13,2009,14,convert,"An Act Converting the Culion Sanitarium in the Municipality of Culion, Province of Palawan into the Culion Sanitarium and General Hospital and Appropriating Funds Therefor",Culion Sanitarium,,,1705322000,Palawan,found,1.0,town,,CULION SANITARIUM AND GENERAL HOSPITAL,200,LEVEL 2,G,CULION SANITARIUM AND GENERAL HOSPITAL
9791,2009-11-13,2009,14,amend,"An Act Amending Republic Act No. 7532, Converting the Batangas Regional Hospital to the Batangas Medical Center, Further Increasing its Bed Capacity to Five Hundred (500) Beds",Batangas Regional Hospital,,,,,no_place,0.0,,,,,,,
9792,2009-11-19,2009,14,rename,"An Act Changing the Name of the Davao Medical Center in Davao City to the Southern Philippines Medical Center, Increasing its Bed Capacity from Six Hundred (600) to One Thousand Two Hundred (1,200), Upgrading its Service Facilities and Professional Health Care, Authorizing the Increase of its Medical Personnel and Appropriating Funds Therefor",Davao Medical Center,,,1130700000,Davao del Sur,found,1.0,town,Southern Philippines Medical Center,SOUTHERN PHILIPPINES MEDICAL CENTER,1200,LEVEL 3,G,SOUTHERN PHILIPPINES MEDICAL CENTER
9793,2009-11-19,2009,14,increase,"An Act Increasing the Bed Capacity of Eastern Visayas Regional Medical Center in Tacloban City from Two Hundred Fifty (250) to Five Hundred (500), Upgrading its Service and Facilities and Professional Health Care, Authorizing the Increase of its Medical Personnel and Appropriating Funds Therefor",Eastern Visayas Regional Medical Center,,,0831600000,Leyte,found,1.0,town,,EASTERN VISAYAS MEDICAL CENTER,629,LEVEL 3,G,EASTERN VISAYAS MEDICAL CENTER
10043,2010-03-18,2010,14,establish,"An Act Establishing a Malaria, Tropical and Infectious Disease Research and Treatment Institute in the Municipality of Sibutu, Province of Tawi-Tawi, Integrating Thereto the Datu Alawaddin Bandon Hospital , and Appropriating Funds Therefor",,,,1907011000,Tawi-Tawi,no_name,0.0,,,,,,,
10090,2010-05-14,2010,14,establish,"An Act Establishing a Twenty-Five (25)-Bed Capacity Municipal Hospital in the Municipality of Aguinaldo, Province of Ifugao to Be Known as the Aguinaldo Municipal Hospital and Appropriating Funds Therefor",Aguinaldo Municipal Hospital,,,1402708000,Ifugao,not_found,0.38,,,,,,,HUNGDUAN MUNICIPAL HOSPITAL
10345,2012-12-04,2012,15,increase,"An Act Increasing the Bed Capacity of the Quirino Memorial Medical Center from Three Hundred Fifty (350) to Five Hundred (500) Beds, Amending for the Purpose Republic Act No. 8313, Appropriating Funds Therefor and for Other Purposes",Quirino Memorial Medical Center,350,500,,,found,1.0,national,,QUIRINO MEMORIAL MEDICAL CENTER,639,LEVEL 3,G,QUIRINO MEMORIAL MEDICAL CENTER
10355,2013-01-09,2013,15,increase,"An Act Increasing the Bed Capacity of Jose B. Lingad Memorial General Hospital in San Fernando City, Pampanga from Two Hundred Fifty (250) to Five Hundred (500), Upgrading its Services and Facilities and Professional Health Care, Authorizing the Increase of its Medical Personnel and Appropriating Funds Therefore",Jose B. Lingad Memorial General Hospital,,,0305416000,Pampanga,found,1.0,town,,JOSE B. LINGAD MEMORIAL GENERAL HOSPITAL,1033,LEVEL 3,G,JOSE B. LINGAD MEMORIAL GENERAL HOSPITAL
10558,2013-05-15,2013,15,increase,An Act Increasing the Number of Plantilla Positions for the West Visayas State University Assigned to Staff the West Visayas State University Medical Center in Order to Meet the Standard Number of Staffing Positions for a Three Hundred (300)-Bed Medical Center and Appropriating Funds Therefor,,,,,,no_name,0.0,,,,,,,
10613,2013-08-28,2013,15,increase,"An Act Increasing the Minimum Bed Capacity of the Zamboanga City Medical Center From Two Hundred Fifty (250) to Five Hundred (500), Amending for the Purpose Section 2 of Republic Act No. 7272",Zamboanga City Medical Center,,,0931700000,Zamboanga del Sur,found,0.95,town,,ZAMBOANGA CITY MEDICAL CENTER,400,LEVEL 3,G,ZAMBOANGA CITY MEDICAL CENTER
10614,2013-08-28,2013,15,increase,"An Act Increasing the Bed Capacity of Region 1 Medical Center in Dagupan City, Pangasinan from Three Hundred (300) to Six Hundred (600), Authorizing the Increase of its Medical Personnel, Upgrading its Services, Facilities and Professional Health Care and Appropriating Funds Therefor",Region 1 Medical Center,,,0105518000,Pangasinan,found,1.0,town,,REGION I MEDICAL CENTER,300,LEVEL 3,G,REGION I MEDICAL CENTER
10619,2013-09-03,2013,15,amend,"An Act Amending Republic Act No. 6876, Entitled ""an Act Establishing a Municipal Hospital in Barangay Si-It, Municipality of Tanudan, Province of Kalinga-Apayao, to Be Known as the Tanudan Municipal Hospital, and Appropriating Funds Therefor""",Tanudan Municipal Hospital,,,1403214000,Kalinga,not_found,0.32,,,,,,,KALINGA PROVINCIAL HOSPITAL
10671,2015-08-19,2015,16,rename,"An Act Changing the Name of Gubat District Hospital to Salvador R. Encinas District Hospital in Gubat, Sorsogon",Gubat District Hospital,,,0506208000,Sorsogon,found,0.95,town,Salvador R. Encinas District Hospital,GUBAT DISTRICT HOSPITAL,25,LEVEL 1,G,GUBAT DISTRICT HOSPITAL
10677,2015-08-26,2015,16,increase,"An Act Increasing the Bed Capacity of the Northern Mindanao Medical Center in Cagayan de Oro City, Amending for the Purpose Republic Act No. 7938, Appropriating Funds Therefor and for Other Purposes",Northern Mindanao Medical Center,,,1030500000,Misamis Oriental,found,1.0,town,,NORTHERN MINDANAO MEDICAL CENTER,600,LEVEL 3,G,NORTHERN MINDANAO MEDICAL CENTER
10678,2015-08-26,2015,16,convert,"An Act Converting the Davao Regional Hospital into Davao Regional Medical Center, Increasing its Bed Capacity and Appropriating Funds Therefor, Amending for the Purpose Republic Act No. 7179",Davao Regional Hospital,,,,,no_place,0.0,,,,,,,
10770,2016-04-26,2016,16,increase,"An Act Increasing the Bed Capacity of Vicente Sotto Memorial Medical Center, Located in Cebu City, From Eight Hundred (800) to One Thousand Two Hundred (1,200) Bed Capacity, and Appropriating Funds Therefor",Vicente Sotto Memorial Medical Center,800,1200,0730600000,Cebu,found,1.0,town,,VICENTE SOTTO MEMORIAL MEDICAL CENTER,1500,LEVEL 3,G,VICENTE SOTTO MEMORIAL MEDICAL CENTER
10865,2016-06-23,2016,16,convert,An Act Converting the Mayor Hilarion A. Ramiro Sr. Regional Training and Teaching Hospital in the Province of Misamis Occidental Into a Medical Center to Be Known as the Mayor Hilarion A. Ramiro Sr. Medical Center,Mayor Hilarion A. Ramiro Sr. Medical Center,,,,Misamis Occidental,found,1.0,province,,MAYOR HILARION A. RAMIRO SR. MEDICAL CENTER,550,LEVEL 3,G,MAYOR HILARION A. RAMIRO SR. MEDICAL CENTER
10932,2017-08-03,2017,17,increase,"An Act Strengthening the Anti-Hospital Deposit Law by Increasing the Penalties for the Refusal of Hospitals and Medical Clinics to Admintster Appropriate Initial Medical Treatment and Support in Emergency or Serious Cases, Amending for the Purpose Batas Pambansa Bilang 702, Otherwlse Known as ""an Act Prohibiting the Demand of Deposits or Advance Payments for the Confinement or Treatment of Patients in Hospitals and Medical Clinics in Certain Cases"", as Amended by Republic Act No. 8344, and for Other Purposes",,,,,,no_name,0.0,,,,,,,
11081,2018-09-28,2018,17,increase,"An Act Increasing the Bed Capacity of Veterans Regional Hospital in Bayombong, Nueva Vizcaya from Two Hundred (200) to Five Hundred (500), Upgrading its Services, Facilities and...",Veterans Regional Hospital,,,0205005000,Nueva Vizcaya,not_found,0.0,,,,,,,
11082,2018-09-28,2018,17,upgrade,"An Act Upgrading the Southern Isabela General Hospital in Santiago City, Province of Isabela into a Tertiary General Hospital to Be Known as the Southern Isabela Medical Center and...",Southern Isabela Medical Center and,,,0203135000,Isabela,found,1.0,town,,SOUTHERN ISABELA MEDICAL CENTER,350,LEVEL 3,G,SOUTHERN ISABELA MEDICAL CENTER
11083,2018-09-28,2018,17,upgrade,"An Act Upgrading the Services and Facilities of the La Union Medical Center in the Municipality of Agoo, Province of La Union by Increasing its Bed Capacity to Three Hundred (300) and...",Services and Facilities of the La Union Medical Center,,,0103301000,La Union,not_found,0.0,,,,,,,
11084,2018-09-28,2018,17,increase,An Act Increasing the Bed Capacity of the Baguio General Hospital and Medical Center from Five Hundred (500) to Eight Hundred (800) Beds and Appropriating Funds Therefor,Baguio General Hospital and Medical Center,500,800,,,found,1.0,national,,BAGUIO GENERAL HOSPITAL AND MEDICAL CENTER,600,LEVEL 3,G,BAGUIO GENERAL HOSPITAL AND MEDICAL CENTER
11085,2018-09-28,2018,17,upgrade,"An Act Upgrading the Dr. Paulino J. Garcia Memorial Research and Medical Center Extension Hospital in the Municipality of Talavera, Province of Nueva Ecija, to a Level II Hospital and...",Dr. Paulino J. Garcia Memorial Research and Medical Center,,,0304930000,Nueva Ecija,found,1.0,province,,DR. PAULINO J. GARCIA MEMORIAL RESEARCH & MEDICAL CENTER,600,LEVEL 3,G,DR. PAULINO J. GARCIA MEMORIAL RESEARCH & MEDICAL CENTER
11087,2018-10-10,2018,17,increase,"An Act Increasing the Bed Capacity of the Zamboanga City Medical Center in Zamboanga City from Five Hundred (500) to Eight Hundred (800) Beds and Appropriating Funds Therefor Amending for the Purpose Republic Act No. 7272, as Amended, Entitled ""an Act Converting the Zamboanga Regional Hospital in Zamboanga City into Zamboanga City Medical Center, and Appropriating Funds Therefor""",Zamboanga City Medical Center,500,800,0931700000,Zamboanga del Sur,found,0.95,town,,ZAMBOANGA CITY MEDICAL CENTER,400,LEVEL 3,G,ZAMBOANGA CITY MEDICAL CENTER
11102,2018-10-26,2018,17,establish,"An Act Establishing the Soccsksargen General Hospital in the Municipality of Surallah, Province of the South Cotabato, and Appropriating Funds Therefor",Soccsksargen General Hospital,,,1206313000,South Cotabato,found,1.0,town,,SOCCSKSARGEN GENERAL HOSPITAL,75,LEVEL 2,G,SOCCSKSARGEN GENERAL HOSPITAL
11103,2018-10-30,2018,17,upgrade,"An Act Upgrading the Amai Pakpak Medical Center in Marawi City, Province of Lanao Del Sur and Appropriating Funds Therefor",Amai Pakpak Medical Center,,,1903617000,Lanao del Sur,found,1.0,town,,AMAI PAKPAK MEDICAL CENTER,438,LEVEL 3,G,AMAI PAKPAK MEDICAL CENTER
11104,2018-10-30,2018,17,increase,"An Act Increasing the Bed Capacity of the Luis Hora Memorial Regional Hospital from One Hundred (100) to Two Hundred (200) Beds, Upgrading the Service Facilities and Professional Health Care Therein, and Appropriating Funds Therefor",Luis Hora Memorial Regional Hospital,100,200,,,found,1.0,national,,LUIS HORA MEMORIAL REGIONAL HOSPITAL,200,LEVEL 2,G,LUIS HORA MEMORIAL REGIONAL HOSPITAL
11107,2018-10-30,2018,17,upgrade,An Act Upgrading the Bataan Provincial Hospital in the Province of Bataan into a Level III Teaching and Training Hospital to Be Now Known as the Bataan General Hospital and Medical Center and Appropriating Funds Therefor and for Other Purposes,Bataan Provincial Hospital,,,,Bataan,not_found,0.28,,,,,,,BATAAN GENERAL HOSPITAL AND MEDICAL CENTER
11108,2018-10-30,2018,17,other,"An Act Expanding the Mandate and Service Capability of the Bicol Sanitarium in the Municipality of Cabusao, Province of Camarines Sur, to Be Known as the 'Bicol Region General Hospital and Geriatric Medical Center, Upgrading its Service Facilities. Authorizing the Increase of its Medical Personnel and Appropriating Funds Therefor",Bicol Region General Hospital and Geriatric Medical Center,,,0501707000,Camarines Sur,found,1.0,town,,BICOL REGION GENERAL HOSPITAL AND GERIATRIC MEDICAL CENTER,200,LEVEL 3,G,BICOL REGION GENERAL HOSPITAL AND GERIATRIC MEDICAL CENTER
11147,2018-11-09,2018,17,increase,"An Act Increasing the Bed Capacity of the Narra Municipal Hospital in the Municipality of Narra, Province of Palawan from Ten (10) to One Hundred (100) Bed Capacity, and Naming It as the Governor Alfredo Mendoza Abueg, Sr. Memorial Hospital and Appropriaing Funds Therefor.",Narra Municipal Hospital,10,100,1705315000,Palawan,found,0.95,town,,NARRA MUNICIPAL HOSPITAL,50,LEVEL 1,G,NARRA MUNICIPAL HOSPITAL
11167,2019-01-03,2019,17,increase,"An Act Increasing the Bed Capacity of the Biliran Provincial Hospital in its Proposed Relocation Site in Barangay Larrazabal, Municipality of Naval, Province of Biliran, from Seventy-Five (75) to Two Hundred (200) Beds, and Appropriating Funds Therefor",Biliran Provincial Hospital,75,200,0807808000,Biliran,found,0.95,town,,BILIRAN PROVINCIAL HOSPITAL,120,LEVEL 1,G,BILIRAN PROVINCIAL HOSPITAL
11189,2019-01-10,2019,17,other,"An Act Ncreasing the Bed Capacity of St. Anthony Mother and Child Hospital in Cebu City from Twenty-Five (25) to Two Hundred (200), and Appropriating Funds Therefor",St. Anthony Mother and Child Hospital,,,0730600000,Cebu,found,0.75,town,,SAINT ANTHONY MOTHER AND CHILD HOSPITAL,100,LEVEL 2,G,SAINT ANTHONY MOTHER AND CHILD HOSPITAL
11195,2019-01-18,2019,17,establish,"An Act Providing for the Establishment of a District Hospital in the Municipality of Santa Elena, Province of Camarines Norte and Appropriating Funds Therefor",,,,0501610000,Camarines Norte,no_name,0.0,,,,,,,
11196,2019-01-18,2019,17,upgrade,"An Act Upgrading the Labuan Public Hospital in Zamboanga City into a Level II Hospital to Be Known as the Labuan General Hospital, Increasing its Bed Capacity for General Care Services to One Hundred (100) and Appropriating Funds Therefor",Labuan General Hospital,,,0931700000,Zamboanga del Sur,found,1.0,town,,LABUAN GENERAL HOSPITAL,51,LEVEL 1,G,LABUAN GENERAL HOSPITAL
11208,2019-02-14,2019,17,increase,An Act Increasing the Bed Capacity of Rizal Medical Center in Pasig City From Three Hundred (300) to Five Hundred (500) Beds and Appropriating Funds Therefor,Rizal Medical Center,300,500,1381200000,Metro Manila,found,1.0,town,,RIZAL MEDICAL CENTER,300,LEVEL 3,G,RIZAL MEDICAL CENTER
11233,2019-02-20,2019,17,establish,"An Act Establishing a One Hundred (100)-Bed Capacity Hospital in Barangay Habay 2 in the City of Bacoor, Province of Cavite to Be Known as the Bacoor District Hospital, and Appropriating Funds Therefor",Bacoor District Hospital,,,0402103000,Cavite,not_found,0.33,,,,,,,NAIC MEDICARE HOSPITAL
11250,2019-03-29,2019,17,increase,"An Act Increasing the Bed Capacity of the Adela Serra Ty Memorial Medical Center in Tandag City, Province of Surigao del Sur, from Two Hundred (200) to Five Hundred (500) Beds, Upgrading its Services and Facilities, Authorizing the Increase of its Medical Personnel and Appropriating Funds Therefor",Adela Serra Ty Memorial Medical Center,200,500,1606819000,Surigao del Sur,found,1.0,town,,ADELA SERRA TY MEMORIAL MEDICAL CENTER,200,LEVEL 3,G,ADELA SERRA TY MEMORIAL MEDICAL CENTER
11251,2019-03-29,2019,17,increase,"An Act Increasing the Bed Capacity of the Ziga Memorial District Hospital in the City of Tabaco, Province of Albay from Fifty (50) to Two Hundred Fifty (250) Beds, to Be Now Known as the Dr. Lorenzo P. Ziga Memorial District Hospital, and Appropriating Funds Therefor",Ziga Memorial District Hospital,50,250,0500517000,Albay,found,0.98,town,,DR. LORENZO P. ZIGA MEMORIAL DISTRICT HOSPITAL,50,LEVEL 1,G,DR. LORENZO P. ZIGA MEMORIAL DISTRICT HOSPITAL
11272,2019-04-12,2019,17,establish,"An Act Establishing a Specialty Hospital in the City of San Jose del Monte. Province of Bulacan, to Be Known as St. Bernadette Children and Maternity Hospital, and Appropriating Funds Therefor",St. Bernadette Children and Maternity Hospital,,,0301420000,Bulacan,not_found,0.0,,,,,,,
11273,2019-04-12,2019,17,increase,"An Act Increasing the Bed Capacity for General Hospital Services of the Eversley Childs Sanitarium Hospital in Mandaue City, Province of Cebu, from Fifty (50) Beds to Two Hundred (200) Beds, Renaming the Hospital as the Eversley Childs Sanitarium and General Hospital, and Appropriating Funds Therefor",Hospital as the Eversley Childs Sanitarium,50,200,0731300000,Cebu,found,0.75,town,,EVERSLEY CHILDS SANITARIUM AND GENERAL HOSPITAL,200,LEVEL 2,G,EVERSLEY CHILDS SANITARIUM AND GENERAL HOSPITAL
11287,2019-04-12,2019,17,increase,"An Act Increasing the Bed Capacity of the Amang Rodriguez Memorial Medical Center in the City of Marikina from Three Hundred (300) to Five Hundred (500) Beds, Upgrading the Service Facilities and Professional Health Care Therein, and Appropriating Funds Therefor",Amang Rodriguez Memorial Medical Center,300,500,1380700000,Metro Manila,found,1.0,town,,AMANG RODRIGUEZ MEMORIAL MEDICAL CENTER,300,LEVEL 3,G,AMANG RODRIGUEZ MEMORIAL MEDICAL CENTER
11288,2019-04-12,2019,17,increase,"An Act Increasing the Bed Capacity of the Mariveles Mental Hospital in Mariveles, Bataan from Five Hundred (500) Beds to Seven Hundred (700) Beds, Upgrading its Services, to Include the Operation of a Level 1 General Ward with One Hundred (100)-Bed Capacity, to Be Known as the Mariveles Mental Wellness and General Hospital and Appropriating Funds Therefor",Mariveles Mental Hospital,500,700,0300807000,Bataan,found,0.98,town,,MARIVELES MENTAL WELLNESS AND GENERAL HOSPITAL,18,LEVEL 1,G,MARIVELES MENTAL WELLNESS AND GENERAL HOSPITAL
11289,2019-04-12,2019,17,convert,"An Act Converting the San Lorenzo Ruiz Women's Hospital in Malabon City, Metro Manila into a General Hospital to Be Known as the San Lorenzo Ruiz General Hospital, Increasing its Bed Capacity from Ten (10) to Two Hundred (200) Beds and Appropriating Funds Therefor",San Lorenzo Ruiz General Hospital,10,200,1380400000,Metro Manila,found,1.0,town,,SAN LORENZO RUIZ GENERAL HOSPITAL,100,LEVEL 2,G,SAN LORENZO RUIZ GENERAL HOSPITAL
11290,2019-04-12,2019,17,increase,"An Act Increasing the Bed Capacity of the Mariano Marcos Memorial Hospital and Medical Center (Mmmh&mc), Batac City, Ilocos Norte from Two Hundred (200) Beds to Seven Hundred (700) Beds, Upgrading its Services, Facilities, and Professional Health Care, Authorizing the Increase of its Medical and Non-Medical Personnel and Appropriating Funds Therefor",Mariano Marcos Memorial Hospital and Medical Center,200,700,0102805000,Ilocos Norte,found,1.0,town,,MARIANO MARCOS MEMORIAL HOSPITAL AND MEDICAL CENTER,400,LEVEL 3,G,MARIANO MARCOS MEMORIAL HOSPITAL AND MEDICAL CENTER
11298,2019-04-17,2019,17,increase,"An Act Increasing the Bed Capacity of the Masbate Provincial Hospital in Masbate City, Province of Masbate, from One Hundred Twenty-Five (125) to Two Hundred (200) Beds, Upgrading its Services and Facilities, Authorizing the Increase of its Medical Personnel and Appropriating Funds Therefor",Masbate Provincial Hospital,125,200,0504111000,Masbate,found,0.95,town,,MASBATE PROVINCIAL HOSPITAL,100,LEVEL 1,G,MASBATE PROVINCIAL HOSPITAL
11323,2019-04-17,2019,17,increase,"An Act Increasing the Bed Capacity of Don Emilio del Valle Memorial Hospital (Dedvmh) in the Municipality of Ubay, Province of Bohol from Fifty (50) to Three Hundred (300) Beds, Upgrading its Services and Facilities and Professional Health Care, Authorizing the Increase of its Medical Personnel and Appropriating Funds Therefor",Don Emilio del Valle Memorial Hospital,50,300,0701246000,Bohol,found,1.0,town,,DON EMILIO DEL VALLE MEMORIAL HOSPITAL,200,LEVEL 2,G,DON EMILIO DEL VALLE MEMORIAL HOSPITAL
11324,2019-04-17,2019,17,increase,"An Act Increasing the Bed Capacity of Governor Celestino Gallares Memorial Hospital (GCGMH) in Tagbilaran City, Province of Bohol From Two Hundred Twenty-Five (225) to Five Hundred Twenty-Five (525) Beds and Upgrading Its Services and Facilities, Amending for the Purpose Republic Act No. 7266, and Appropriating Funds Therefor and for Other Purposes",Governor Celestino Gallares Memorial Hospital,225,525,0701242000,Bohol,found,1.0,town,,GOVERNOR CELESTINO GALLARES MEMORIAL MEDICAL CENTER,400,LEVEL 3,G,GOVERNOR CELESTINO GALLARES MEMORIAL MEDICAL CENTER
11325,2019-04-17,2019,17,upgrade,"An Act Upgrading the Mindanao Central Sanitarium in Pasobolong, Zamboanga City into a Tertiary Level Hospital, Increasing its Bed Capacity for General Care Services from Fifty (50) to Two Hundred (200) Beds, and Appropriating Funds Therefor",Mindanao Central Sanitarium,50,200,0931700000,Zamboanga del Sur,found,0.95,town,Zamboanga Regional Medical Center,ZAMBOANGA REGIONAL MEDICAL CENTER,100,LEVEL 2,G,ZAMBOANGA REGIONAL MEDICAL CENTER
11326,2019-04-17,2019,17,increase,"An Act Increasing the Bed Capacity of the Southern Philippines Medical Center in Davao City from One Thousand Two Hundred (1,200) to One Thousand Five Hundred (1,500) Beds, Upgrading its Professional Health Care Services and Facilities, Authorizing the Increase of its Medical Personnel, and Appropriating Funds Therefor",Southern Philippines Medical Center,1200,1500,1130700000,Davao del Sur,found,1.0,town,,SOUTHERN PHILIPPINES MEDICAL CENTER,1200,LEVEL 3,G,SOUTHERN PHILIPPINES MEDICAL CENTER
11327,2019-04-17,2019,17,increase,"An Act Increasing the Bed Capacity of Valenzuela Medical Center in the City of Valenzuela, from Two Hundred (200) to Five Hundred (500) Beds, and Appropriating Funds Therefor",Valenzuela Medical Center,200,500,1381600000,Metro Manila,found,0.95,town,,VALENZUELA MEDICAL CENTER,150,LEVEL 3,G,VALENZUELA MEDICAL CENTER
11330,2019-04-17,2019,17,convert,"An Act Converting the Dinaig Municipal Hospital in the Municipality of Datu Odin Sinsuat, Province of Maguindanao, into a Fifty (50)-Bed Capacity District Hospital to Be Now Known as the Datu Odin Sinsuat District Hospital, Upgrading its Facilities and Professional Health Care, Authorizing the Increase of its Medical Personnel, and Appropriating Funds Therefor",Dinaig Municipal Hospital,,,1908705000,Maguindanao del Norte,not_found,0.27,,,,,,,DATU ODIN SINSUAT DISTRICT HOSPITAL
11331,2019-04-17,2019,17,increase,"An Act Increasing the Bed Capacity of Tondo Medical Center in the City of Manila from Two Hundred (200) to Three Hundred (300) Beds, Upgrading its Professional Health Care Services and Facilities, Authorizing the Increase of its Medical Personnel, and Appropriating Funds Therefor",Tondo Medical Center,200,300,1380600000,Metro Manila,found,0.95,town,,TONDO MEDICAL CENTER,300,LEVEL 3,G,TONDO MEDICAL CENTER
11359,2019-07-31,2019,17,increase,"An Act Increasing the Bed Capacity of the Jose B. Lingad Memorial General Hospital in San Fernando City, Pampanga from Five Hundred (500) Beds to One Thousand (1000) Beds, Upgrading its Service Facilities and Professional Health Care Services, Authorizing the Increase of its Medical Workforce Complement, Repealing for the Purpose Republic Act No. 10355, and Appropriating Funds Therefor",Jose B. Lingad Memorial General Hospital,500,1000,0305416000,Pampanga,found,1.0,town,,JOSE B. LINGAD MEMORIAL GENERAL HOSPITAL,1033,LEVEL 3,G,JOSE B. LINGAD MEMORIAL GENERAL HOSPITAL
11372,2019-08-08,2019,17,establish,"An Act Establishing and Constructing a Hospital for the Philippine Coast Guard, its Personnel, Employees, Their Dependents and the Retired Uniformed Personnel to Be Known as the Philippine Coast Guard General Hospital and Appropriating Funds Therefor",Philippine Coast Guard General Hospital,,,,,no_place,0.0,,,,,,,
11390,2019-08-22,2019,17,increase,"An Act Increasing the Bed Capacity of the Batangas Medical Center in Batangas City, Province of Batangas, from Five Hundred (500) Beds to One Thousand (1,000) Beds, Upgrading its Service Facilities and Professional Health Care Services, and Appropriating Funds Therefor",Batangas Medical Center,500,1000,0401005000,Batangas,found,0.95,town,,BATANGAS MEDICAL CENTER,667,LEVEL 3,G,BATANGAS MEDICAL CENTER
11391,2019-08-22,2019,17,increase,"An Act Increasing the Bed Capacity of the Cotabato Regional and Medical Center in Cotabato City from Four Hundred (400) Beds to Six Hundred (600) Beds, Upgrading its Service Facilities and Professional Health Care Services, and Appropriating Funds Therefor",Cotabato Regional and Medical Center,400,600,1908703000,Maguindanao del Norte,found,0.95,town,,COTABATO REGIONAL AND MEDICAL CENTER,602,LEVEL 3,G,COTABATO REGIONAL AND MEDICAL CENTER
11441,2019-08-22,2019,17,increase,"An Act Increasing the Bed Capacity of Corazon Locsin Montelibano Memorial Regional Hospital in the City of Bacolod, Province of Negros Occidental from Four Hundred (400) Beds to One Thousand (1,000) Beds, Authorizing the Increase of its Personnel, and Appropriating Funds Therefor",Corazon Locsin Montelibano Memorial Regional Hospital,400,1000,1830200000,Negros Occidental,found,1.0,town,,CORAZON LOCSIN MONTELIBANO MEMORIAL REGIONAL HOSPITAL,400,LEVEL 3,G,CORAZON LOCSIN MONTELIBANO MEMORIAL REGIONAL HOSPITAL
11463,2019-12-03,2019,18,establish,"An Act Establishing Malasakit Centers in All Department of Health (Doh) Hospitals in the Country and in the Philippine General Hospital (Pgh), Providing Funds Therefor and for Other Purposes",Malasakit Centers in All Department of Health Hospitals in the Country and in the Philippine General Hospital,,,,,no_place,0.0,,,,,,,
11472,2020-06-19,2020,18,increase,"An Act Increasing the Bed Capacity of the Caraga Regional Hospital in Barangay Washington, Surigao City, Surigao Del Norte From One Hundred Fifty (150) to Five Hundred (500) Beds, and...",Caraga Regional Hospital,150,500,1606724000,Surigao del Norte,found,1.0,town,,CARAGA REGIONAL HOSPITAL,300,LEVEL 2,G,CARAGA REGIONAL HOSPITAL
11473,2020-06-19,2020,18,upgrade,"An Act Upgrading the Talisay District Hospital in Talisay City, Province of Cebu, into a Medical Center to Be Known as the Cebu South Medical Center, and Appropriating Funds Therefor,...",Cebu South Medical Center,,,0702250000,Cebu,found,1.0,town,,CEBU SOUTH MEDICAL CENTER,201,LEVEL 3,G,CEBU SOUTH MEDICAL CENTER
11474,2020-06-19,2020,18,upgrade,"An Act Upgrading the Maria L. Eleazar District Hospital in the Municipality of Tagkawayan, Province of Quezon Into a Level III General Hospital to Be Known as the Maria L. Eleazar General...",Maria L. Eleazar District Hospital,,,0405646000,Quezon,found,1.0,town,,MARIA L. ELEAZAR GENERAL HOSPITAL,25,LEVEL 1,G,MARIA L. ELEAZAR GENERAL HOSPITAL
11478,2020-07-01,2020,18,increase,"An Act Increasing the Bed Capacity of the Bicol Medical Center from Five Hundred (500) Beds to One Thousand (1,000) Beds, Upgrading its Service Facilities and Professional Health Care...",Bicol Medical Center,500,1000,,,found,1.0,national,,BICOL MEDICAL CENTER,800,LEVEL 3,G,BICOL MEDICAL CENTER
11495,2020-11-13,2020,18,establish,"An Act Providing for the Establishment of a Women's and Children's Hospital in the Muunicipality of Pamplona in the Province of Camarines Sur to Be Known as the Bicol Women's and Children's Hospital, and Appropriating Funds Therefor.",Bicol Women's and Children's Hospital,,,,Camarines Sur,not_found,0.48,,,,,,,BICOL REGION GENERAL HOSPITAL AND GERIATRIC MEDICAL CENTER
11496,2020-11-13,2020,18,increase,"An Act Increasing the Bed Capacity of the Western Visayas Medical Center in Mandurriao, Iloilo City from Four Hundred Twenty-Five (425) Beds to Seven Hundred (700) Beds, Upgrading its Professional Health Care Services and Facilities, Authorizing the Increase of its Medical Personnel and Appropriating Funds Therefor.",Western Visayas Medical Center,425,700,0631000000,Iloilo,found,1.0,town,,WESTERN VISAYAS MEDICAL CENTER,691,LEVEL 3,G,WESTERN VISAYAS MEDICAL CENTER
11497,2020-11-13,2020,18,increase,"An Act Increasing the Bed Capacity of the Las Piñas General Hospital and Satellite Trauma Center in Las Piñas City, Metro Manila from Two Hundred (200) to Five Hundred (500) Beds, Upgrading its Professional Health Care Services and Facilities, and Appripriating Funds Therefor. Capacity",Las Piñas General Hospital and Satellite Trauma Center,200,500,1380200000,Metro Manila,found,1.0,town,,LAS PIÑAS GENERAL HOSPITAL & SATELLITE TRAUMA CENTER,418,LEVEL 3,G,LAS PIÑAS GENERAL HOSPITAL & SATELLITE TRAUMA CENTER
11498,2020-11-13,2020,18,increase,"An Act Increasing the Bed Capacity of the Cagayan Valley Medical Center (CVMC) in Tuguegarao City, Province of Cagayan from Five Hundred (500) to One Thousand (1,000) Beds and Appropriating Funds Therefor.",Cagayan Valley Medical Center,500,1000,0201529000,Cagayan,found,1.0,town,,CAGAYAN VALLEY MEDICAL CENTER,700,LEVEL 3,G,CAGAYAN VALLEY MEDICAL CENTER
11499,2020-11-13,2020,18,other,"An Act Expanding the Services of the Malita District Hospital in Barangay Poblacion, Municipality of Malita, Province of Davao Occidental, Renaming It as the Malita Women's and Children's Wellness Center.",,,,1108603000,Davao Occidental,no_name,0.0,,,,,,,
11500,2020-11-13,2020,18,upgrade,"An Act Upgrading the Siargao District Hospital in the Municipality of Dapa, Province of Surigao del Norte into a Level II General Hospital to Be Known as the Siargao Island Medical Center, Increasing its Bed Capacity, Upgrading its Professional Health Care Services and Facilities, Authorizing the Increase of its Medical Personnel and Appropriating Funds Therefor.",Siargao Island Medical Center,,,1606707000,Surigao del Norte,found,1.0,town,,SIARGAO ISLAND MEDICAL CENTER,30,LEVEL 1,G,SIARGAO ISLAND MEDICAL CENTER
11501,2020-11-13,2020,18,increase,"An Act Increasing the Bed Capacity of the Quirino Memorial and Medical Center in Quezon City, Metro Manila from Five Hundred (500) Beds to One Thousand (1,000) Beds, Upgrading its Professional Health Care Services and Facilities, Authorizing the Increase of its Medical Personnel Complement and Appropriating Funds Therefor",Quirino Memorial and Medical Center,500,1000,1381300000,Metro Manila,found,1.0,town,,QUIRINO MEMORIAL MEDICAL CENTER,639,LEVEL 3,G,QUIRINO MEMORIAL MEDICAL CENTER
11556,2021-06-28,2021,18,increase,"An Act Increasing the Bed Capacity of the Lying-in Clinic in the Municipality of Rizal, Province of Palawan from Ten (10) Beds to Twenty (20) Beds, Upgrading its Service Facilities and Professional Health Care Services, Authorizing the Increase of its Medical Personnel, and Appropriating Funds Therefor",Lying-in Clinic,10,20,,Palawan,not_found,0.0,,,,,,,
11557,2021-06-28,2021,18,establish,"An Act Establishing a Three Hundred (300)-Bed Capacity Tertiary Training and General Hospital in Barangay Mauway, City of Mandaluyong to Be Known as the Senate President Neptali a Gonzales General Hospital, and Appropriating Funds Therefor",Senate President Neptali a Gonzales General Hospital,,,1380500000,Metro Manila,not_found,0.0,,,,,,,
11558,2021-06-28,2021,18,establish,"An Act Establishing a General Hospital in the Municipality of Rosales, Province of Pangasinan to Be Known as the Conrado F. Estrella Regional Medical and Trauma Center, and Appropriating Funds Therefor",Conrado F. Estrella Regional Medical and Trauma Center,,,0105531000,Pangasinan,found,1.0,town,,CONRADO F. ESTRELLA REGIONAL MEDICAL & TRAUMA CENTER,103,LEVEL 2,G,CONRADO F. ESTRELLA REGIONAL MEDICAL & TRAUMA CENTER
11559,2021-06-28,2021,18,increase,"An Act Increasing the Bed Capacity of the Naguilian District Hospital in the Municipality of Naguilian, Province of La Union from Twenty-Five (25) Beds to Fifty (50) Beds and Appropriating Funds Therefor",Naguilian District Hospital,25,50,0103311000,La Union,found,0.95,town,,NAGUILIAN DISTRICT HOSPITAL,25,LEVEL 1,G,NAGUILIAN DISTRICT HOSPITAL
11560,2021-06-28,2021,18,increase,"An Act Increasing the Bed Capacity of the Sinait District Hospital in Sinait, Ilocos Sur From Twenty-Five (25) Beds to One Hundred (100) Beds and Appropriating Funds Therefor",Sinait District Hospital,25,100,,,no_place,0.0,,,,,,,
11561,2021-06-28,2021,18,increase,"An Act Increasing the Bed Capacity of the East Avenue Medical Center in Barangay Diliman, Quezon City From Six Hundred (600) to One Thousand (1,000) Beds, and Appropriating Funds Therefor",East Avenue Medical Center,600,1000,1381300000,Metro Manila,found,1.0,town,,EAST AVENUE MEDICAL CENTER,1000,LEVEL 3,G,EAST AVENUE MEDICAL CENTER
11562,2021-06-28,2021,18,increase,"An Act Increasing the Bed Capacity of the Rosario District Hospital in the Municipality of Rosario, Province of La Union from Twenty-Five (25) to Fifty (50) Beds and Appropriating Funds Therefor",Rosario District Hospital,25,50,0103313000,La Union,found,0.95,town,,ROSARIO DISTRICT HOSPITAL,25,LEVEL 1,G,ROSARIO DISTRICT HOSPITAL
11563,2021-06-28,2021,18,increase,"An Act Increasing the Bed Capacity of the Mayor Hilarion A. Ramiro Sr. Medical Center in the Province of Misamis Occidental from Five Hundred (500) to One Thousand (1,000) Beds, Upgrading its Professional Health Care Services and Facilities, Authorizing the Increase of its Medical Personnel, and Appropriating Funds Therefor",Mayor Hilarion A. Ramiro Sr. Medical Center,500,1000,,Misamis Occidental,found,1.0,province,,MAYOR HILARION A. RAMIRO SR. MEDICAL CENTER,550,LEVEL 3,G,MAYOR HILARION A. RAMIRO SR. MEDICAL CENTER
11564,2021-06-28,2021,18,establish,"An Act Establishing a General Hospital in the City of Bacolod, Province of Negros Occidental, to Be Known as the Bacolod City General Hospital, and Appropriating Funds Therefor",Bacolod City General Hospital,,,1830200000,Negros Occidental,not_found,0.36,,,,,,,BAGO CITY HOSPITAL
11565,2021-06-28,2021,18,convert,"An Act Converting the Medina Extension Hospital in the Municipality of Medina, Province of Misamis Oriental into a General Hospital to Be Known as the First Misamis Oriental General Hospital, and Appropriating Funds Therefor",First Misamis Oriental General Hospital,,,1004319000,Misamis Oriental,found,1.0,town,,FIRST MISAMIS ORIENTAL GENERAL HOSPITAL,28,INF/DISP,G,FIRST MISAMIS ORIENTAL GENERAL HOSPITAL
11566,2021-06-28,2021,18,convert,"An Act Converting the Schistosomiasis Control and Research Hospital in Palo, Leyte into a General Hospital to Be Known as the Governor Benjamin T. Romualdez General Hospital and Schistosomiasis Center, Increasing its Bed Capacity from Twenty-Five (25) to One Hundred (100), Upgrading its Professional Health Care Services and Facilities, Authorizing the Increase of its Medical Personnel and Appropriating Funds Therefor",Governor Benjamin T. Romualdez General Hospital and Schistosomiasis Center,,,0803739000,Leyte,found,1.0,town,,GOV. BENJAMIN T. ROMUALDEZ GENERAL HOSPITAL AND SCHISTOSOMIASIS CENTER,100,LEVEL 1,G,GOV. BENJAMIN T. ROMUALDEZ GENERAL HOSPITAL AND SCHISTOSOMIASIS CENTER
11567,2021-06-28,2021,18,rename,"An Act Renaming the Eastern Visayas Regional Medical Center in the City of Tacloban, Province of Leyte Into Eastern Visayas Medical Center, Increasing Its Bed Capacity From Five Hundred (500) to One Thousand Five Hundred (1,500) Beds, and Appropriating Funds Therefor",Eastern Visayas Regional Medical Center,500,1500,0831600000,Leyte,found,1.0,town,,EASTERN VISAYAS MEDICAL CENTER,629,LEVEL 3,G,EASTERN VISAYAS MEDICAL CENTER
11568,2021-06-28,2021,18,establish,"An Act Establishing a General Hospital in Barangay Lacaron, Municipality of Malita, Province of Davao Occidental to Be Known as the Davao Occidental General Hospital, and Appropriating Funds Therefor",Davao Occidental General Hospital,,,1108603000,Davao Occidental,found,0.95,town,,DAVAO OCCIDENTAL GENERAL HOSPITAL,40,LEVEL 1,G,DAVAO OCCIDENTAL GENERAL HOSPITAL
11702,2022-04-16,2022,18,establish,"An Act Establishing a Multi-Specialty Hospital in the City of Tayabas, Province of Quezon, to Be Known as the Southern Luzon Multi-Specialty Medical Center, and Appropriating Funds Therefor",Southern Luzon Multi-Specialty Medical Center,,,0405647000,Quezon,not_found,0.0,,,,,,,
11703,2022-04-16,2022,18,establish,"An Act Establishing in the City of Calbayog, Province of Samar, a Tertiary Hospital to Be Known as the Samar Island Medical Center, and Appropriating Funds Therefor",Samar Island Medical Center,,,0806003000,Samar,not_found,0.0,,,,,,,
11704,2022-04-16,2022,18,increase,"An Act Increasing the Bed Capacity of Dr. Paulino J. Garcia Memorial Research and Medical Center in the City of Cabanatuan, Province of Nueva Ecija from Four Hundred (400) to One Thousand (1,000) Beds, and Appropriating Funds Therefor",Dr. Paulino J. Garcia Memorial Research and Medical Center,400,1000,0304903000,Nueva Ecija,found,1.0,town,,DR. PAULINO J. GARCIA MEMORIAL RESEARCH & MEDICAL CENTER,600,LEVEL 3,G,DR. PAULINO J. GARCIA MEMORIAL RESEARCH & MEDICAL CENTER
11705,2022-04-16,2022,18,establish,"An Act Establishing in the City of Candon, Province of Ilocos Sur, a Tertiary Hospital, to Be Known as the Ilocos Sur Medical Center, and Appropriating Funds Therefor",Ilocos Sur Medical Center,,,0102906000,Ilocos Sur,found,0.95,town,,ILOCOS SUR MEDICAL CENTER,200,LEVEL 2,G,ILOCOS SUR MEDICAL CENTER
11715,2022-04-27,2022,18,convert,"An Act Converting the Cotabato Sanitarium in the Municipality of Sultan Kudarat, Province of Maguindanao into a General Hospital, to Be Known as the Cotabato Sanitarium and General Hospital, and Appropriating Funds Therefor",Cotabato Sanitarium and General Hospital,,,1908710000,Maguindanao del Norte,found,1.0,town,,COTABATO SANITARIUM AND GENERAL HOSPITAL,200,LEVEL 2,G,COTABATO SANITARIUM AND GENERAL HOSPITAL
11716,2022-04-29,2022,18,increase,"An Act Increasing the Bed Capacity of the Northern Mindanao Medical Center in Cagayan de Oro City, Amending for the Purpose Republic Act No. 7938 as Amended by Republic Act No. 10677, and Appropriating Funds Therefor",Northern Mindanao Medical Center,,,1030500000,Misamis Oriental,found,1.0,town,,NORTHERN MINDANAO MEDICAL CENTER,600,LEVEL 3,G,NORTHERN MINDANAO MEDICAL CENTER
11717,2022-04-29,2022,18,increase,"An Act Increasing the Bed Capacity of the Vicente Sotto Memorial Medical Center, Located in Cebu City, Province of Cebu, From One Thousand Two Hundred (1,200) to One Thousand Five Hundred (1,500) Beds, and Appropriating Funds Therefor",Vicente Sotto Memorial Medical Center,1200,1500,0730600000,Cebu,found,1.0,town,,VICENTE SOTTO MEMORIAL MEDICAL CENTER,1500,LEVEL 3,G,VICENTE SOTTO MEMORIAL MEDICAL CENTER
11718,2022-04-29,2022,18,establish,"An Act Establishing a Tertiary General Hospital in the Municipality of Abulug, Province of Cagayan Valley, to Be Known as the Northwestern Cagayan General Hospital, and Appropriating Funds Therefor",Northwestern Cagayan General Hospital,,,0201501000,Cagayan,found,1.0,town,,NORTHWESTERN CAGAYAN GENERAL HOSPITAL,16,INF/DISP,G,NORTHWESTERN CAGAYAN GENERAL HOSPITAL
11719,2022-04-29,2022,18,convert,"An Act Converting the Bicol Regional Training and Teaching Hospital in the Municipality of Daraga, Province of Albay into a General and Subspecialty Hospital, to Be Known as the Bicol Regional Hospital and Medical Center, and Appropriating Funds Therefor",Bicol Regional Hospital and Medical Center,,,0500503000,Albay,found,1.0,town,,BICOL REGIONAL HOSPITAL AND MEDICAL CENTER,450,LEVEL 3,G,BICOL REGIONAL HOSPITAL AND MEDICAL CENTER
11720,2022-04-29,2022,18,establish,"An Act Establishing in the Municipality of Bocaue, Province of Bulacan, a General Hospital to Be Known as the Joni Villanueva General Hospital, and Appropriating Funds Therefor",Joni Villanueva General Hospital,,,0301404000,Bulacan,found,1.0,town,,JONI VILLANUEVA GENERAL HOSPITAL,100,LEVEL 2,G,JONI VILLANUEVA GENERAL HOSPITAL
11721,2022-04-29,2022,18,establish,"An Act Establishing a General Hospital in the Municipality of Villanueva, Province of Misamis Oriental to Be Known as the Northeastern Misamis General Hospital (Nmgh), and Appropriating Funds Therefor",Northeastern Misamis General Hospital,,,1004326000,Misamis Oriental,found,1.0,town,,NORTHEASTERN MISAMIS GENERAL HOSPITAL,17,INF/DISP,G,NORTHEASTERN MISAMIS GENERAL HOSPITAL
11722,2022-04-29,2022,18,convert,"An Act Converting the Sulu Sanitarium in the Municipality of Jolo, Province of Sulu, into a General Hospital to Be Known as the Sulu Sanitarium and General Hospital, and Appropriating Funds Therefor",Sulu Sanitarium and General Hospital,,,1906602000,Sulu,found,1.0,town,,SULU SANITARIUM AND GENERAL HOSPITAL,75,LEVEL 1,G,SULU SANITARIUM AND GENERAL HOSPITAL
11723,2022-04-29,2022,18,convert,"An Act Converting the Western Visayas Sanitarium in the Municipality of Santa Barbara, Province of Iloilo, into a General Hospital to Be Known as the Western Visayas Sanitarium and General Hospital, and Appropriating Funds Therefor",Western Visayas Sanitarium and General Hospital,,,0603043000,Iloilo,found,1.0,town,,WESTERN VISAYAS SANITARIUM AND GENERAL HOSPITAL,100,LEVEL 2,G,WESTERN VISAYAS SANITARIUM AND GENERAL HOSPITAL
11724,2022-04-29,2022,18,increase,"An Act Increasing the Bed Capacity of the Ilocos Training and Regional Medical Center in the City of San Fernando, Province of La Union, from Three Hundred (300) to Eight Hundred (800) Beds, and Appropriating Funds Therefor",Ilocos Training and Regional Medical Center,300,800,0103314000,La Union,found,1.0,town,,ILOCOS TRAINING AND REGIONAL MEDICAL CENTER,306,LEVEL 3,G,ILOCOS TRAINING AND REGIONAL MEDICAL CENTER
11725,2022-04-29,2022,18,convert,"An Act Converting the Don Jose S. Monfort Medical Center Extension Hospital in the Municipality of Barotac Nuevo, Province of Iloilo, Into a Tertiary Hospital to Be Known as The Don Jose S. Monfort Medical Center, and Appropriating Funds Therefor",Don Jose S. Monfort Medical Center,,,0603007000,Iloilo,found,1.0,town,,DON JOSE S. MONFORT MEDICAL CENTER,150,LEVEL 2,G,DON JOSE S. MONFORT MEDICAL CENTER
11863,2022-06-29,2022,18,increase,"An Act Increasing the Bed Capacity of the Laurel Memorial District Hospital in the City of Tanauan, Province of Batangas from Twenty-Five (25) to Fifty (50) Beds, and Appropriating Funds Therefor",Laurel Memorial District Hospital,25,50,0401031000,Batangas,found,1.0,town,,LAUREL MEMORIAL DISTRICT HOSPITAL,25,LEVEL 1,G,LAUREL MEMORIAL DISTRICT HOSPITAL
11864,2022-06-29,2022,18,upgrade,"An Act Upgrading the Lipa City District Hospital in the City of Lipa, Province of Batangas Into a Level II Hospital, and Appropriating Funds Therefor",Lipa City District Hospital,,,0401014000,Batangas,not_found,0.38,,,,,,,SAN JOSE DISTRICT HOSPITAL
11865,2022-06-29,2022,18,increase,"An Act Increasing the Bed Capacity of Ilocos Sur District Hospital-Magsingal in the Municipality of Magsingal, Province of Ilocos Sur from Twenty-Five (25) Beds to One Hundred (100) Beds, and Appropriating Funds Therefor",Ilocos Sur District Hospital-Magsingal,25,100,0102912000,Ilocos Sur,found,0.95,town,,ILOCOS SUR DISTRICT HOSPITAL-MAGSINGAL,25,LEVEL 1,G,ILOCOS SUR DISTRICT HOSPITAL-MAGSINGAL
11866,2022-06-29,2022,18,increase,"An Act Increasing the Bed Capacity of Mangatarem District Hospital in the Municipality of Mangatarem, Province of Pangasinan from Twenty-Five (25) to Fifty (50) Beds, and Appropriating Funds Therefor",Mangatarem District Hospital,25,50,0105527000,Pangasinan,found,0.95,town,,MANGATAREM DISTRICT HOSPITAL,25,LEVEL 1,G,MANGATAREM DISTRICT HOSPITAL
11867,2022-06-29,2022,18,increase,"An Act Increasing the Bed Capacity of the Congressman Natalio P. Castillo, Sr. Memorial Hospital in the Municipality of Loon, Province of Bohol from Twenty-Five (25) to One Hundred (100) Beds, and Appropriating Funds Therefor",,25,100,0701230000,Bohol,no_name,0.0,,,,,,,
11868,2022-06-29,2022,18,upgrade,"An Act Upgrading the Novaliches District Hospital in Barangay San Bartolome, Quezon City, and Appropriating Funds Therefor",Novaliches District Hospital,,,1381300000,Metro Manila,found,1.0,town,,NOVALICHES DISTRICT HOSPITAL,30,LEVEL 1,G,NOVALICHES DISTRICT HOSPITAL
11869,2022-06-29,2022,18,increase,"An Act Increasing the Bed Capacity of the Roxas District Hospital in the Municipality of Roxas, Province of Oriental Mindoro from Fifty (50) to One Hundred (100) Beds, and Appropriating Funds Therefor",Roxas District Hospital,50,100,1705212000,Oriental Mindoro,not_found,0.39,,,,,,,ROXAS MEDICARE HOSPITAL
11870,2022-06-29,2022,18,increase,"An Act Increasing the Bed Capacity of the Dr. Serapio B. Montaner, Jr. Memorial Hospital in the Municipality of Malabang, Province of Lanao del Sur, and Appropriating Funds Therefor",,,,1903615000,Lanao del Sur,no_name,0.0,,,,,,,
11871,2022-06-29,2022,18,increase,"An Act Increasing the Bed Capacity of the Martin Marasigan Memorial Hospital in the Municipality of Cuenca, Province of Batangas from Twenty-Five (25) to Eighty (80) Beds, and Appropriating Funds Therefor",Martin Marasigan Memorial Hospital,25,80,0401009000,Batangas,found,1.0,town,,MARTIN MARASIGAN DISTRICT HOSPITAL,25,LEVEL 1,G,MARTIN MARASIGAN DISTRICT HOSPITAL
11872,2022-06-29,2022,18,establish,"An Act Establishing in the City of Panabo, Province of Davao del Norte, a District Hospital to Be Known as the Panabo City District Hospital, and Appropriating Funds Therefor",Panabo City District Hospital,,,1102315000,Davao del Norte,not_found,0.12,,,,,,,DAVAO REGIONAL MEDICAL CENTER
11873,2022-06-29,2022,18,establish,"An Act Establishing in the Municipality of Don Marcelino, Province of Davao Occidental, a Community Hospital to Be Known as the Lamidan Community Hospital, and Appropriating Funds Therefor",Lamidan Community Hospital,,,1108601000,Davao Occidental,not_found,0.0,,,,,,,
11874,2022-06-29,2022,18,establish,"An Act Establishing in the Municipality of Jose Abad Santos, Province of Davao Occidental, a Community Hospital to Be Known as the Nuing Community Hospital, and Appropriating Funds Therefor",Nuing Community Hospital,,,1108602000,Davao Occidental,not_found,0.0,,,,,,,
11875,2022-06-29,2022,18,increase,"An Act Increasing the Bed Capacity of the Lingayen District Hospital in the Municipality of Lingayen, Province of Pangasinan from Sixty (60) to One Hundred (100) Beds, and Appropriating Funds Therefor",Lingayen District Hospital,60,100,0105522000,Pangasinan,found,0.95,town,,LINGAYEN DISTRICT HOSPITAL,40,LEVEL 1,G,LINGAYEN DISTRICT HOSPITAL
11876,2022-06-29,2022,18,establish,"An Act Establishing in the City of Tagaytay, Province of Cavite, a General Hospital to Be Known as the Isaac Tolentino Memorial Medical Center, and Appropriating Funds Therefor",Isaac Tolentino Memorial Medical Center,,,0402119000,Cavite,not_found,0.0,,,,,,,
11877,2022-06-29,2022,18,convert,"An Act Converting the Oriental Mindoro Central District Hospital in the Municipality of Pinamalayan, Province of Oriental Mindoro, into a Provincial Hospital to Be Known as the Oriental Mindoro Provincial Hospital, and Appropriating Funds Therefor",Oriental Mindoro Provincial Hospital,,,1705209000,Oriental Mindoro,not_found,0.95,,,,,,,ORIENTAL MINDORO PROVINCIAL HOSPITAL
11878,2022-06-29,2022,18,establish,"An Act Establishing in the City of Meycauayan, Province of Bulacan, a Tertiary Hospital to Be Known as the ""Ospital ng Meycauayan"", and Appropriating Funds Therefor",,,,0301412000,Bulacan,no_name,0.0,,,,,,,
11879,2022-06-29,2022,18,increase,"An Act Increasing the Bed Capacity of the Davao Regional Medical Center in the City of Tagum, Province of Davao Del Norte, From Six Hundred (600) to One Thousand (1000) Beds and Appropriating Funds Therefor",Davao Regional Medical Center,600,1000,1102319000,Davao del Norte,found,0.95,town,,DAVAO REGIONAL MEDICAL CENTER,600,LEVEL 3,G,DAVAO REGIONAL MEDICAL CENTER
11880,2022-06-29,2022,18,increase,"An Act Increasing the Bed Capacity of the Eastern Pangasinan District Hospital in the Municipality of Tayug, Province of Pangasinan from One Hundred Fifty (150) to Two Hundred Fifty (250) and Appropriating Funds Therefor",Eastern Pangasinan District Hospital,,,0105543000,Pangasinan,found,1.0,town,,EASTERN PANGASINAN DISTRICT HOSPITAL,150,LEVEL 2,G,EASTERN PANGASINAN DISTRICT HOSPITAL
11881,2022-06-29,2022,18,increase,"An Act Increasing the Bed Capacity of the Concepcion District Hospital in the Municipality of Concepcion, Province of Tarlac from Fifty (50) to One Hundred (100) Beds, and Appropriating Funds Therefor",Concepcion District Hospital,50,100,0306905000,Tarlac,found,0.95,town,,CONCEPCION DISTRICT HOSPITAL,75,LEVEL 1,G,CONCEPCION DISTRICT HOSPITAL
11882,2022-06-29,2022,18,increase,"An Act Increasing the Bed Capacity of the Gov. Faustino N. Dy, Sr. Memorial Hospital in the City of Ilagan, Province of Isabela From One Hundred (100) to Five Hundred (500) Beds, and Appropriating Funds Therefor",,100,500,0203114000,Isabela,no_name,0.0,,,,,,,
11883,2022-06-29,2022,18,convert,"An Act Converting the Governor Celestino Gallares Memorial Hospital in the City of Tagbilaran, Province of Bohol to the Governor Celestino Gallares Multi-Specialty Medical Complex, and Appropriating Funds Therefor",Governor Celestino Gallares Memorial Hospital,,,0701242000,Bohol,found,1.0,town,,GOVERNOR CELESTINO GALLARES MEMORIAL MEDICAL CENTER,400,LEVEL 3,G,GOVERNOR CELESTINO GALLARES MEMORIAL MEDICAL CENTER
11884,2022-06-29,2022,18,increase,"An Act Increasing the Bed Capacity of the Balindong District Hospital in the Municipality of Wato-Balindong, Province of Lanao del Sur, from Ten (10) to Fifty (50) Beds, and Appropriating Funds Therefor",Balindong District Hospital,10,50,,Lanao del Sur,not_found,0.95,,,,,,,BALINDONG DISTRICT HOSPITAL
11885,2022-06-29,2022,18,increase,"An Act Increasing the Bed Capacity of the Unayan Municipal Hospital in the Municipality of Binidayan, Provinc of Lanao del Sur, from Ten (10) to Fifty (50) Beds, and Appropriating Funds Therefor",Unayan Municipal Hospital,10,50,1903605000,Lanao del Sur,found,1.0,town,,UNAYAN DISTRICT HOSPITAL,25,LEVEL 1,G,UNAYAN DISTRICT HOSPITAL
11886,2022-06-29,2022,18,establish,"An Act Establishing in the Municipality of Liloan, Province of Cebu, a Children's Hospital to Be Known as the Liloan Children's Hospital and Appropriating Funds Therefor",Liloan Children's Hospital,,,0702227000,Cebu,not_found,0.36,,,,,,,LILOAN COMMUNITY HOSPITAL
11887,2022-06-29,2022,18,increase,"An Act Increasing the Bed Capacity of the Ospital ng Palawan in the City of Puerto Princesa, Province of Palawan, from One Hundred (100) to Four Hundred (400) Beds, and Appropriating Funds Therefor",,100,400,1731500000,Palawan,no_name,0.0,,,,,,,
11888,2022-06-29,2022,18,upgrade,"An Act Upgrading the Orani District Hospital in the Municipality of Orani, Province of Bataan into a Level II General Hospital to Be Known as the Antonio ""Tony"" P. Roman Memorial Hospital, Increasing its Bed Capacity from Fifty (50) to Two Hundred (200) Beds, and Appropriating Funds Therefor","Antonio ""Tony"" P. Roman Memorial Hospital",50,200,0300809000,Bataan,found,1.0,town,,"ANTONINO ""TONY"" P. ROMAN MEMORIAL HOSPITAL",50,LEVEL 1,G,"ANTONINO ""TONY"" P. ROMAN MEMORIAL HOSPITAL"
11889,2022-06-29,2022,18,increase,"An Act Increasing the Bed Capacity of the Baguio General Hospital and Medical Center in the City of Baguio, Province of Benguet, from Eight Hundred (800) to One Thousand Five Hundred (1500) Beds, and Appropriating Funds Therefor",Baguio General Hospital and Medical Center,800,1500,1430300000,Benguet,found,0.95,town,,BAGUIO GENERAL HOSPITAL AND MEDICAL CENTER,600,LEVEL 3,G,BAGUIO GENERAL HOSPITAL AND MEDICAL CENTER
11890,2022-06-29,2022,18,increase,"An Act Increasing the Bed Capacity of the Teresita Lopez Jalandoni Provincial Hospital in the City of Silay, Province of Negros Occidental from One Hundred (100) to Three Hundred (300) Beds, and Appropriating Funds Therefor",Teresita Lopez Jalandoni Provincial Hospital,100,300,1804526000,Negros Occidental,found,0.67,town,,TERESITA L. JALANDONI PROVINCIAL HOSPITAL,206,LEVEL 2,G,TERESITA L. JALANDONI PROVINCIAL HOSPITAL
11891,2022-06-29,2022,18,establish,"An Act Establishing in the City of Iloilo, Province of Iloilo, a City Hospital to Be Known as the Iloilo City Hospital, and Appropriating Funds Therefor",Iloilo City Hospital,,,0631000000,Iloilo,not_found,0.12,,,,,,,POLICE REGIONAL OFFICE 6 PRIMARY HEALTH CARE HOSPITAL
11892,2022-06-29,2022,18,establish,"An Act Establishing in the Municipality of Kalibo, Province of Aklan, a Geriatric Medical Center to Be Known as the Aklan Geriatric Medical Center, and Appropriating Funds Therefor",Aklan Geriatric Medical Center,,,0600407000,Aklan,not_found,0.0,,,,,,,
11959,2023-08-24,2023,19,establish,An Act Establishing Specialty Centers in Department of Health Hospitals in Every Region and in Government-Owned or -Controlled Corporation Specialty Hospitals and Appropriating Funds Therefor,,,,,,no_name,0.0,,,,,,,
12040,2024-10-26,2024,19,upgrade,"An Act Upgrading the Bangui District Hospital in the Municipality of Bangui, Province of Ilocos Norte, into a Level II District Hospital, and Appropriating Funds Therefor",Bangui District Hospital,,,0102804000,Ilocos Norte,found,0.95,town,,BANGUI DISTRICT HOSPITAL,25,LEVEL 1,G,BANGUI DISTRICT HOSPITAL
12041,2024-10-26,2024,19,increase,"An Act Increasing the Bed Capacity of Cong. Simeon G. Toribio Man Act Increasing the Bed Capacity of Teodoro B. Galagar District Hospital in the Municipality of Jagna, Province of Bohol, From Seventy-five (75) To One Hundred (100) Beds, and Appropriating Funds Therefor",Cong. Simeon G. Toribio Man Act Increasing the Bed Capacity of Teodoro B. Galagar District Hospital,75,100,0701225000,Bohol,not_found,0.22,,,,,,,TEODORO B. GALAGAR DISTRICT HOSPITAL
12042,2024-10-26,2024,19,increase,"An Act Increasing the Bed Capacity of Cong. Simeon G. Toribio Memorial Hospital in the Municipality of Carmen, Province of Bohol, from Forty (40) to Seventy-Five (75) Beds, and Appropriating Funds Therefor",Cong. Simeon G. Toribio Memorial Hospital,40,75,0701212000,Bohol,found,1.0,town,,CONG. SIMEON G. TORIBIO MEMORIAL HOSPITAL,40,LEVEL 1,G,CONG. SIMEON G. TORIBIO MEMORIAL HOSPITAL
12043,2024-10-26,2024,19,amend,"An Act Amending Section 1 of Republic Act No. 11272, Entitled: ""An Act Establishing A Specialty Hospital in the City of San Jose Del Monte, Province of Bulacan, To Be Known As St. Bernadette Children and Maternity Hospital, and Appropriating Funds Therefor""",St. Bernadette Children and Maternity Hospital,,,0301420000,Bulacan,not_found,0.0,,,,,,,
12056,2024-10-31,2024,19,upgrade,"An Act Upgrading the Basilan General Hospital in the City of Isabela, Province of Basilan, Into A Level Iii Hospital To Be Known As the Basilan Medical Center, and Appropriating Funds Therefor",Basilan Medical Center,,,0990101000,Basilan,found,0.95,town,,BASILAN MEDICAL CENTER,129,LEVEL 2,G,BASILAN MEDICAL CENTER
12068,2024-11-08,2024,19,upgrade,"An Act Upgrading The Bataan General Hospital And Medical Center In The City Of Balanga, Province Of Bataan, To A Multi-specialty Hospital, Increasing Its Bed Capacity From Five Hundred (500) To One Thousand (1,000) Beds, And Appropriating Funds Therefor",Bataan General Hospital,500,1000,0300803000,Bataan,found,0.95,town,,BATAAN GENERAL HOSPITAL AND MEDICAL CENTER,607,LEVEL 3,G,BATAAN GENERAL HOSPITAL AND MEDICAL CENTER
12069,2024-11-08,2024,19,upgrade,"An Act Upgrading The Dr. Catalino Gallego Nava Provincial Hospital In The Municipality Of Jordan, Province Of Guimaras, Into A Level Ii Hospital, Renaming It As The Dr. Catalino Gallego Nava Medical Center, And Appropriating Funds Therefor",Dr. Catalino Gallego Nava Provincial Hospital,,,0607902000,Guimaras,found,1.0,town,,DR. CATALINO GALLEGO NAVA MEDICAL CENTER,75,LEVEL 1,G,DR. CATALINO GALLEGO NAVA MEDICAL CENTER
12070,2024-11-08,2024,19,establish,"An Act Establishing The City Of Victorias, Province Of Negros Occidental, A General Hospital To Be Known As The Victorias City General Hospital, And Appropriating Funds Therefor",Victorias City General Hospital,,,1804531000,Negros Occidental,not_found,0.31,,,,,,,SAN CARLOS CITY HOSPITAL
12071,2024-11-08,2024,19,establish,"An Act Establishing In The Municipality Of Bay, Province Of Laguna, A Level Iii General Hospital To Be Known As The Laguna Regional Hospital, And Appropriating Funds Therefor",Laguna Regional Hospital,,,0403402000,Laguna,not_found,0.31,,,,,,,CABUYAO CITY HOSPITAL
12112,2024-12-13,2024,19,establish,"An Act Establishing in the Municipality of Rodriguez (Montalban), Province of Rizal, a Level II Hospital to Be Known as the Northern Tagalog Regional Hospital, and Appropriating Funds Therefor",Northern Tagalog Regional Hospital,,,0405808000,Rizal,not_found,0.0,,,,,,,
12113,2024-12-13,2024,19,establish,"An Act Establishing the City of San Jose, Province of Nueva Ecija, a Level II General Hospital to Be Known as the Sen. Edgardo J. Angara General Hospital, and Appropriating Funds Therefor",Sen. Edgardo J. Angara General Hospital,,,0304926000,Nueva Ecija,not_found,0.0,,,,,,,
12117,2025-01-03,2025,19,rename,"An Act Renaming the Mindanao Central Sanitarium in Pasobolong, Zamboanga City to Zamboanga Regional Medical Center",Mindanao Central Sanitarium,,,0931700000,Zamboanga del Sur,found,0.95,town,Zamboanga Regional Medical Center,ZAMBOANGA REGIONAL MEDICAL CENTER,100,LEVEL 2,G,ZAMBOANGA REGIONAL MEDICAL CENTER
12175,2025-04-15,2025,19,establish,"An Act Establishing In the Municipality of Santo Tomas, Province of Davao Del Norte, A Municipal Hospital To Be Known As the Santo Tomas Municipal Hospital, and Appropriating Funds Therefor",Santo Tomas Municipal Hospital,,,1102318000,Davao del Norte,not_found,0.19,,,,,,,DAVAO REGIONAL MEDICAL CENTER
12176,2025-04-15,2025,19,increase,"An Act Increasing the Bed Capacity of the Tomas Lachica District Hospital in the Municipality of Jose Abad Santos, Province of Davao Occidental, from Twenty-Five (25) to Fifty (50) Beds, and Appropriating Funds Therefor",Tomas Lachica District Hospital,25,50,1108602000,Davao Occidental,found,1.0,town,,TOMAS LACHICA DISTRICT HOSPITAL,18,INF/DISP,G,TOMAS LACHICA DISTRICT HOSPITAL
12203,2025-05-08,2025,19,increase,"An Act Increasing the Bed Capacity of the Region 1 Medical Center In the City of Dagupan, Province of Pangasinan, From Six Hundred (600) To One Thousand Five Hundred (1,500) Beds, and Appropriating Funds Therefor",Region 1 Medical Center,600,1500,0105518000,Pangasinan,found,1.0,town,,REGION I MEDICAL CENTER,300,LEVEL 3,G,REGION I MEDICAL CENTER
12204,2025-05-08,2025,19,increase,"An Act Increasing the Bed Capacity of the Amang Rodriguez Memorial Medical Center In the City of Marikina, Metro Manila, From Five Hundred (500) To One Thousand (1,000) Beds, and Appropriating Funds Therefor",Amang Rodriguez Memorial Medical Center,500,1000,1380700000,Metro Manila,found,1.0,town,,AMANG RODRIGUEZ MEMORIAL MEDICAL CENTER,300,LEVEL 3,G,AMANG RODRIGUEZ MEMORIAL MEDICAL CENTER
12205,2025-05-08,2025,19,increase,"An Act Increasing the Bed Capacity of the Laguna Provincial Hospital - San Pedro District Hospital In the City of San Pedro, Province of Laguna, From Fifteen (15) To Fifty (50) Beds, and Appropriating Funds Therefor",Laguna Provincial Hospital - San Pedro District Hospital,15,50,0403425000,Laguna,not_found,0.45,,,,,,,LAGUNA PROVINCIAL HOSPITAL - SAN PABLO CITY DISTRICT HOSPITAL
12206,2025-05-08,2025,19,establish,"An Act Establishing In the Municipality of Ramon Magsaysay, Province of Zamboanga Del Sur, A District Hospital To Be Known As Zamboanga Del Sur First District Hospital, and Appropriating Funds Therefor",Zamboanga Del Sur First District Hospital,,,0907323000,Zamboanga del Sur,not_found,0.0,,,,,,,
12207,2025-05-08,2025,19,increase,"An Act Increasing the Bed Capacity of the Amai Pakpak Medical Center In the City of Marawi, Province of Lanao Del Sur, From Four Hundred (400) To Eight Hundred (800) Beds, and Appropriating Funds Therefor",Amai Pakpak Medical Center,400,800,1903617000,Lanao del Sur,found,1.0,town,,AMAI PAKPAK MEDICAL CENTER,438,LEVEL 3,G,AMAI PAKPAK MEDICAL CENTER
12208,2025-05-08,2025,19,establish,"An Act Establishing in the City of Calamba, Province of Laguna, a General Hospital to Be Known as Calamba City General Hospital, and Appropriating Funds Therefor",Calamba City General Hospital,,,0403405000,Laguna,not_found,0.4,,,,,,,SAN PABLO CITY GENERAL HOSPITAL
12210,2025-05-21,2025,19,increase,"An Act Increasing the Bed Capacity of the Philippine General Hospital from One Thousand Three Hundred Thirty-Four (1,334) to Two Thousand Two Hundred (2,200) Beds, and Appropriating Funds Therefor",Philippine General Hospital,1334,2200,,,found,0.98,national,,UP-PHILIPPINE GENERAL HOSPITAL,1334,LEVEL 3,G,UP-PHILIPPINE GENERAL HOSPITAL
12211,2025-05-21,2025,19,establish,"An Act Establishing in the City of Lucena, Province of Quezon, a General Hospital to Be Known as the Lucena City Hospital, and Appropriating Funds Therefor",Lucena City Hospital,,,0431200000,Quezon,not_found,0.35,,,,,,,QUEZON CITY GENERAL HOSPITAL
12212,2025-05-21,2025,19,increase,"An Act Increasing the Bed Capacity of the Wao District Hospital in the Municipality of Wao, Province of Lanao del Sur, from Fifty (50) to One Hundred (100) Beds, and Appropriating Funds Therefor",Wao District Hospital,50,100,1903630000,Lanao del Sur,found,0.95,town,,WAO DISTRICT HOSPITAL,25,LEVEL 1,G,WAO DISTRICT HOSPITAL
12213,2025-05-21,2025,19,increase,"An Act Increasing the Bed Capacity of the Southern Tagalog Regional Hospital in the City of Bacoor, Province of Cavite, from One Hundred (100) to Three Hundred (300) Beds, and Appropriating Funds Therefor",Southern Tagalog Regional Hospital,100,300,0402103000,Cavite,found,1.0,town,,SOUTHERN TAGALOG REGIONAL HOSPITAL (BACOOR DISTRICT HOSPITAL),100,LEVEL 2,G,SOUTHERN TAGALOG REGIONAL HOSPITAL (BACOOR DISTRICT HOSPITAL)
12240,2025-08-29,2025,19,establish,"An Act Establishing in the Municipality of Baler, Province of Aurora, a Level III General Hospital to Be Known as the Aurora Medical Center, and Appropriating Funds Therefor",Aurora Medical Center,,,0307701000,Aurora,not_found,0.31,,,,,,,AURORA MEMORIAL HOSPITAL
12260,2025-09-05,2025,19,establish,"An Act Establishing in the Municipality of San Miguel, Province of Zamboanga del Sur. a District Hospital to Be Known as the Zamboanga del Sur Second District Hospital, and Appropriating Funds Therefor",Zamboanga del Sur Second District Hospital,,,0907324000,Zamboanga del Sur,not_found,0.0,,,,,,,
12261,2025-09-05,2025,19,establish,"An Act Establishing in the Municipality of Liloy, Province of Zamboanga del Norte, a Level II General Hospital to Be Known as the Liloy General Hospital, and Appropriating Funds Therefor",Liloy General Hospital,,,0907206000,Zamboanga del Norte,not_found,0.29,,,,,,,SIBUTAD MUNICIPAL HOSPITAL
12292,2025-09-12,2025,19,upgrade,"An Act Upgrading the Quirino Province Medical Center in the Municipality of Cabarroguis, Province of Quirino, into a Level III General Hospital, and Appropriating Funds Therefor",Quirino Province Medical Center,,,0205702000,Quirino,found,0.95,town,,QUIRINO PROVINCE MEDICAL CENTER,150,LEVEL 1,G,QUIRINO PROVINCE MEDICAL CENTER
12293,2025-09-12,2025,19,upgrade,"An Act Upgrading the Quirino Province Medical Center in the Municipality of Cabarroguis, Province of Quirino, into a Level III General Hospital, and Appropriating Funds Therefor",Quirino Province Medical Center,,,0205702000,Quirino,found,0.95,town,,QUIRINO PROVINCE MEDICAL CENTER,150,LEVEL 1,G,QUIRINO PROVINCE MEDICAL CENTER
