ra,congress,scope,category,senate_records,floor_days,debate_days,third_reading,third_reading_with,batch,certified,certified_source
9333,13,national,national,HB-13-2808; SB-13-1757,3,2,2004-09-07,1,,yes,senate record
9334,13,national,national,HB-13-3174; SB-13-1854,11,7,2004-12-14,1,,yes,senate record
9335,13,national,national,HB-13-2996; SB-13-1871,6,2,2005-01-07,1,,yes,senate record
9336,13,national,appropriation,HB-13-3154,10,7,2005-03-01,1,,yes,senate record
9337,13,national,national,HB-13-3555; HB-13-3705; SB-13-1950,13,9,2005-04-13,1,,yes,senate record
9338,13,private,citizenship,HB-13-2659; SB-13-1952,4,3,2005-06-06,2,,,
9339,13,private,franchise,HB-13-3696,4,1,2005-06-06,2,,,
9340,13,national,national,HB-13-3742; SB-13-2000,11,7,2005-08-24,1,,yes,senate record
9341,13,national,national,HB-13-3356; SB-13-1956,7,2,2005-10-03,1,,,
9342,13,private,franchise,HB-13-3524,3,2,2005-11-07,1,,,
9343,13,national,national,HB-13-4066; SB-13-2204,4,2,2006-03-08,1,,yes,senate record
9344,13,national,national,HB-13-5065; SB-13-1402,10,2,2005-12-06,1,,yes,senate record
9345,13,local,road,HB-13-3872,4,0,2006-04-03,6,,,
9346,13,national,national,HB-13-4826; SB-13-2254,4,2,2006-06-06,1,,yes,senate record
9347,13,national,national,HB-13-5015; SB-13-2035,5,1,2005-09-19,1,,,
9348,13,local,road,HB-13-3927,4,0,2006-04-03,6,,,
9349,13,local,road,HB-13-3932,3,1,2006-04-03,6,,,
9350,13,local,road,HB-13-3935,4,0,2006-04-03,6,,,
9351,13,local,road,HB-13-3936,4,0,2006-04-03,6,,,
9352,13,local,road,HB-13-3938,4,0,2006-04-03,6,,,
9353,13,local,lgu,HB-13-4899,2,0,2006-07-25,4,,,
9354,13,private,franchise,HB-13-2478,4,1,2006-07-25,4,,,
9355,13,local,lgu,HB-13-884,2,0,2006-08-14,1,,,
9356,13,local,lgu,HB-13-4937,2,0,2006-07-25,4,,,
9357,13,local,district,HB-13-4192,3,1,2006-09-04,2,,,
9358,13,national,national,HB-13-5668,3,3,2006-09-13,2,,yes,senate record
9359,13,national,national,HB-13-5679,2,0,2006-09-13,2,,yes,senate record
9360,13,local,district,HB-13-1299,2,1,2006-09-04,2,,,
9361,13,national,national,HB-13-5742,1,1,2006-10-09,1,,yes,senate record
9362,13,private,citizenship,HB-13-4845,2,1,2006-11-20,2,,,
9363,13,private,citizenship,HB-13-643; SB-13-1978,3,0,2006-07-25,4,,,
9364,13,local,lgu,HB-13-4078,3,0,2006-11-13,3,,,
9365,13,national,national,HB-13-224; SB-13-1286,5,1,2005-02-28,1,,,
9366,13,private,citizenship,HB-13-1829,2,1,2006-11-20,2,,,
9367,13,national,national,HB-13-4629; SB-13-2226,8,2,2006-10-11,1,,yes,senate record
9368,13,private,franchise,HB-13-4487,3,0,2006-11-06,2,,,
9369,13,national,national,HB-13-5352; SB-13-2231,22,4,2006-10-12,2,,yes,senate record
9370,13,private,franchise,HB-13-4430,3,0,2006-11-06,2,,,
9371,13,local,district,HB-13-5859,2,0,2007-02-07,5,,yes,senate record
9372,13,national,national,HB-13-4839; SB-13-2137,27,11,2007-02-07,5,,yes,senate record
9373,13,local,court,HB-13-5305,3,0,2006-12-18,7,,,
9374,13,local,court,HB-13-5126,3,0,2006-12-18,7,,,
9375,13,local,court,HB-13-5071,3,0,2006-12-18,7,,,
9376,13,local,court,HB-13-4976,3,0,2006-12-18,7,,,
9377,13,local,court,HB-13-3043,3,0,2006-12-18,7,,,
9378,13,local,holiday,HB-13-213,3,2,2006-12-18,7,,,
9379,13,national,national,HB-13-4067; SB-13-2522,3,1,2006-12-04,1,,,
9380,13,local,holiday,HB-13-4561,3,2,2006-12-18,7,,,
9381,13,private,franchise,HB-13-5401,4,0,2006-12-11,4,,,
9382,13,private,franchise,HB-13-692,4,0,2006-11-13,3,,,
9383,13,private,franchise,HB-13-3293,4,0,2006-12-11,4,,,
9384,13,private,franchise,HB-13-4429,4,0,2006-11-13,3,,,
9385,13,private,franchise,HB-13-5512,4,0,2006-12-11,4,,,
9386,13,private,franchise,HB-13-5513,4,0,2006-12-11,4,,,
9387,13,local,lgu,HB-13-5500,4,1,2006-10-12,2,,,
9388,13,local,lgu,HB-13-5828,2,0,2007-01-29,4,,,
9389,13,local,lgu,HB-13-5973,3,0,2007-02-05,19,,,
9390,13,local,lgu,HB-13-5997,3,0,2007-02-05,19,,,
9391,13,local,lgu,HB-13-5998,3,0,2007-02-05,19,,,
9392,13,local,lgu,HB-13-5999,3,0,2007-02-05,19,,,
9393,13,local,lgu,HB-13-6001,3,0,2007-02-05,19,,,
9394,13,local,lgu,HB-13-5990,3,0,2007-02-05,19,,,
9395,13,local,college,HB-13-5977,1,0,2007-02-08,7,,yes,senate record
9396,13,national,national,HB-13-4451; SB-13-1967,6,2,2005-09-26,1,,,
9397,13,national,national,HB-13-3834; SB-13-2518,3,0,2007-01-22,13,,,
9398,13,local,lgu,HB-13-5930,3,0,2007-02-05,19,,,
9399,13,national,national,HB-13-4900; SB-13-2259,4,1,2006-12-20,2,,yes,senate record
9400,13,national,national,HB-13-5064; SB-13-2260,4,2,2006-12-20,2,,yes,senate record
9401,13,national,appropriation,,,,,,,,
9402,13,local,college,HB-13-5953,1,0,2007-02-08,7,,yes,senate record
9403,13,local,college,HB-13-5336,2,0,2007-02-19,48,,,
9404,13,local,lgu,HB-13-6005,3,0,2007-02-05,19,,,
9405,13,local,lgu,HB-13-5991,3,0,2007-02-05,19,,,
9406,13,national,national,HB-13-5921; SB-13-2171,8,4,2007-02-05,19,,,
9407,13,local,lgu,HB-13-6004,3,0,2007-02-05,19,,,
9408,13,local,lgu,HB-13-6023,1,0,2007-02-08,7,,yes,senate record
9409,13,local,lgu,HB-13-6024,1,0,2007-02-08,7,,yes,senate record
9410,13,local,holiday,HB-13-3362,4,2,2007-01-22,13,,,
9411,13,local,holiday,HB-13-4560,4,2,2007-01-22,13,,,
9412,13,local,holiday,HB-13-4565,4,2,2007-01-22,13,,,
9413,13,local,holiday,HB-13-4571,4,2,2007-01-22,13,,,
9414,13,local,holiday,HB-13-4573,4,2,2007-01-22,13,,,
9415,13,national,national,SB-13-2586,2,0,2007-02-05,19,,yes,senate record
9416,13,national,national,HB-13-4435; SB-13-2512,3,0,2006-12-21,1,,,
9417,13,national,national,HB-13-5956; SB-13-2249,4,0,2007-01-29,4,,,
9418,13,national,national,HB-13-4065,2,0,2007-02-05,19,,,
9419,13,local,hospital,HB-13-1352,2,0,2007-02-19,48,,,
9420,13,local,hospital,HB-13-1395,3,0,2007-02-05,19,,,
9421,13,local,hospital,HB-13-4190,3,0,2007-02-05,19,,,
9422,13,national,national,HB-13-5498; SB-13-2501,4,0,2007-01-22,13,,,
9423,13,local,court,HB-13-4393,3,0,2007-02-19,48,,,
9424,13,local,court,HB-13-5934,2,0,2007-02-08,7,,,
9425,13,local,holiday,HB-13-188,4,2,2007-01-22,13,,,
9426,13,local,holiday,HB-13-4564,4,2,2007-01-22,13,,,
9427,13,local,holiday,HB-13-4569,4,2,2007-01-22,13,,,
9428,13,local,holiday,HB-13-4574,4,2,2007-01-22,13,,,
9429,13,local,holiday,HB-13-4572,4,2,2007-01-22,13,,,
9430,13,local,holiday,HB-13-4575,4,2,2007-01-22,13,,,
9431,13,local,lgu,HB-13-6029,2,0,2007-02-19,48,,,
9432,13,local,lgu,HB-13-6028,2,0,2007-02-19,48,,,
9433,13,national,national,HB-13-4536; SB-13-2587,3,0,2007-02-05,19,,yes,senate record
9434,13,local,lgu,HB-13-5992,3,0,2007-02-05,19,,,
9435,13,local,lgu,HB-13-6003,2,0,2007-02-19,48,,,
9436,13,local,lgu,HB-13-6002,3,0,2007-02-05,19,,,
9437,13,local,college,HB-13-5330,2,0,2007-02-19,48,,,
9438,13,local,school,HB-13-5660,2,0,2007-02-19,48,,,
9439,13,local,hospital,HB-13-68,2,0,2007-02-19,48,,,
9440,13,local,office,HB-13-5849,2,0,2007-02-19,48,,,
9441,13,local,office,HB-13-5850,2,0,2007-02-19,48,,,
9442,13,national,national,HB-13-1214; SB-13-2580,3,1,2007-02-05,19,,yes,senate record
9443,13,local,land,HB-13-4993,1,1,2007-02-20,1,,yes,senate record
9444,13,local,office,HB-13-591,3,0,2007-02-19,48,,,
9445,13,local,office,HB-13-574,3,0,2007-02-19,48,,,
9446,13,local,office,HB-13-2072,3,0,2007-02-19,48,,,
9447,13,local,school,HB-13-5657,2,0,2007-02-19,48,,,
9448,13,local,court,HB-13-1308,3,0,2007-02-19,48,,,
9449,13,local,court,HB-13-5116,3,0,2007-02-19,48,,,
9450,13,local,court,HB-13-5117,3,0,2007-02-19,48,,,
9451,13,local,school,HB-13-5217,2,0,2007-02-19,48,,,
9452,13,local,school,HB-13-5138,2,0,2007-02-19,48,,,
9453,13,local,school,HB-13-3730,2,0,2007-02-19,48,,,
9454,13,local,school,HB-13-5434,2,0,2007-02-19,48,,,
9455,13,local,school,,,,,,,,
9456,13,local,college,HB-13-4910,2,0,2007-02-19,48,,,
9457,13,local,lgu,HB-13-5884,2,0,2007-02-19,48,,,
9458,13,local,office,HB-13-786,3,0,2007-02-19,48,,,
9459,13,local,other_local,HB-13-5841,2,0,2007-02-19,48,,,
9460,13,local,office,HB-13-5852,2,0,2007-02-19,48,,,
9461,13,local,road,HB-13-1243,3,0,2007-02-19,48,,,
9462,13,local,road,HB-13-2753,3,0,2007-02-19,48,,,
9463,13,local,road,HB-13-4085,3,0,2007-02-19,48,,,
9464,13,local,road,HB-13-642,2,0,2007-02-19,48,,,
9465,13,local,road,HB-13-1605,3,0,2007-02-19,48,,,
9466,13,local,road,HB-13-1667,3,0,2007-02-19,48,,,
9467,13,local,road,HB-13-4458,2,0,2007-02-19,48,,,
9468,13,local,road,HB-13-5891,2,0,2007-02-19,48,,,
9469,13,local,college,HB-13-5339,2,0,2007-02-19,48,,,
9470,13,national,national,HB-13-5792,2,0,2007-02-19,48,,,
9471,13,local,other_local,HB-13-5840,2,0,2007-02-19,48,,,
9472,13,local,college,HB-13-5332,2,0,2007-02-19,48,,,
9473,13,local,school,HB-13-5151,2,0,2007-02-19,48,,,
9474,13,national,national,HB-13-6073; SB-13-1949,4,0,2006-12-19,1,,yes,senate record
9475,13,local,college,HB-13-5340,2,0,2007-02-19,48,,,
9476,13,local,road,HB-13-189,3,0,2007-02-19,48,,,
9477,13,local,road,HB-13-4457,3,0,2007-02-19,48,,,
9478,13,private,franchise,HB-13-4220,2,0,2007-01-29,4,,,
9479,13,private,franchise,HB-13-5373,3,0,2007-01-29,4,,,
9480,13,national,national,HB-13-2933,2,0,2007-02-07,5,,yes,senate record
9481,13,national,national,HB-13-1351; SB-13-2466,4,1,2007-02-19,48,,,
9482,13,national,national,HB-13-4654; SB-13-2541,8,3,2007-02-07,5,,yes,senate record
9483,13,national,national,HB-13-4363; SB-13-2600,2,0,2007-02-19,48,,,
9484,13,national,national,HB-13-4848; SB-13-2581,3,0,2007-02-08,7,,,
9485,13,national,national,HB-13-3776; SB-13-2589,2,0,2007-02-08,7,,,
9486,13,local,land,HB-13-4862; SB-13-2532,5,1,2007-02-01,1,,,
9487,13,national,national,HB-13-3409,2,1,2007-02-07,5,,yes,senate record
9488,13,local,road,HB-13-4084,3,0,2007-02-19,48,,,
9489,13,private,citizenship,HB-13-2454,2,1,2007-02-19,48,,,
9490,13,local,office,HB-13-5309; SB-13-2603,3,0,2007-02-19,48,,,
9491,13,local,lgu,HB-13-6041,2,0,2007-06-07,1,,,
9492,13,national,national,SB-13-2119,2,0,2007-01-30,1,,yes,senate record
9493,13,local,school,HB-13-3745,0,0,,,,,
9494,13,local,land,HB-13-5838; SB-13-2616,2,0,2007-06-06,1,,yes,senate record
9495,13,local,lgu,,,,,,,,
9496,14,national,national,HB-14-2976; SB-14-1648,4,2,2007-12-12,1,,yes,senate record
9497,14,national,national,HB-14-3156,3,1,2007-12-19,3,,yes,senate record
9498,14,national,appropriation,HB-14-2454,9,7,2007-12-11,1,,yes,senate record
9499,14,national,national,HB-14-3323; SB-14-1659,3,0,2008-02-05,1,,,
9500,14,local,college,HB-14-2845; SB-14-1964,4,1,2007-12-19,3,,yes,senate record
9501,14,national,national,HB-14-1754; SB-14-1646,5,2,2007-11-05,4,,yes,senate record
9502,14,national,national,HB-14-2844; SB-14-1658,3,1,2007-11-05,4,,yes,senate record
9503,14,national,national,HB-14-1890; SB-14-2009,3,1,2008-03-03,1,,,
9504,14,national,national,SB-14-2293,4,3,2008-05-27,1,,yes,senate record
9505,14,national,national,HB-14-3754; SB-14-1882,4,1,2007-12-05,1,,yes,senate record
9506,14,national,national,,,,,,,,
9507,14,national,national,HB-14-4220; SB-14-1987,6,1,2008-08-06,1,,,
9508,14,local,district,HB-14-3224,3,1,2008-07-29,1,,,
9509,14,national,national,SB-14-2092,4,0,2008-03-11,1,,,
9510,14,national,national,HB-14-4260; SB-14-1881,4,1,2007-12-19,3,,yes,senate record
9511,14,private,franchise,HB-14-4358,10,7,2008-11-17,1,,,
9512,14,national,national,HB-14-4381; SB-14-1699,3,0,2007-11-05,4,,,
9513,14,national,national,HB-14-4193; SB-14-2046,14,4,2008-09-29,4,,yes,senate record
9514,14,national,national,HB-14-4115; SB-14-2553,8,0,2008-10-06,2,,,
9515,14,national,national,HB-14-4120; SB-14-2078,3,0,2008-09-09,1,,,
9516,14,national,national,HB-14-3242; SB-14-2230,5,1,2008-10-08,1,,yes,senate record
9517,14,private,franchise,HB-14-3788,2,1,2008-09-29,4,,,
9518,14,private,franchise,HB-14-3789,3,1,2008-09-29,4,,,
9519,14,local,college,HB-14-4407,3,0,2008-11-10,5,,,
9520,14,national,national,HB-14-4312; SB-14-2264,12,4,2008-08-26,1,,,
9521,14,national,national,HB-14-4213; SB-14-2409,2,0,2008-11-10,5,,,
9522,14,national,national,HB-14-3216; SB-14-2699,3,1,2009-01-28,1,,yes,senate record
9523,14,national,national,HB-14-10; SB-14-2391,6,1,2008-10-06,2,,,
9524,14,national,appropriation,HB-14-5116,3,1,2008-12-15,1,,yes,senate record
9525,14,national,appropriation,HB-14-5715,1,0,2009-03-04,2,,yes,senate record
9526,14,local,school,HB-14-3715,2,0,2009-01-21,30,,,
9527,14,local,school,HB-14-3716,2,0,2009-01-26,21,,,
9528,14,local,school,HB-14-3748,2,0,2009-01-21,30,,,
9529,14,local,school,HB-14-3354,2,0,2009-01-26,21,,,
9530,14,local,school,HB-14-4348,2,0,2009-01-26,21,,,
9531,14,local,school,HB-14-3913,2,0,2009-01-26,21,,,
9532,14,local,school,HB-14-3904,2,0,2009-01-21,30,,,
9533,14,local,school,HB-14-3891,2,0,2009-01-26,21,,,
9534,14,local,school,HB-14-3898,2,0,2009-01-26,21,,,
9535,14,local,school,HB-14-3353,2,0,2009-01-26,21,,,
9536,14,local,school,HB-14-3357,2,0,2009-01-26,21,,,
9537,14,local,school,HB-14-3888,2,0,2009-01-26,21,,,
9538,14,local,school,HB-14-3832,2,0,2009-01-26,21,,,
9539,14,local,school,HB-14-3887,2,0,2009-01-26,21,,,
9540,14,local,school,HB-14-3349,2,0,2009-01-26,21,,,
9541,14,local,school,HB-14-3911,2,0,2009-01-26,21,,,
9542,14,local,school,HB-14-3910,2,0,2009-01-26,21,,,
9543,14,local,school,HB-14-3908,2,0,2009-01-26,21,,,
9544,14,local,school,HB-14-3900,2,0,2009-01-21,30,,,
9545,14,local,school,HB-14-3914,2,0,2009-01-26,21,,,
9546,14,local,school,HB-14-4282,2,0,2009-01-21,30,,,
9547,14,national,national,HB-14-5388; SB-14-2116,5,0,2008-05-06,1,,,
9548,14,local,school,HB-14-223,2,0,2009-01-21,30,,,
9549,14,local,school,HB-14-1528,2,0,2009-01-21,30,,,
9550,14,local,school,HB-14-3334,2,0,2009-01-21,30,,,
9551,14,local,school,HB-14-3348,2,0,2009-01-21,30,,,
9552,14,local,school,HB-14-3359,2,0,2009-01-26,21,,,
9553,14,local,school,HB-14-3830,2,0,2009-01-21,30,,,
9554,14,local,school,HB-14-3833,2,0,2009-01-21,30,,,
9555,14,local,school,HB-14-3899,2,0,2009-01-21,30,,,
9556,14,local,school,HB-14-3906,2,0,2009-01-21,30,,,
9557,14,local,school,HB-14-3907,2,0,2009-01-26,21,,,
9558,14,local,school,HB-14-3912,2,0,2009-01-21,30,,,
9559,14,local,school,HB-14-3915,2,0,2009-01-21,30,,,
9560,14,local,school,HB-14-4083,2,0,2009-01-21,30,,,
9561,14,local,school,HB-14-4155,2,0,2009-01-21,30,,,
9562,14,local,school,HB-14-4223,2,0,2009-01-21,30,,,
9563,14,local,school,HB-14-4224,2,0,2009-01-21,30,,,
9564,14,local,school,HB-14-4280,2,0,2009-01-21,30,,,
9565,14,local,school,HB-14-4281,2,0,2009-01-21,30,,,
9566,14,local,school,HB-14-4284,2,0,2009-01-21,30,,,
9567,14,local,school,HB-14-4286,2,0,2009-01-26,21,,,
9568,14,local,school,HB-14-4290,2,0,2009-01-21,30,,,
9569,14,local,school,HB-14-4292,2,0,2009-01-21,30,,,
9570,14,local,school,HB-14-4293,2,0,2009-01-21,30,,,
9571,14,local,school,HB-14-4296,2,0,2009-01-21,30,,,
9572,14,local,school,HB-14-4297,2,0,2009-01-21,30,,,
9573,14,local,school,HB-14-4343,2,0,2009-01-21,30,,,
9574,14,local,school,HB-14-4346,2,0,2009-01-21,30,,,
9575,14,local,school,HB-14-4347,2,0,2009-01-26,21,,,
9576,14,national,national,HB-14-5911; SB-14-2964,4,2,2009-01-19,1,,yes,senate record
9577,14,local,school,HB-14-1059,1,0,,,,,
9578,14,local,school,HB-14-3327,2,0,2009-02-02,25,,,
9579,14,local,school,HB-14-3328,2,0,2009-02-02,25,,,
9580,14,local,school,HB-14-3829,2,0,2009-02-02,25,,,
9581,14,local,school,HB-14-3331,2,0,2009-02-03,32,,,
9582,14,local,school,HB-14-3335,2,0,2009-02-03,32,,,
9583,14,local,school,HB-14-3336,2,0,2009-02-02,25,,,
9584,14,local,school,HB-14-3337,2,0,2009-02-02,25,,,
9585,14,local,school,HB-14-3341,2,0,2009-02-03,32,,,
9586,14,local,school,HB-14-3346,2,0,2009-02-03,32,,,
9587,14,local,school,HB-14-3347,2,0,2009-02-03,32,,,
9588,14,local,school,HB-14-3351,2,0,2009-02-03,32,,,
9589,14,local,school,HB-14-3352,2,0,2009-02-03,32,,,
9590,14,local,school,HB-14-3356,2,0,2009-02-02,25,,,
9591,14,local,lgu,HB-14-3693,6,3,2009-02-16,2,,,
9592,14,national,national,HB-14-6000; SB-14-3085,3,1,2009-03-04,2,,yes,senate record
9593,14,national,national,HB-14-5229; SB-14-2213,5,1,2008-06-11,3,,,
9594,14,local,school,HB-14-3332,2,0,2009-02-03,32,,,
9595,14,local,school,HB-14-3831,2,0,2009-02-03,32,,,
9596,14,local,school,HB-14-3834,2,0,2009-02-02,25,,,
9597,14,local,school,HB-14-3889,2,0,2009-02-02,25,,,
9598,14,local,school,HB-14-3890,2,0,2009-02-02,25,,,
9599,14,local,school,HB-14-3892,2,0,2009-02-02,25,,,
9600,14,local,school,HB-14-3893,2,0,2009-02-02,25,,,
9601,14,local,school,HB-14-3894,2,0,2009-02-02,25,,,
9602,14,local,school,HB-14-3895,2,0,2009-02-02,25,,,
9603,14,local,school,HB-14-3896,2,0,2009-02-02,25,,,
9604,14,local,school,HB-14-3897,2,0,2009-02-02,25,,,
9605,14,local,school,HB-14-3901,2,0,2009-02-02,25,,,
9606,14,local,school,HB-14-3902,2,0,2009-02-02,25,,,
9607,14,local,school,HB-14-3903,2,0,2009-02-03,32,,,
9608,14,local,school,HB-14-3905,2,0,2009-02-02,25,,,
9609,14,local,school,HB-14-3916,2,0,2009-02-03,32,,,
9610,14,local,school,HB-14-4027,2,0,2009-02-03,32,,,
9611,14,local,school,HB-14-4037,2,0,2009-02-03,32,,,
9612,14,local,school,HB-14-4084,2,0,2009-02-03,32,,,
9613,14,local,holiday,HB-14-4208,2,0,2009-02-03,32,,,
9614,14,local,school,HB-14-4209,2,0,2009-02-03,32,,,
9615,14,local,school,HB-14-4210,2,0,2009-02-03,32,,,
9616,14,local,school,HB-14-4211,2,0,2009-02-03,32,,,
9617,14,local,school,HB-14-4212,2,0,2009-02-03,32,,,
9618,14,local,school,HB-14-4221,2,0,2009-02-02,25,,,
9619,14,local,school,HB-14-4222,2,0,2009-02-03,32,,,
9620,14,local,school,HB-14-4228,1,0,,,,,
9621,14,local,school,HB-14-4229,2,0,2009-02-02,25,,,
9622,14,local,school,HB-14-4230,2,0,2009-02-03,32,,,
9623,14,local,school,HB-14-4283,2,0,2009-02-03,32,,,
9624,14,local,school,HB-14-4285,2,0,2009-02-03,32,,,
9625,14,local,school,HB-14-4287,1,0,,,,,
9626,14,local,school,HB-14-4288,2,0,2009-02-02,25,,,
9627,14,local,school,HB-14-4289,2,0,2009-02-02,25,,,
9628,14,local,school,HB-14-4294,2,0,2009-02-03,32,,,
9629,14,local,school,HB-14-4295,2,0,2009-02-02,25,,,
9630,14,local,school,HB-14-4335,2,0,2009-02-03,32,,,
9631,14,local,school,HB-14-4336,2,0,2009-02-03,32,,,
9632,14,local,school,HB-14-4337,2,0,2009-02-03,32,,,
9633,14,local,school,HB-14-4338,2,0,2009-02-03,32,,,
9634,14,local,school,HB-14-4339,1,0,,,,,
9635,14,local,school,HB-14-4340,2,0,2009-02-02,25,,,
9636,14,local,school,HB-14-4341,2,0,2009-02-03,32,,,
9637,14,local,school,HB-14-4342,2,0,2009-02-03,32,,,
9638,14,local,school,HB-14-4344,2,0,2009-02-03,32,,,
9639,14,local,school,HB-14-4345,1,0,,,,,
9640,14,national,national,HB-14-5624; SB-14-2325,2,1,2008-06-11,3,,,
9641,14,local,school,HB-14-3561,2,0,2009-01-21,30,,,
9642,14,local,holiday,HB-14-2160,2,0,2009-03-02,4,,,
9643,14,local,holiday,HB-14-5280,2,0,2009-03-02,4,,,
9644,14,local,holiday,HB-14-5288,2,0,2009-03-02,4,,,
9645,14,local,holiday,HB-14-5410; SB-14-3281,3,0,2009-06-01,8,,,
9646,14,national,national,HB-14-3514; SB-14-2963,5,0,2009-02-16,2,,,
9647,14,local,college,HB-14-6049; SB-14-3157,3,0,2009-04-27,1,,,
9648,14,national,national,HB-14-4900; SB-14-3203,3,1,2009-05-25,15,,,
9649,14,local,lgu,HB-14-6014; SB-14-3275,3,0,2009-06-01,8,,,
9650,14,local,school,HB-14-3886,2,0,2009-04-22,23,,,
9651,14,local,school,HB-14-4291,2,0,2009-02-03,32,,,
9652,14,private,franchise,HB-14-3058,3,0,2009-05-11,2,,,
9653,14,national,national,HB-14-6098; SB-14-3163,5,1,2009-05-04,12,,,
9654,14,local,holiday,HB-14-1125,2,0,2009-05-26,17,,,
9655,14,local,school,HB-14-2095,2,0,2009-05-04,12,,,
9656,14,local,school,HB-14-3935,2,0,2009-05-04,12,,,
9657,14,local,school,HB-14-3936,2,0,2009-04-22,23,,,
9658,14,local,school,HB-14-4032,2,0,2009-04-22,23,,,
9659,14,local,school,HB-14-4469,2,0,2009-04-22,23,,,
9660,14,local,school,HB-14-4470,2,0,2009-04-22,23,,,
9661,14,local,school,HB-14-4566,2,0,2009-04-22,23,,,
9662,14,local,school,HB-14-4810,2,0,2009-04-22,23,,,
9663,14,local,school,HB-14-5072,2,0,2009-05-04,12,,,
9664,14,local,school,HB-14-5107,2,0,2009-04-22,23,,,
9665,14,local,school,HB-14-5136,2,0,2009-04-22,23,,,
9666,14,local,school,HB-14-5137,2,0,2009-04-22,23,,,
9667,14,local,school,HB-14-5138,2,0,2009-04-22,23,,,
9668,14,local,school,HB-14-5249,2,0,2009-04-22,23,,,
9669,14,local,school,HB-14-5293,2,0,2009-04-22,23,,,
9670,14,local,school,HB-14-5330,2,0,2009-04-22,23,,,
9671,14,local,school,HB-14-5354,2,0,2009-04-22,23,,,
9672,14,local,school,HB-14-5357,2,0,2009-04-22,23,,,
9673,14,local,school,HB-14-5363,2,0,2009-04-22,23,,,
9674,14,local,school,HB-14-5364,2,0,2009-04-22,23,,,
9675,14,local,school,HB-14-5373,2,0,2009-04-22,23,,,
9676,14,local,school,HB-14-5377,2,0,2009-04-22,23,,,
9677,14,local,school,HB-14-5379,2,0,2009-04-22,23,,,
9678,14,local,school,HB-14-5402,2,0,2009-04-22,23,,,
9679,14,national,national,HB-14-5220; SB-14-2971,6,2,2009-01-26,21,,,
9680,14,local,court,HB-14-1423,2,0,2009-05-18,1,,,
9681,14,local,school,HB-14-4553,2,0,2009-05-04,12,,,
9682,14,private,franchise,HB-14-5146,3,0,2009-05-11,2,,,
9683,14,local,holiday,HB-14-1314,2,0,2009-05-26,17,,,
9684,14,local,road,HB-14-4798,2,0,2009-05-25,15,,,
9685,14,local,road,HB-14-5389,2,0,2009-05-25,15,,,
9686,14,local,road,HB-14-5298,2,0,2009-05-25,15,,,
9687,14,local,road,HB-14-5299,2,0,2009-05-25,15,,,
9688,14,local,office,HB-14-3623,2,0,2009-05-26,17,,,
9689,14,local,office,HB-14-3624,2,0,2009-05-26,17,,,
9690,14,local,office,HB-14-3625,2,0,2009-05-26,17,,,
9691,14,local,office,HB-14-3626,2,0,2009-05-26,17,,,
9692,14,local,office,HB-14-3627,2,0,2009-05-26,17,,,
9693,14,local,office,HB-14-3628,2,0,2009-05-26,17,,,
9694,14,local,office,HB-14-3629,2,0,2009-05-26,17,,,
9695,14,local,office,HB-14-5117,2,0,2009-05-26,17,,,
9696,14,local,office,HB-14-5119,2,0,2009-05-26,17,,,
9697,14,local,office,HB-14-5120,2,0,2009-05-26,17,,,
9698,14,local,office,HB-14-5122,2,0,2009-05-26,17,,,
9699,14,local,office,HB-14-5118,2,0,2009-05-26,17,,,
9700,14,national,national,HB-14-4077; SB-14-2666,18,8,2009-06-01,8,,yes,senate record
9701,14,local,holiday,HB-14-3685,2,0,2009-05-26,17,,,
9702,14,local,road,HB-14-5392,2,0,2009-05-25,15,,,
9703,14,local,road,HB-14-5393,2,1,2009-05-25,15,,,
9704,14,local,road,HB-14-5390,2,0,2009-05-25,15,,,
9705,14,local,road,HB-14-5394,2,0,2009-05-25,15,,,
9706,14,local,holiday,HB-14-206,2,0,2009-05-26,17,,,
9707,14,private,franchise,HB-14-3040,4,0,2009-05-13,1,,,
9708,14,national,national,HB-14-3618; SB-14-3015,5,1,2009-02-23,1,,,
9709,14,national,national,HB-14-2677; SB-14-2390,5,1,2008-09-29,4,,,
9710,14,national,national,HB-14-4273; SB-14-2396,7,0,2009-02-02,25,,,
9711,14,national,national,HB-14-3293; SB-14-2645,4,0,2008-11-10,5,,,
9712,14,local,school,HB-14-4015,2,0,2009-05-04,12,,,
9713,14,local,school,HB-14-4018,2,0,2009-05-04,12,,,
9714,14,private,franchise,HB-14-5227,2,0,2009-05-25,15,,,
9715,14,local,road,HB-14-1970,2,0,2009-07-28,34,,,
9716,14,local,district,HB-14-4264,7,4,2009-09-28,24,,,
9717,14,local,college,HB-14-4360,3,0,2009-08-24,11,,,
9718,14,local,college,HB-14-4414,2,0,2009-08-18,7,,,
9719,14,local,college,HB-14-4413,3,1,2009-08-18,7,,,
9720,14,local,college,HB-14-4409,3,0,2009-08-18,7,,,
9721,14,local,college,HB-14-5217,3,0,2009-08-18,7,,,
9722,14,local,college,HB-14-5638,3,0,2009-08-18,7,,,
9723,14,local,lgu,HB-14-5258,3,1,2009-10-05,22,,,
9724,14,local,district,HB-14-4054,3,0,2009-09-28,24,,,
9725,14,local,district,HB-14-4163,4,1,2009-09-28,24,,,
9726,14,local,district,HB-14-5007,3,0,2009-09-28,24,,,
9727,14,local,district,HB-14-4254,3,0,2009-09-28,24,,,
9728,14,local,office,HB-14-5344; SB-14-2118,10,5,2009-09-14,2,,,
9729,14,national,national,HB-14-5982; SB-14-2583,7,2,2009-06-01,8,,,
9730,14,local,school,HB-14-3909,2,0,2009-07-28,34,,,
9731,14,local,school,HB-14-3933,2,0,2009-07-28,34,,,
9732,14,local,school,HB-14-3934,2,0,2009-07-28,34,,,
9733,14,local,school,HB-14-3938,2,0,2009-07-28,34,,,
9734,14,local,school,HB-14-4540,2,0,2009-07-28,34,,,
9735,14,local,school,HB-14-4541,2,0,2009-07-28,34,,,
9736,14,local,school,HB-14-5098,2,0,2009-07-28,34,,,
9737,14,local,school,HB-14-5129,2,0,2009-07-28,34,,,
9738,14,local,school,HB-14-5132,2,0,2009-07-28,34,,,
9739,14,local,school,HB-14-5382,2,0,2009-07-28,34,,,
9740,14,local,lgu,HB-14-5226,3,0,2009-09-28,24,,,
9741,14,local,other_local,HB-14-3680,2,0,2009-07-28,34,,,
9742,14,local,road,HB-14-4678,2,0,2009-07-28,34,,,
9743,14,private,franchise,HB-14-3063,2,0,2009-07-28,34,,,
9744,14,local,college,HB-14-5641,3,0,2009-08-24,11,,,
9745,14,national,national,HB-14-5709; SB-14-1978,6,1,2009-06-01,8,,,
9746,14,local,college,HB-14-4415,3,1,2009-08-24,11,,,
9747,14,local,college,HB-14-3792,3,0,2009-08-24,11,,,
9748,14,local,holiday,HB-14-521,2,0,2009-08-24,11,,,
9749,14,local,holiday,HB-14-2495,2,0,2009-08-24,11,,,
9750,14,local,holiday,HB-14-5284,2,0,2009-08-24,11,,,
9751,14,local,road,HB-14-4453,2,0,2009-07-28,34,,,
9752,14,local,road,HB-14-4463,2,0,2009-07-28,34,,,
9753,14,local,school,HB-14-218,2,0,2009-08-25,15,,,
9754,14,local,school,HB-14-2222,2,0,2009-08-25,15,,,
9755,14,local,school,HB-14-4028,2,0,2009-08-25,15,,,
9756,14,local,school,HB-14-4033,2,0,2009-08-25,15,,,
9757,14,local,school,HB-14-4035,2,0,2009-07-28,34,,,
9758,14,local,school,HB-14-4036,2,0,2009-08-25,15,,,
9759,14,local,school,HB-14-4471,2,0,2009-07-28,34,,,
9760,14,local,school,HB-14-4557,2,0,2009-07-28,34,,,
9761,14,local,school,HB-14-4559,2,0,2009-07-28,34,,,
9762,14,local,school,HB-14-4560,2,0,2009-07-28,34,,,
9763,14,local,school,HB-14-4570,2,0,2009-08-25,15,,,
9764,14,local,school,HB-14-4571,2,0,2009-08-25,15,,,
9765,14,local,school,HB-14-4578,2,0,2009-07-28,34,,,
9766,14,local,school,HB-14-5018,2,0,2009-08-25,15,,,
9767,14,local,school,HB-14-5021,2,0,2009-08-25,15,,,
9768,14,local,school,HB-14-5025,2,0,2009-07-28,34,,,
9769,14,local,school,HB-14-5125,2,0,2009-08-25,15,,,
9770,14,local,school,HB-14-5172,2,0,2009-08-25,15,,,
9771,14,local,school,HB-14-5230,2,0,2009-08-25,15,,,
9772,14,local,other_local,HB-14-3681,2,0,2009-07-28,34,,,
9773,14,private,franchise,HB-14-5866,2,0,2009-08-18,7,,,
9774,14,local,district,HB-14-4053,4,0,2009-09-28,24,,,
9775,14,national,national,HB-14-6440; SB-14-2317,9,3,2008-11-24,1,,,
9776,14,local,holiday,HB-14-5285,2,1,2009-08-24,11,,,
9777,14,local,holiday,HB-14-5286,2,0,2009-08-24,11,,,
9778,14,local,holiday,HB-14-5287,2,0,2009-08-24,11,,,
9779,14,local,school,HB-14-1235,2,0,2009-08-17,22,,,
9780,14,local,school,HB-14-3931,2,0,2009-08-26,15,yes,,
9781,14,local,school,HB-14-3985,2,0,2009-08-17,22,,,
9782,14,local,school,HB-14-4468,2,0,2009-08-17,22,,,
9783,14,local,school,HB-14-5103,2,0,2009-08-17,22,,,
9784,14,local,school,HB-14-5295,2,0,2009-08-25,15,,,
9785,14,local,school,HB-14-5328,2,0,2009-08-25,15,,,
9786,14,local,school,HB-14-5329,2,0,2009-08-25,15,,,
9787,14,local,school,HB-14-5371,2,0,2009-07-28,34,,,
9788,14,local,school,HB-14-5372,2,0,2009-07-28,34,,,
9789,14,local,school,HB-14-5424,2,0,2009-07-28,34,,,
9790,14,local,hospital,HB-14-1374,2,1,2009-09-08,5,,,
9791,14,local,hospital,HB-14-2114,2,1,2009-09-08,5,,,
9792,14,local,hospital,HB-14-5926,2,1,2009-09-08,5,,,
9793,14,local,hospital,HB-14-5927,2,1,2009-09-08,5,,,
9794,14,local,road,HB-14-4675,2,0,2009-08-17,22,,,
9795,14,local,road,HB-14-4680,2,0,2009-08-17,22,,,
9796,14,local,road,HB-14-4706,2,0,2009-08-17,22,,,
9797,14,local,road,HB-14-5304,2,0,2009-07-28,34,,,
9798,14,local,college,HB-14-4945,3,0,2009-08-18,7,,,
9799,14,local,road,HB-14-4639,2,0,2009-08-17,22,,,
9800,14,local,road,HB-14-4649,2,0,2009-08-17,22,,,
9801,14,local,road,HB-14-4663,2,0,2009-08-17,22,,,
9802,14,local,road,HB-14-5308,2,0,2009-08-17,22,,,
9803,14,national,national,HB-14-420; SB-14-150,2,1,2009-07-28,34,,,
9804,14,local,school,HB-14-213,2,0,2009-08-26,15,yes,,
9805,14,local,school,HB-14-217,2,0,2009-08-26,15,yes,,
9806,14,local,school,HB-14-220,2,0,2009-08-26,15,yes,,
9807,14,local,school,HB-14-4535,2,0,2009-08-26,15,yes,,
9808,14,local,school,HB-14-4536,2,0,2009-08-26,15,yes,,
9809,14,local,school,HB-14-4548,2,0,2009-08-26,15,yes,,
9810,14,local,school,HB-14-4549,2,0,2009-08-26,15,yes,,
9811,14,local,school,HB-14-4556,2,0,2009-08-17,22,,,
9812,14,local,school,HB-14-4558,2,0,2009-08-17,22,,,
9813,14,local,school,HB-14-4812,2,0,2009-08-26,15,yes,,
9814,14,local,school,HB-14-5092,2,0,2009-08-26,15,yes,,
9815,14,local,school,HB-14-5093,2,0,2009-08-26,15,yes,,
9816,14,local,school,HB-14-5130,2,0,2009-08-17,22,,,
9817,14,local,school,HB-14-5131,2,0,2009-08-17,22,,,
9818,14,local,school,HB-14-5141,2,0,2009-08-26,15,yes,,
9819,14,local,school,HB-14-5174,2,0,2009-08-17,22,,,
9820,14,local,school,HB-14-5175,2,0,2009-08-17,22,,,
9821,14,local,school,HB-14-5240,2,0,2009-08-17,22,,,
9822,14,local,school,HB-14-5239,2,0,2009-08-17,22,,,
9823,14,local,school,HB-14-5270,2,0,2009-08-17,22,,,
9824,14,local,school,HB-14-5324,2,0,2009-08-26,15,yes,,
9825,14,local,school,HB-14-5325,2,0,2009-08-26,15,yes,,
9826,14,local,school,HB-14-5399,2,0,2009-08-26,15,yes,,
9827,14,local,school,HB-14-5400,2,0,2009-08-17,22,,,
9828,14,national,national,HB-14-4214; SB-14-3240,6,1,2009-09-08,5,,,
9829,14,national,national,HB-14-6407; SB-14-2077,9,3,2008-06-11,3,,yes,senate record
9830,14,local,school,HB-14-6434,2,0,2009-11-16,13,,,
9831,14,local,school,HB-14-6435,2,0,2009-11-16,13,,,
9832,14,local,college,HB-14-6319,3,0,2009-11-16,13,,,
9833,14,local,school,HB-14-214,2,0,2009-09-28,24,,,
9834,14,local,school,HB-14-215,2,0,2009-09-28,24,,,
9835,14,local,school,HB-14-4009,2,0,2009-09-28,24,,,
9836,14,local,school,HB-14-4533,2,0,2009-09-28,24,,,
9837,14,local,school,HB-14-4534,2,0,2009-09-28,24,,,
9838,14,local,school,HB-14-4573,2,0,2009-09-28,24,,,
9839,14,local,school,HB-14-4576,2,0,2009-09-28,24,,,
9840,14,local,school,HB-14-4577,2,0,2009-09-28,24,,,
9841,14,local,school,HB-14-4761,2,0,2009-09-28,24,,,
9842,14,local,school,HB-14-5022,2,0,2009-09-28,24,,,
9843,14,local,school,HB-14-5094,2,0,2009-09-28,24,,,
9844,14,local,school,HB-14-5104,2,0,2009-09-28,24,,,
9845,14,local,school,HB-14-5142,2,0,2009-09-28,24,,,
9846,14,local,school,HB-14-5233,2,0,2009-09-28,24,,,
9847,14,local,land,HB-14-4299; SB-14-2392,8,1,2008-11-10,5,,,
9848,14,local,court,HB-14-4265; SB-14-3441,2,0,2009-10-07,15,,,
9849,14,national,commemoration,HB-14-6400; SB-14-3283,4,0,2009-07-28,34,,,
9850,14,national,commemoration,HB-14-6516; SB-14-3288,3,0,2009-07-28,34,,,
9851,14,national,national,HB-14-6633; SB-14-2669,15,8,2009-05-26,17,,,
9852,14,local,college,HB-14-5642,2,0,2009-10-05,22,,,
9853,14,national,national,HB-14-3274; SB-14-3396,3,0,2009-09-28,24,,yes,senate record
9854,14,local,college,HB-14-5110,3,0,2009-11-16,13,,,
9855,14,local,school,HB-14-4532,2,0,2009-09-28,24,,,
9856,14,national,national,HB-14-6379; SB-14-2639,6,2,2009-03-02,4,,,
9857,14,private,franchise,HB-14-6815,2,0,2009-10-12,28,,,
9858,14,national,national,HB-14-5279; SB-14-3111,4,0,2009-04-22,23,,,
9859,14,local,lgu,HB-14-3206,2,0,2009-05-25,15,,,
9860,14,local,college,HB-14-4410,2,0,2009-10-06,21,,,
9861,14,local,school,HB-14-3930,2,0,2009-09-30,24,,,
9862,14,local,school,HB-14-4003,2,0,2009-10-06,21,,,
9863,14,local,school,HB-14-4011,2,0,2009-09-30,24,,,
9864,14,local,school,HB-14-4026,2,0,2009-10-05,22,,,
9865,14,local,school,HB-14-4531,2,0,2009-09-30,24,,,
9866,14,local,school,HB-14-4537,2,0,2009-09-30,24,,,
9867,14,local,school,HB-14-4538,2,0,2009-09-30,24,,,
9868,14,local,school,HB-14-4550,2,0,2009-10-06,21,,,
9869,14,local,school,HB-14-4572,2,0,2009-09-30,24,,,
9870,14,local,school,HB-14-4762,2,0,2009-10-05,22,,,
9871,14,local,school,HB-14-2270,2,0,2009-10-05,22,,,
9872,14,local,school,HB-14-3772,2,0,2009-10-07,15,,,
9873,14,local,school,HB-14-4552,2,0,2009-09-30,24,,,
9874,14,local,school,HB-14-4574,2,0,2009-10-05,22,,,
9875,14,local,school,HB-14-4575,2,0,2009-09-30,24,,,
9876,14,local,school,HB-14-4763,2,0,2009-10-05,22,,,
9877,14,local,school,HB-14-4811,2,0,2009-10-05,22,,,
9878,14,local,school,HB-14-4814,2,0,2009-10-07,15,,,
9879,14,local,school,HB-14-4815,2,0,2009-10-07,15,,,
9880,14,local,school,HB-14-4818,2,0,2009-10-07,15,,,
9881,14,local,school,HB-14-4819,2,0,2009-09-30,24,,,
9882,14,local,school,HB-14-4823,2,0,2009-10-07,15,,,
9883,14,local,school,HB-14-4825,2,0,2009-09-30,24,,,
9884,14,local,school,HB-14-4826,2,0,2009-09-30,24,,,
9885,14,local,school,HB-14-5012,2,0,2009-10-05,22,,,
9886,14,local,school,HB-14-5013,2,0,2009-10-05,22,,,
9887,14,local,school,HB-14-5014,2,0,2009-10-05,22,,,
9888,14,local,school,HB-14-5097,2,0,2009-10-05,22,,,
9889,14,local,school,HB-14-5124,2,0,2009-10-05,22,,,
9890,14,local,school,HB-14-5126,2,0,2009-09-30,24,,,
9891,14,local,school,HB-14-5127,2,0,2009-10-05,22,,,
9892,14,local,school,HB-14-5128,2,0,2009-10-06,21,,,
9893,14,local,school,HB-14-5235,2,0,2009-10-05,22,,,
9894,14,local,school,HB-14-5244,2,0,2009-09-30,24,,,
9895,14,local,school,HB-14-5351,2,0,2009-10-06,21,,,
9896,14,local,school,HB-14-5369,2,0,2009-10-06,21,,,
9897,14,local,school,HB-14-5381,2,0,2009-10-05,22,,,
9898,14,local,school,HB-14-5398,2,0,2009-10-06,21,,,
9899,14,local,school,HB-14-5401,2,0,2009-10-06,21,,,
9900,14,local,school,HB-14-5403,2,0,2009-09-30,24,,,
9901,14,local,school,HB-14-5404,2,0,2009-09-30,24,,,
9902,14,local,school,HB-14-5405,2,0,2009-09-30,24,,,
9903,14,national,national,HB-14-5922; SB-14-2454,4,1,2009-07-28,34,,,
9904,14,national,national,HB-14-50; SB-14-3106,8,3,2009-06-01,8,,,
9905,14,local,lgu,HB-14-5652,2,0,2009-12-14,7,,,
9906,14,local,court,HB-14-6112; SB-14-1980; SB-14-1981,4,1,2008-08-11,1,,,
9907,14,local,school,HB-14-4827,2,0,2009-09-30,24,,,
9908,14,local,school,HB-14-4828,2,0,2009-09-30,24,,,
9909,14,local,school,HB-14-5020,2,0,2009-10-07,15,,,
9910,14,local,school,HB-14-5101,2,0,2009-09-30,24,,,
9911,14,local,school,HB-14-5134,2,0,2009-09-30,24,,,
9912,14,local,school,HB-14-5143,2,0,2009-10-05,22,,,
9913,14,local,school,HB-14-5238,2,0,2009-10-05,22,,,
9914,14,local,school,HB-14-5276,2,0,2009-10-05,22,,,
9915,14,local,school,HB-14-5333,2,1,2009-10-05,22,,,
9916,14,local,school,HB-14-5337,2,0,2009-09-30,24,,,
9917,14,local,school,HB-14-5339,2,0,2009-09-30,24,,,
9918,14,local,school,HB-14-5340,2,0,2009-09-30,24,,,
9919,14,local,school,HB-14-5366,2,0,2009-09-30,24,,,
9920,14,local,school,HB-14-5375,2,0,2009-10-05,22,,,
9921,14,local,school,HB-14-5407,2,0,2009-10-07,15,,,
9922,14,local,school,HB-14-5719,2,0,2009-10-07,15,,,
9923,14,local,school,HB-14-5721,2,0,2009-10-07,15,,,
9924,14,local,school,HB-14-5731,2,0,2009-10-07,15,,,
9925,14,local,school,HB-14-5737,2,0,2009-10-07,15,,,
9926,14,local,school,HB-14-5949,2,0,2009-10-07,15,,,
9927,14,local,school,HB-14-3460,2,0,2009-10-13,26,,,
9928,14,local,school,HB-14-3949,2,0,2009-10-06,21,,,
9929,14,local,school,HB-14-3984,2,0,2009-10-13,26,,,
9930,14,local,school,HB-14-4021,2,0,2009-10-13,26,,,
9931,14,local,school,HB-14-4112,2,0,2009-10-07,15,,,
9932,14,local,school,HB-14-4157,2,0,2009-10-12,28,,,
9933,14,local,school,HB-14-4542,2,0,2009-10-13,26,,,
9934,14,local,school,HB-14-4543,2,0,2009-10-13,26,,,
9935,14,local,school,HB-14-4554,2,0,2009-10-12,28,,,
9936,14,local,school,HB-14-5016,2,0,2009-10-13,26,,,
9937,14,local,school,HB-14-5017,2,0,2009-10-12,28,,,
9938,14,local,school,HB-14-5071,2,0,2009-10-06,21,,,
9939,14,local,school,HB-14-5073,2,0,2009-10-13,26,,,
9940,14,local,school,HB-14-5102,2,0,2009-10-13,26,,,
9941,14,local,school,HB-14-5123,2,0,2009-10-13,26,,,
9942,14,local,school,HB-14-5352,2,0,2009-10-13,26,,,
9943,14,local,school,HB-14-5353,2,0,2009-10-13,26,,,
9944,14,local,school,HB-14-5728,2,0,2009-10-12,28,,,
9945,14,local,school,HB-14-5741,2,0,2009-10-12,28,,,
9946,14,national,national,HB-14-6820; SB-14-1620,3,1,2007-10-01,1,,,
9947,14,local,school,HB-14-3864,2,0,2009-10-13,26,,,
9948,14,local,school,HB-14-3865,2,0,2009-10-13,26,,,
9949,14,local,school,HB-14-3932,2,0,2009-10-13,26,,,
9950,14,local,school,HB-14-3939,2,0,2009-10-13,26,,,
9951,14,local,school,HB-14-3941,2,0,2009-10-13,26,,,
9952,14,local,school,HB-14-4014,2,0,2009-10-06,21,,,
9953,14,local,school,HB-14-4545,2,0,2009-10-13,26,,,
9954,14,local,school,HB-14-4561,2,0,2009-10-13,26,,,
9955,14,local,school,HB-14-4562,2,0,2009-10-12,28,,,
9956,14,local,school,HB-14-4563,2,0,2009-10-12,28,,,
9957,14,local,school,HB-14-4564,2,0,2009-10-12,28,,,
9958,14,local,college,HB-14-4758,2,0,2009-10-06,21,,,
9959,14,local,school,HB-14-4764,2,0,2009-10-12,28,,,
9960,14,local,school,HB-14-4813,2,0,2009-10-12,28,,,
9961,14,local,school,HB-14-4816,2,0,2009-10-12,28,,,
9962,14,local,school,HB-14-4817,2,0,2009-10-12,28,,,
9963,14,local,school,HB-14-5106,2,0,2009-10-13,26,,,
9964,14,local,school,HB-14-5176,2,0,2009-10-13,26,,,
9965,14,local,road,HB-14-5899,2,0,2009-12-14,7,,,
9966,14,local,college,HB-14-6311,2,0,2009-11-10,10,,,
9967,14,private,franchise,HB-14-6244,2,0,2009-11-16,13,,,
9968,14,private,franchise,HB-14-6282,2,0,2009-11-16,13,,,
9969,14,private,franchise,HB-14-6283,2,0,2009-11-16,13,,,
9970,14,national,appropriation,HB-14-6767,7,4,2009-12-14,7,,yes,senate record
9971,14,local,school,HB-14-3944,2,0,2009-10-13,26,,,
9972,14,local,school,HB-14-3945,2,0,2009-10-13,26,,,
9973,14,local,school,HB-14-3948,2,0,2009-10-13,26,,,
9974,14,local,school,HB-14-4013,2,0,2009-10-06,21,,,
9975,14,local,school,HB-14-4544,2,0,2009-10-13,26,,,
9976,14,local,school,HB-14-4820,2,0,2009-10-05,22,,,
9977,14,local,school,HB-14-4980,2,0,2009-10-06,21,,,
9978,14,local,school,HB-14-5015,2,0,2009-10-13,26,,,
9979,14,local,school,HB-14-5019,2,0,2009-10-12,28,,,
9980,14,local,school,HB-14-5023,2,0,2009-10-12,28,,,
9981,14,local,school,HB-14-5105,2,0,2009-10-13,26,,,
9982,14,local,school,HB-14-5292,2,0,2009-10-12,28,,,
9983,14,local,school,HB-14-5349,2,0,2009-10-12,28,,,
9984,14,local,school,HB-14-5362,2,0,2009-10-06,21,,,
9985,14,local,school,HB-14-5365,2,0,2009-10-06,21,,,
9986,14,local,school,HB-14-5376,2,0,2009-10-06,21,,,
9987,14,local,school,HB-14-5396,2,0,2009-10-06,21,,,
9988,14,local,school,HB-14-5397,2,0,2009-10-06,21,,,
9989,14,local,school,HB-14-5718,2,0,2009-10-12,28,,,
9990,14,local,school,HB-14-5720,2,0,2009-10-12,28,,,
9991,14,local,school,HB-14-5951,2,0,2009-10-06,21,,,
9992,14,local,road,HB-14-4443,2,0,2009-11-10,10,,,
9993,14,national,national,HB-14-5151; SB-14-3389,7,1,2009-09-28,24,,,
9994,14,national,national,HB-14-6390; SB-14-3561,3,0,2010-01-18,5,,,
9995,14,national,national,HB-14-6517; SB-14-2357,6,1,2009-08-10,1,,,
9996,14,national,national,HB-14-6958; SB-14-3496,5,1,2009-12-14,7,,yes,senate record
9997,14,national,national,HB-14-4253; SB-14-3482,5,1,2009-11-16,13,,,
9998,14,local,college,HB-14-4411,3,0,2009-11-16,13,,,
9999,14,national,national,HB-14-4301; SB-14-2361,3,1,2008-06-10,1,,,
10000,14,national,national,HB-14-6095; SB-14-3431,4,0,2009-09-22,2,,,
10001,14,national,national,HB-14-6017; SB-14-3502,4,0,2009-12-01,11,,,
10002,14,local,school,HB-14-3591,2,0,2009-11-16,13,,,
10003,14,local,school,HB-14-3593,2,0,2009-11-16,13,,,
10004,14,local,school,HB-14-3770,2,0,2009-10-12,28,,,
10005,14,local,school,HB-14-3771,2,0,2009-10-12,28,,,
10006,14,local,school,HB-14-4567,2,0,2009-11-10,10,,,
10007,14,local,school,HB-14-5024,2,0,2009-10-06,21,,,
10008,14,local,school,HB-14-5336,2,0,2009-11-10,10,,,
10009,14,local,school,HB-14-5374,2,0,2009-11-10,10,,,
10010,14,local,school,HB-14-5378,2,0,2009-11-10,10,,,
10011,14,local,road,HB-14-1872,2,0,2009-12-01,11,,,
10012,14,local,road,HB-14-1968,2,0,2009-12-01,11,,,
10013,14,local,road,HB-14-4501,2,0,2009-11-10,10,,,
10014,14,local,road,HB-14-4519,2,0,2009-11-10,10,,,
10015,14,local,road,HB-14-4607,2,0,2009-12-01,11,,,
10016,14,local,road,HB-14-4648,2,0,2009-11-10,10,,,
10017,14,local,road,HB-14-4662,2,0,2009-07-28,34,,,
10018,14,local,road,HB-14-4709,2,0,2009-12-01,11,,,
10019,14,local,road,HB-14-4712,2,0,2009-11-10,10,,,
10020,14,local,school,HB-14-4025,2,0,2009-12-16,23,,,
10021,14,national,national,HB-14-6899; SB-14-3220,4,0,2009-10-12,28,,,
10022,14,national,national,HB-14-5649; SB-14-3286,4,0,2009-06-01,8,,,
10023,14,national,national,HB-14-5618; SB-14-3429,6,0,2009-10-12,28,,,
10024,14,national,national,HB-14-6410; SB-14-3499,3,0,2009-12-14,7,,,
10025,14,local,school,HB-14-7065,2,0,2010-02-02,35,,yes,senate record
10026,14,national,national,HB-14-5210; SB-14-3392,5,0,2009-09-22,2,,,
10027,14,private,franchise,HB-14-6816,2,0,2009-12-14,7,,,
10028,14,national,national,HB-14-4012; HB-14-6076; HB-14-879; SB-14-1698,3,0,2007-11-05,4,,,
10029,14,national,national,HB-14-6512; SB-14-3498,3,0,2009-12-14,7,,,
10030,14,local,road,HB-14-4659,2,0,2009-12-01,11,,,
10031,14,local,school,HB-14-4008,2,0,2009-12-16,23,,,
10032,14,local,school,HB-14-4034,2,0,2009-12-16,23,,,
10033,14,local,school,HB-14-4933,2,0,2009-12-16,23,,,
10034,14,local,school,HB-14-5245,2,0,2009-12-16,23,,,
10035,14,local,school,HB-14-5250,2,0,2009-12-16,23,,,
10036,14,local,school,HB-14-5251,2,0,2009-12-16,23,,,
10037,14,local,school,HB-14-5370,2,0,2009-12-16,23,,,
10038,14,local,school,HB-14-5722,2,0,2009-12-16,23,,,
10039,14,local,school,HB-14-5726,2,0,2009-12-16,23,,,
10040,14,local,road,HB-14-4440,2,0,2009-12-01,11,,,
10041,14,local,road,HB-14-4515,2,0,2009-12-01,11,,,
10042,14,local,road,HB-14-4594,2,0,2009-12-01,11,,,
10043,14,local,hospital,HB-14-1450,2,0,2010-01-18,5,,,
10044,14,local,school,HB-14-3946,2,0,2009-12-16,23,,,
10045,14,local,school,HB-14-3983,2,0,2009-12-16,23,,,
10046,14,local,school,HB-14-3986,2,0,2009-12-16,23,,,
10047,14,local,school,HB-14-3987,2,0,2009-12-16,23,,,
10048,14,local,school,HB-14-4004,2,0,2009-12-16,23,,,
10049,14,local,school,HB-14-5948,2,0,2009-12-16,23,,,
10050,14,local,road,HB-14-4795,2,1,2009-05-25,15,,,
10051,14,local,road,HB-14-4796,2,1,2009-05-25,15,,,
10052,14,local,road,HB-14-5391,2,0,2009-05-25,15,,,
10053,14,local,road,HB-14-5395,2,0,2009-05-25,15,,,
10054,14,national,national,HB-14-6924; SB-14-1863,5,1,2009-09-14,2,,,
10055,14,national,national,HB-14-5208; SB-14-3416,3,1,2009-12-01,11,,,
10056,14,local,school,HB-14-4005,2,0,2009-12-16,23,,,
10057,14,local,school,HB-14-4006,2,0,2009-12-16,23,,,
10058,14,local,school,HB-14-4007,2,0,2009-12-16,23,,,
10059,14,local,school,HB-14-4145,2,0,2009-12-16,23,,,
10060,14,local,school,HB-14-4555,2,0,2009-12-16,23,,,
10061,14,local,school,HB-14-5173,2,0,2009-08-17,22,,,
10062,14,local,school,HB-14-5277,2,0,2009-12-16,23,,,
10063,14,local,school,HB-14-5278,2,0,2009-12-16,23,,,
10064,14,local,school,HB-14-6560,2,0,2010-02-02,35,,,
10065,14,local,school,HB-14-6561,2,0,2010-02-02,35,,,
10066,14,national,national,HB-14-6733; SB-14-3014,6,1,2009-02-09,1,,,
10067,14,local,land,HB-14-5991; SB-14-2394,6,0,2008-11-10,5,,,
10068,14,national,national,HB-14-7066; SB-14-3264,7,1,2009-11-16,13,,,
10069,14,national,national,HB-14-6514; SB-14-1874,3,0,2008-01-30,1,,,
10070,14,national,national,HB-14-1387; SB-14-3560,2,0,2010-01-18,5,,,
10071,14,national,national,HB-14-7112; SB-14-2659,6,0,2009-08-24,11,,,
10072,14,national,national,HB-14-6509; SB-14-3285,3,0,2009-06-01,8,,,
10073,14,national,national,HB-14-6025; SB-14-3298,3,1,2009-07-28,34,,,
10074,14,local,office,HB-14-3968,2,0,2010-02-01,18,,,
10075,14,local,road,HB-14-4608,2,0,2010-02-01,18,,,
10076,14,local,road,HB-14-4705,2,0,2010-02-01,18,yes,,
10077,14,local,road,,,,,,,,
10078,14,local,road,HB-14-4717; HB-14-4721,2,0,2010-02-01,18,yes,,
10079,14,local,road,HB-14-4723,2,0,2010-02-02,35,,,
10080,14,local,school,HB-14-6594,2,0,2010-02-01,18,,,
10081,14,local,school,HB-14-6609,2,0,2010-02-01,18,,,
10082,14,local,school,HB-14-6640,2,0,2010-02-01,18,,,
10083,14,national,national,HB-14-6213; SB-14-3470,4,0,2009-12-01,11,,,
10084,14,national,national,HB-14-5444; SB-14-3567,2,0,2010-02-01,18,,,
10085,14,local,college,HB-14-6935,3,0,2010-02-02,35,,yes,senate record
10086,14,national,national,HB-14-6378; SB-14-3472,2,0,2010-01-26,2,,,
10087,14,national,national,HB-14-199; SB-14-1152,2,0,2010-01-26,2,,,
10088,14,national,national,HB-14-5699; SB-14-3529,2,0,2010-01-18,5,,,
10089,14,national,national,HB-14-6882; SB-14-1651,2,0,2010-02-01,18,,,
10090,14,local,hospital,HB-14-889,2,0,2010-01-18,5,,,
10091,14,local,road,HB-14-1713,2,0,2010-02-01,18,yes,,
10092,14,local,road,HB-14-4448,2,0,2010-02-02,35,,,
10093,14,local,road,HB-14-4511,2,0,2010-02-02,35,,,
10094,14,local,road,HB-14-4587,2,0,2010-02-02,35,,,
10095,14,local,road,HB-14-4606,2,0,2010-02-02,35,,,
10096,14,local,road,HB-14-4595,2,0,2010-02-02,35,,,
10097,14,local,road,HB-14-4612,2,0,2010-02-02,35,,,
10098,14,local,road,HB-14-4614,2,0,2010-02-02,35,,,
10099,14,local,road,HB-14-4656,2,0,2010-02-02,35,,,
10100,14,local,road,HB-14-4665,2,0,2010-02-01,18,yes,,
10101,14,local,road,HB-14-4667,2,0,2010-02-01,18,yes,,
10102,14,local,road,HB-14-4682,2,0,2010-02-01,18,,,
10103,14,local,road,HB-14-4684,2,0,2010-02-01,18,,,
10104,14,local,road,HB-14-4704,2,0,2010-02-02,35,,,
10105,14,local,road,HB-14-6151,2,0,2010-02-01,18,,,
10106,14,local,school,HB-14-3558,2,0,2010-02-02,35,,,
10107,14,local,school,HB-14-3706,2,0,2010-02-02,35,,,
10108,14,local,school,HB-14-3766,2,0,2010-02-02,35,,,
10109,14,local,school,HB-14-3790,2,0,2010-02-02,35,,,
10110,14,local,school,HB-14-3937,2,0,2010-02-02,35,,,
10111,14,local,school,HB-14-5027,3,0,2009-05-04,12,,,
10112,14,local,school,HB-14-5144,3,0,2009-05-04,12,,,
10113,14,local,school,HB-14-5736,2,0,2010-02-02,35,,,
10114,14,local,school,HB-14-6038,2,0,2010-02-02,35,,,
10115,14,local,school,HB-14-6041,2,0,2010-02-02,35,,,
10116,14,local,school,HB-14-6472,2,0,2010-02-02,35,,,
10117,14,local,school,HB-14-6473,2,0,2010-02-02,35,,,
10118,14,local,school,HB-14-6476,2,0,2010-02-02,35,,,
10119,14,local,school,HB-14-6477,2,0,2010-02-02,35,,,
10120,14,local,school,HB-14-6634,2,0,2010-02-01,18,,,
10121,14,national,national,HB-14-6985; SB-14-3086,11,3,2009-09-02,1,,yes,senate record
10122,14,national,national,HB-14-6439; SB-14-3573,2,0,2010-02-01,18,,,
10123,14,local,court,HB-14-16; SB-14-3443,3,0,2009-10-07,15,,,
10124,14,national,national,HB-14-6780,2,0,2010-02-02,35,,,
10125,14,local,school,HB-14-3477,2,0,2010-02-02,35,,,
10126,14,local,school,HB-14-4016,3,0,2009-05-04,12,,,
10127,14,local,school,HB-14-4017,3,0,2009-05-04,12,,,
10128,14,local,school,HB-14-4188,2,0,2009-10-12,28,,,
10129,14,local,school,HB-14-4189,2,0,2009-10-12,28,,,
10130,14,local,school,HB-14-4190,2,0,2009-10-12,28,,,
10131,14,local,school,HB-14-5026,3,0,2009-05-04,12,,,
10132,14,local,school,HB-14-5739,2,0,2009-10-12,28,,,
10133,14,local,school,HB-14-5740,2,0,2009-10-12,28,,,
10134,14,local,school,HB-14-6045,2,0,2010-02-02,35,,,
10135,14,local,school,HB-14-6930,2,0,2010-02-02,35,,,
10136,14,local,road,HB-14-4459,2,0,2010-02-02,35,,,
10137,14,local,road,HB-14-4626,2,0,2010-02-02,35,,,
10138,14,local,road,HB-14-4664,2,0,2010-02-02,35,,,
10139,14,local,road,HB-14-4674,2,0,2010-02-02,35,,,
10140,14,local,road,HB-14-4702,2,0,2010-02-02,35,,,
10141,14,local,road,HB-14-4720,2,0,2010-02-01,18,,,
10142,14,national,national,HB-14-7090; SB-14-61,8,2,2009-11-11,1,,,
10143,14,national,national,HB-14-7134,0,0,,,,yes,senate record
10144,14,private,citizenship,HB-14-2022; SB-14-2460,2,0,2009-11-16,13,,,
10145,14,local,school,HB-14-6593,2,0,2010-05-31,2,,,
10146,14,local,school,HB-14-6637,2,0,2010-05-31,2,,,
10147,15,national,appropriation,HB-15-3101,3,2,2010-12-01,1,,yes,senate record
10148,15,private,citizenship,HB-15-2307,2,0,2010-11-08,2,,,
10149,15,national,national,HB-15-4067; SB-15-2640,13,6,2011-03-21,1,,,
10150,15,national,national,HB-15-4169; SB-15-2846,2,0,2011-06-07,1,,yes,senate record
10151,15,national,national,HB-15-4276; SB-15-2701,9,3,2011-05-30,2,,,
10152,15,national,national,HB-15-4393; SB-15-138,5,1,2010-11-08,2,,,
10153,15,national,national,HB-15-4146,3,2,2011-06-06,1,,yes,senate record
10154,15,national,national,HB-15-3862; SB-15-2748,4,0,2011-05-30,2,,,
10155,15,national,appropriation,HB-15-5023,6,5,2011-11-22,1,,yes,senate record
10156,15,national,national,HB-15-4357; SB-15-2946,3,0,2011-10-10,1,,,
10157,15,national,national,HB-15-3826,5,1,2011-11-21,1,,,
10158,15,national,national,HB-15-4936; SB-15-2726,2,0,2011-03-14,1,,,
10159,15,national,national,HB-15-600; SB-15-2808,3,0,2011-05-23,1,,,
10160,15,local,lgu,HB-15-4730,4,1,2011-12-12,2,,,
10161,15,local,lgu,HB-15-4729,4,1,2011-12-12,2,,,
10162,15,local,court,HB-15-4488,3,0,2012-02-21,1,,,
10163,15,local,lgu,HB-15-4259,5,0,2012-01-16,1,,,
10164,15,local,lgu,HB-15-4736,4,1,2012-02-07,1,,,
10165,15,national,national,HB-15-4481; SB-15-2486,7,2,2011-09-05,1,,,
10166,15,national,national,HB-15-5640; SB-15-2941,3,0,2011-09-19,1,,,
10167,15,national,national,HB-15-4275; SB-15-3009,13,6,2012-06-05,1,,yes,senate record
10168,15,national,national,HB-15-5015; SB-15-3127,3,0,2012-06-06,1,,yes,senate record
10169,15,local,lgu,HB-15-5917,2,1,2012-05-22,1,,,
10170,15,local,district,HB-15-4245,2,0,2012-05-15,1,,,
10171,15,local,district,HB-15-5608,3,0,2012-06-04,10,,,
10172,15,national,national,HB-15-4530; SB-15-3113,3,0,2012-05-30,2,,,
10173,15,national,national,HB-15-4115; SB-15-2965,6,2,2012-03-20,1,,,
10174,15,national,national,HB-15-6235; SB-15-2811,6,0,2011-09-12,1,,,
10175,15,national,national,HB-15-5808; SB-15-2796,7,3,2012-01-30,1,,,
10176,15,national,commemoration,HB-15-4330; SB-15-3146,2,0,2012-05-30,2,,,
10177,15,local,district,HB-15-4111,3,0,2012-07-24,103,,,
10178,15,private,franchise,HB-15-4379,2,0,2012-06-04,10,,,
10179,15,private,franchise,HB-15-4668,2,0,2012-06-04,10,,,
10180,15,private,franchise,HB-15-5491,2,0,2012-06-04,10,,,
10181,15,private,franchise,HB-15-5492,2,0,2012-06-04,10,,,
10182,15,private,franchise,HB-15-5574,2,0,2012-06-04,10,,,
10183,15,private,franchise,HB-15-5613,2,0,2012-06-04,10,,,
10184,15,local,district,HB-15-5236,2,1,2012-09-20,1,,,
10185,15,local,school,HB-15-1339,2,0,2012-07-24,103,,,
10186,15,local,school,HB-15-1340,2,0,2012-07-24,103,,,
10187,15,local,school,HB-15-1463,2,0,2012-07-24,103,,,
10188,15,local,school,HB-15-1468,2,0,2012-07-24,103,,,
10189,15,local,school,HB-15-1688,2,0,2012-07-24,103,,,
10190,15,local,school,HB-15-1873,2,0,2012-07-24,103,,,
10191,15,local,school,HB-15-1975,2,0,2012-07-24,103,,,
10192,15,local,school,HB-15-2319,2,0,2012-07-24,103,,,
10193,15,local,school,HB-15-2322,2,0,2012-07-24,103,,,
10194,15,local,school,HB-15-2587,2,0,2012-07-24,103,,,
10195,15,local,school,HB-15-5498,2,0,2012-07-24,103,,,
10196,15,local,school,HB-15-5235,2,0,2012-07-24,103,,,
10197,15,local,school,HB-15-1318,2,0,2012-07-24,103,,,
10198,15,local,school,HB-15-342,2,0,2012-07-24,103,,,
10199,15,local,school,HB-15-2919,2,0,2012-07-24,103,,,
10200,15,local,school,HB-15-1016,2,0,2012-07-24,103,,,
10201,15,local,school,HB-15-779,2,0,2012-07-24,103,,,
10202,15,local,school,HB-15-2221,2,0,2012-07-24,103,,,
10203,15,local,school,HB-15-1879,2,0,2012-07-24,103,,,
10204,15,local,school,HB-15-5191,2,0,2012-07-24,103,,,
10205,15,local,school,HB-15-1600,2,0,2012-07-24,103,,,
10206,15,local,school,HB-15-1338,2,0,2012-07-24,103,,,
10207,15,local,school,HB-15-2323,2,0,2012-07-24,103,,,
10208,15,local,school,HB-15-2320,2,0,2012-07-24,103,,,
10209,15,local,school,HB-15-777,2,0,2012-07-24,103,,,
10210,15,local,school,HB-15-3072,2,0,2012-07-24,103,,,
10211,15,local,school,HB-15-3987,2,0,2012-07-24,103,,,
10212,15,local,school,HB-15-1446,2,0,2012-07-24,103,,,
10213,15,local,school,HB-15-341,2,0,2012-07-24,103,,,
10214,15,local,school,HB-15-1569,2,0,2012-07-24,103,,,
10215,15,local,school,HB-15-2746,2,0,2012-07-24,103,,,
10216,15,local,school,HB-15-5503,2,0,2012-07-24,103,,,
10217,15,local,school,HB-15-2218,2,0,2012-07-24,103,,,
10218,15,local,school,HB-15-2317,2,0,2012-07-24,103,,,
10219,15,local,school,HB-15-1014,2,0,2012-07-24,103,,,
10220,15,local,school,HB-15-905,2,0,2012-07-24,103,,,
10221,15,local,school,HB-15-1208,2,0,2012-07-24,103,,,
10222,15,local,school,HB-15-2342,2,0,2012-07-24,103,,,
10223,15,local,school,HB-15-1154,2,0,2012-07-24,103,,,
10224,15,local,school,HB-15-748,2,0,2012-07-24,103,,,
10225,15,local,school,HB-15-1571,2,0,2012-07-24,103,,,
10226,15,local,school,HB-15-2220,2,0,2012-07-24,103,,,
10227,15,local,school,HB-15-3419,2,0,2012-07-24,103,,,
10228,15,local,college,HB-15-1814,2,1,2012-07-24,103,,,
10229,15,local,college,HB-15-4170,2,1,2012-07-24,103,,,
10230,15,local,college,HB-15-4413,2,1,2012-07-24,103,,,
10231,15,local,college,HB-15-4321,2,1,2012-07-24,103,,,
10232,15,local,school,HB-15-343,2,0,2012-07-24,103,,,
10233,15,local,school,HB-15-5118,2,0,2012-07-24,103,,,
10234,15,local,school,HB-15-547,2,0,2012-07-24,103,,,
10235,15,local,school,HB-15-747,2,0,2012-07-24,103,,,
10236,15,local,school,HB-15-904,2,0,2012-07-24,103,,,
10237,15,local,school,HB-15-1209,2,0,2012-07-24,103,,,
10238,15,local,school,HB-15-1294,2,0,2012-07-24,103,,,
10239,15,local,school,HB-15-1447,2,0,2012-07-24,103,,,
10240,15,local,school,HB-15-1465,2,0,2012-07-24,103,,,
10241,15,local,school,HB-15-3202,2,0,2012-07-24,103,,,
10242,15,local,school,HB-15-3203,2,0,2012-07-24,103,,,
10243,15,local,court,HB-15-4512; SB-15-2958,3,1,2012-07-24,103,yes,,
10244,15,local,court,HB-15-4473,3,1,2012-07-24,103,yes,,
10245,15,local,court,HB-15-4474,3,1,2012-07-24,103,yes,,
10246,15,local,court,HB-15-4475,3,1,2012-07-24,103,yes,,
10247,15,local,court,HB-15-4479,3,1,2012-07-24,103,yes,,
10248,15,local,court,HB-15-4493,3,0,2012-07-24,103,yes,,
10249,15,local,court,HB-15-4494,3,0,2012-07-24,103,yes,,
10250,15,local,court,HB-15-4495,3,0,2012-07-24,103,yes,,
10251,15,local,court,HB-15-4497,3,0,2012-07-24,103,yes,,
10252,15,local,court,HB-15-4521,3,0,2012-07-24,103,yes,,
10253,15,local,court,HB-15-4489,3,1,2012-07-24,103,yes,,
10254,15,local,court,HB-15-4490,3,1,2012-07-24,103,yes,,
10255,15,local,school,HB-15-344,2,0,2012-07-24,103,,,
10256,15,local,school,HB-15-749,2,0,2012-07-24,103,,,
10257,15,local,school,HB-15-778,2,0,2012-07-24,103,,,
10258,15,local,school,HB-15-906,2,0,2012-07-24,103,,,
10259,15,local,school,HB-15-1319,2,0,2012-07-24,103,,,
10260,15,local,school,HB-15-1449,2,0,2012-08-28,50,,,
10261,15,local,school,HB-15-1467,2,0,2012-07-24,103,,,
10262,15,local,school,HB-15-1570,2,0,2012-07-24,103,,,
10263,15,local,school,HB-15-1974,2,0,2012-07-24,103,,,
10264,15,local,school,HB-15-2225,2,0,2012-07-24,103,,,
10265,15,local,school,HB-15-2228,2,0,2012-07-24,103,,,
10266,15,local,school,HB-15-2318,2,0,2012-07-24,103,,,
10267,15,local,school,HB-15-3000,2,0,2012-07-24,103,,,
10268,15,local,school,HB-15-3733,2,0,2012-07-24,103,,,
10269,15,local,school,HB-15-4944,2,0,2012-08-28,50,,,
10270,15,local,school,HB-15-4947,2,0,2012-08-28,50,,,
10271,15,local,school,HB-15-5123,2,0,2012-08-28,50,,,
10272,15,local,school,HB-15-5124,2,0,2012-07-24,103,,,
10273,15,local,school,HB-15-5190,2,0,2012-07-24,103,,,
10274,15,local,school,HB-15-5193,2,0,2012-07-24,103,,,
10275,15,local,school,HB-15-5232,2,0,2012-08-28,50,,,
10276,15,local,school,HB-15-5541,2,0,2012-07-24,103,,,
10277,15,local,school,HB-15-5881,2,0,2012-08-28,50,,,
10278,15,local,school,HB-15-5892,3,0,2012-08-28,50,,,
10279,15,local,school,HB-15-5950,2,0,2012-08-28,50,,,
10280,15,local,school,HB-15-80,2,0,2012-07-24,103,,,
10281,15,local,school,HB-15-1829,2,0,2012-07-24,103,,,
10282,15,local,school,HB-15-5502,2,0,2012-07-24,103,,,
10283,15,local,school,HB-15-5924,2,0,2012-08-28,50,,,
10284,15,local,school,HB-15-338,2,0,2012-07-24,103,,,
10285,15,local,school,HB-15-1295,2,0,2012-07-24,103,,,
10286,15,local,school,HB-15-1450,2,0,2012-07-24,103,,,
10287,15,local,school,HB-15-2219,2,0,2012-07-24,103,,,
10288,15,local,school,HB-15-2321,2,0,2012-07-24,103,,,
10289,15,local,school,HB-15-4154,2,0,2012-07-24,103,,,
10290,15,local,school,HB-15-4196,2,0,2012-08-28,50,,,
10291,15,local,school,HB-15-4754,2,0,2012-08-28,50,,,
10292,15,local,school,HB-15-5499,2,0,2012-08-28,50,,,
10293,15,local,school,HB-15-5811,2,0,2012-08-28,50,,,
10294,15,local,school,HB-15-5885,2,0,2012-08-28,50,,,
10295,15,local,school,HB-15-5888,2,0,2012-08-28,50,,,
10296,15,local,school,HB-15-5951,2,0,2012-08-28,50,,,
10297,15,local,school,HB-15-5952,2,0,2012-08-28,50,,,
10298,15,local,court,HB-15-4469,3,1,2012-07-24,103,yes,,
10299,15,local,court,HB-15-4471,3,0,2012-07-24,103,,,
10300,15,local,court,HB-15-4472,3,0,2012-07-24,103,,,
10301,15,local,court,HB-15-4491,3,1,2012-07-24,103,yes,,
10302,15,local,court,HB-15-4522,3,0,2012-07-24,103,yes,,
10303,15,local,court,HB-15-4744,3,0,2012-07-24,103,yes,,
10304,15,local,school,HB-15-548,2,1,2012-08-28,50,,,
10305,15,local,school,HB-15-1448,2,0,2012-08-28,50,,,
10306,15,local,school,HB-15-1462,2,0,2012-08-28,50,,,
10307,15,local,school,HB-15-2915,2,0,2012-08-28,50,,,
10308,15,local,school,HB-15-3290,2,0,2012-08-28,50,,,
10309,15,local,school,HB-15-3798,2,0,2012-08-28,50,,,
10310,15,local,school,HB-15-4508,2,0,2012-08-28,50,,,
10311,15,local,school,HB-15-4564,2,1,2012-08-28,50,,,
10312,15,local,school,HB-15-4755,2,0,2012-08-28,50,,,
10313,15,local,school,HB-15-4943,2,0,2012-08-28,50,,,
10314,15,local,school,HB-15-4945,2,0,2012-08-28,50,,,
10315,15,local,school,HB-15-4946,2,0,2012-08-28,50,,,
10316,15,local,school,HB-15-5121,2,0,2012-08-28,50,,,
10317,15,local,school,HB-15-5122,2,0,2012-08-28,50,,,
10318,15,local,school,HB-15-5189,2,0,2012-08-28,50,,,
10319,15,local,school,HB-15-5192,2,0,2012-08-28,50,,,
10320,15,local,school,HB-15-5233,2,0,2012-08-28,50,,,
10321,15,local,school,HB-15-5234,2,0,2012-08-28,50,,,
10322,15,local,school,HB-15-5504,2,0,2012-08-28,50,,,
10323,15,local,school,HB-15-5810,2,0,2012-08-28,50,,,
10324,15,local,school,HB-15-5865,2,0,2012-08-28,50,,,
10325,15,local,school,HB-15-5866,2,0,2012-08-28,50,,,
10326,15,local,school,HB-15-5882,2,0,2012-08-28,50,,,
10327,15,local,school,HB-15-5884,2,0,2012-08-28,50,,,
10328,15,local,school,HB-15-5886,2,0,2012-08-28,50,,,
10329,15,local,school,HB-15-5887,2,0,2012-08-28,50,,,
10330,15,local,school,HB-15-5889,2,0,2012-08-28,50,,,
10331,15,local,school,HB-15-5891,2,0,2012-08-28,50,,,
10332,15,local,school,HB-15-5893,2,0,2012-08-28,50,,,
10333,15,local,school,HB-15-5923,2,0,2012-08-28,50,,,
10334,15,local,school,HB-15-5948,2,0,2012-08-28,50,,,
10335,15,local,school,HB-15-6001,2,0,2012-08-28,50,,,
10336,15,local,school,HB-15-6002,2,0,2012-08-28,50,,,
10337,15,local,office,HB-15-1426,2,0,2012-09-17,23,,,
10338,15,local,office,HB-15-2266,2,0,2012-09-17,23,,,
10339,15,local,court,HB-15-4476,3,1,2012-08-06,4,yes,,
10340,15,local,court,HB-15-4511,3,0,2012-08-06,4,yes,,
10341,15,local,court,HB-15-4513,3,0,2012-08-06,4,yes,,
10342,15,private,franchise,HB-15-5576,2,0,2012-09-17,23,,,
10343,15,private,franchise,HB-15-6032,2,0,2012-09-17,23,,,
10344,15,national,national,HB-15-5932,3,0,2012-09-17,23,,,
10345,15,local,hospital,HB-15-5622,2,0,2012-10-08,4,,,
10346,15,local,office,HB-15-1967,2,0,2012-09-17,23,,,
10347,15,local,office,HB-15-2407,2,0,2012-09-17,23,,,
10348,15,local,court,HB-15-4492,3,0,2012-08-06,4,yes,,
10349,15,national,national,HB-15-6410; SB-15-3164,4,2,2012-06-04,10,,,
10350,15,national,national,HB-15-4323; SB-15-3139,3,0,2012-09-10,1,,,
10351,15,national,national,HB-15-5727; SB-15-3299,9,6,2012-11-20,1,,yes,senate record
10352,15,national,appropriation,HB-15-6455,6,5,2012-11-28,1,,yes,senate record
10353,15,national,national,HB-15-98; SB-15-2817,4,1,2011-07-26,1,,,
10354,15,national,national,HB-15-4244; SB-15-2865,37,24,2012-12-17,12,,yes,senate record
10355,15,local,hospital,HB-15-3331; SB-15-2853,2,0,2012-10-08,4,,,
10356,15,private,citizenship,HB-15-5277,2,0,2012-11-05,15,,,
10357,15,local,holiday,HB-15-537,3,0,2012-10-15,26,yes,,
10358,15,local,holiday,HB-15-540,3,0,2012-10-15,26,yes,,
10359,15,local,holiday,HB-15-3496,3,0,2012-10-15,26,yes,,
10360,15,local,lgu,HB-15-4451,5,0,2012-10-08,4,,,
10361,15,national,national,HB-15-6144; SB-15-78,6,1,2010-12-13,1,,,
10362,15,local,court,HB-15-5739,2,0,2012-11-05,15,,,
10363,15,local,court,HB-15-5737; SB-15-3034,2,0,2012-09-17,23,,,
10364,15,national,national,HB-15-6339; SB-15-2625,6,1,2012-10-08,4,,,
10365,15,national,national,HB-15-6565; SB-15-3123,9,4,2013-02-04,35,,yes,senate record
10366,15,national,national,HB-15-5509; SB-15-3287,4,0,2012-11-12,2,,,
10367,15,national,national,HB-15-3469; SB-15-1030,5,0,2012-11-12,2,,,
10368,15,national,national,HB-15-5990; SB-15-3334,4,0,2012-12-17,12,,,
10369,15,local,office,HB-15-3622,3,0,2012-12-17,12,,,
10370,15,local,court,HB-15-2821,2,0,2012-11-05,15,,,
10371,15,local,court,HB-15-5740,2,0,2012-11-05,15,,,
10372,15,national,national,HB-15-3841; SB-15-2842,5,1,2012-11-05,15,,,
10373,15,private,franchise,HB-15-6550,3,0,2012-12-17,12,,,
10374,15,national,national,HB-15-5461; SB-15-2944,3,0,2012-12-17,12,,,
10375,15,local,road,HB-15-2313,3,0,2012-12-18,18,,,
10376,15,private,private_other,HB-15-6058,3,1,2012-12-17,12,,,
10377,15,local,office,HB-15-5600,3,0,2012-12-17,12,,,
10378,15,national,national,HB-15-6022; SB-15-3343,3,0,2012-12-19,13,,yes,senate record
10379,15,local,office,HB-15-1869,3,0,2012-12-17,12,,,
10380,15,national,national,HB-15-4241; SB-15-1198,5,1,2012-11-05,15,,,
10381,15,local,court,HB-15-5731,2,0,2012-11-05,15,,,
10382,15,local,road,HB-15-2470,3,0,2012-12-18,18,,,
10383,15,local,road,HB-15-2016,3,0,2012-12-18,18,,,
10384,15,local,road,HB-15-4014,3,0,2012-12-19,13,,,
10385,15,local,road,HB-15-3393,3,0,2012-12-19,13,,,
10386,15,local,road,HB-15-3873,3,0,2012-12-19,13,,,
10387,15,local,road,HB-15-3217,3,0,2012-12-18,18,,,
10388,15,local,office,HB-15-3734,3,0,2012-12-17,12,,,
10389,15,national,national,HB-15-5395,5,0,2012-12-10,4,,,
10390,15,national,national,HB-15-6703; SB-15-3316,4,0,2012-12-10,4,,,
10391,15,local,office,HB-15-1167,3,0,2012-12-17,12,,,
10392,15,local,court,HB-15-5717,2,0,2012-11-05,15,,,
10393,15,local,court,HB-15-5730; SB-15-3022,2,0,2012-10-15,26,,,
10394,15,local,court,HB-15-5743,2,0,2012-11-05,15,,,
10395,15,national,national,HB-15-6685; SB-15-2921,4,0,2012-11-05,15,,,
10396,15,national,national,HB-15-6686; SB-15-2918,4,0,2012-11-05,15,,,
10397,15,local,road,HB-15-3283,3,0,2012-12-18,18,,,
10398,15,national,commemoration,HB-15-4434; SB-15-2080,3,0,2012-12-17,12,,,
10399,15,local,road,HB-15-4012,3,0,2012-12-19,13,,,
10400,15,local,road,HB-15-3297,3,0,2012-12-19,13,,,
10401,15,local,road,HB-15-4015,3,0,2012-12-19,13,,,
10402,15,local,road,HB-15-2331,3,0,2012-12-18,18,,,
10403,15,local,road,HB-15-3213,3,0,2012-12-18,18,,,
10404,15,local,road,HB-15-3488,3,0,2012-12-19,13,,,
10405,15,local,road,HB-15-1789,3,0,2012-12-18,18,,,
10406,15,local,road,HB-15-2738,3,0,2012-12-18,18,,,
10407,15,local,road,HB-15-2010,3,0,2012-12-18,18,,,
10408,15,local,road,HB-15-5795,3,0,2012-12-19,13,,,
10409,15,local,office,HB-15-3066; HB-15-3067; HB-15-3068; HB-15-3069; HB-15-3070; HB-15-3071; SB-15-3252,3,0,2012-11-05,15,,,
10410,15,national,national,HB-15-6694; SB-15-3206,2,1,2012-06-04,10,,,
10411,15,local,road,HB-15-2125,3,0,2012-12-18,18,,,
10412,15,local,road,HB-15-2329,3,0,2012-12-18,18,,,
10413,15,local,road,HB-15-2404,3,0,2012-12-19,13,,,
10414,15,local,road,HB-15-2469,3,0,2012-12-18,18,,,
10415,15,local,road,HB-15-2767,3,0,2012-12-18,18,,,
10416,15,local,road,HB-15-3214,3,0,2012-12-18,18,,,
10417,15,local,road,HB-15-3247,3,0,2012-12-18,18,,,
10418,15,local,road,HB-15-3394,3,0,2012-12-19,13,,,
10419,15,local,road,HB-15-4274,3,0,2012-12-19,13,,,
10420,15,local,lgu,HB-15-5786,3,0,2013-01-28,99,,,
10421,15,local,school,HB-15-1594,2,0,2013-01-28,99,,,
10422,15,local,school,HB-15-3481,2,0,2013-01-28,99,,,
10423,15,local,school,HB-15-4006,2,0,2013-01-28,99,,,
10424,15,local,school,HB-15-4007,2,0,2013-01-28,99,,,
10425,15,local,school,HB-15-4403,2,0,2013-01-28,99,,,
10426,15,local,school,HB-15-5008,2,0,2013-01-28,99,,,
10427,15,local,school,HB-15-5266,2,0,2013-01-28,99,,,
10428,15,local,school,HB-15-5328,2,0,2013-01-28,99,,,
10429,15,local,school,HB-15-5373,2,0,2013-01-28,99,,,
10430,15,local,school,HB-15-5690,2,0,2013-01-28,99,,,
10431,15,local,school,HB-15-5748,2,0,2013-01-28,99,,,
10432,15,local,school,HB-15-5760,2,0,2013-01-28,99,,,
10433,15,local,school,HB-15-5981,2,0,2013-01-28,99,,,
10434,15,local,school,HB-15-5982,2,0,2013-01-28,99,,,
10435,15,local,school,HB-15-5993,2,0,2013-01-28,99,,,
10436,15,local,school,HB-15-5994,2,0,2013-01-28,99,,,
10437,15,local,school,HB-15-6138,2,0,2013-01-28,99,,,
10438,15,local,school,HB-15-6212,2,0,2013-01-28,99,,,
10439,15,local,school,HB-15-6220,2,0,2013-01-28,99,,,
10440,15,local,school,HB-15-6232,2,0,2013-01-28,99,,,
10441,15,local,school,HB-15-6436,2,0,2013-01-28,99,,,
10442,15,local,school,HB-15-6448,2,0,2013-01-28,99,,,
10443,15,local,school,HB-15-6451,2,0,2013-01-28,99,,,
10444,15,local,school,HB-15-6477,2,0,2013-01-28,99,,,
10445,15,local,school,HB-15-6582,2,0,2013-01-28,99,,,
10446,15,local,school,HB-15-6583,2,0,2013-01-28,99,,,
10447,15,local,school,HB-15-6588,2,0,2013-01-28,99,,,
10448,15,local,school,HB-15-6591,2,0,2013-01-28,99,,,
10449,15,local,school,HB-15-6594,2,0,2013-01-28,99,,,
10450,15,local,school,HB-15-5949,2,0,2013-01-28,99,,,
10451,15,local,other_local,HB-15-336,3,0,2013-01-21,3,,,
10452,15,local,land,HB-15-1398,3,0,2013-01-21,3,,,
10453,15,local,road,HB-15-3296,3,0,2012-12-19,13,,,
10454,15,local,court,HB-15-5742; SB-15-2539,4,1,2012-07-31,1,yes,,
10455,15,local,school,HB-15-543,2,0,2013-01-28,99,,,
10456,15,local,lgu,HB-15-4778,2,0,2013-01-28,99,,,
10457,15,local,road,HB-15-3211,3,0,2012-12-18,18,,,
10458,15,local,school,HB-15-1591,2,0,2013-01-28,99,,,
10459,15,local,school,HB-15-1592,2,0,2013-01-28,99,,,
10460,15,local,school,HB-15-1596,2,0,2013-01-28,99,,,
10461,15,local,school,HB-15-3866,2,0,2013-01-28,99,,,
10462,15,local,school,HB-15-5006,2,0,2013-01-28,99,,,
10463,15,local,school,HB-15-5242,2,0,2013-01-28,99,,,
10464,15,local,school,HB-15-5584,2,0,2013-01-28,99,,,
10465,15,local,school,HB-15-5992,2,0,2013-01-28,99,,,
10466,15,local,school,HB-15-6024,2,0,2013-01-28,99,,,
10467,15,local,school,HB-15-6140,2,0,2013-01-28,99,,,
10468,15,local,school,HB-15-6141,2,0,2013-01-28,99,,,
10469,15,local,school,HB-15-6142,2,0,2013-01-28,99,,,
10470,15,local,school,HB-15-6211,2,0,2013-01-28,99,,,
10471,15,local,school,HB-15-6346,2,0,2013-01-28,99,,,
10472,15,local,school,HB-15-6434,2,0,2013-01-28,99,,,
10473,15,local,school,HB-15-6435,2,0,2013-01-28,99,,,
10474,15,local,school,HB-15-6450,2,0,2013-01-28,99,,,
10475,15,local,school,HB-15-6581,2,0,2013-01-28,99,,,
10476,15,local,school,HB-15-6585,2,0,2013-01-28,99,,,
10477,15,local,school,HB-15-6586,2,0,2013-01-28,99,,,
10478,15,local,school,HB-15-6592,2,0,2013-01-28,99,,,
10479,15,local,school,HB-15-6593,2,0,2013-01-28,99,,,
10480,15,local,court,HB-15-6767; SB-15-3013,2,0,2012-10-15,26,,,
10481,15,local,school,HB-15-541,2,0,2013-01-28,99,,,
10482,15,local,school,HB-15-1210,2,0,2013-01-28,99,,,
10483,15,local,school,HB-15-1595,2,0,2013-01-28,99,,,
10484,15,local,school,HB-15-3482,2,0,2013-01-28,99,,,
10485,15,local,school,HB-15-3484,2,0,2013-01-28,99,,,
10486,15,local,school,HB-15-3491,2,0,2013-01-28,99,,,
10487,15,local,school,HB-15-4004,2,0,2013-01-28,99,,,
10488,15,local,school,HB-15-4005,2,0,2013-01-28,99,,,
10489,15,local,school,HB-15-4009,2,0,2013-01-28,99,,,
10490,15,local,school,HB-15-5007,2,0,2013-01-28,99,,,
10491,15,local,school,HB-15-5119,2,0,2013-01-28,99,,,
10492,15,local,school,HB-15-5265,2,0,2013-01-28,99,,,
10493,15,local,school,HB-15-5329,2,0,2013-01-28,99,,,
10494,15,local,school,HB-15-5330,2,0,2013-01-28,99,,,
10495,15,local,school,HB-15-5383,2,0,2013-01-28,99,,,
10496,15,local,school,HB-15-5386,2,0,2013-01-28,99,,,
10497,15,local,school,HB-15-5979,2,0,2013-01-28,99,,,
10498,15,local,school,HB-15-5980,2,0,2013-01-28,99,,,
10499,15,local,school,HB-15-5983,2,0,2013-01-28,99,,,
10500,15,local,school,HB-15-5995,2,0,2013-01-28,99,,,
10501,15,local,school,HB-15-6139,2,0,2013-01-28,99,,,
10502,15,local,school,HB-15-6143,2,0,2013-01-28,99,,,
10503,15,local,school,HB-15-6209,2,0,2013-01-28,99,,,
10504,15,local,school,HB-15-6213,2,0,2013-01-28,99,,,
10505,15,local,school,HB-15-6233,2,0,2013-01-28,99,,,
10506,15,local,school,HB-15-6234,2,0,2013-01-28,99,,,
10507,15,local,school,HB-15-6344,2,0,2013-01-28,99,,,
10508,15,local,school,HB-15-6345,2,0,2013-01-28,99,,,
10509,15,local,school,HB-15-6449,2,0,2013-01-28,99,,,
10510,15,local,school,HB-15-6580,2,0,2013-01-28,99,,,
10511,15,local,school,HB-15-6584,2,0,2013-01-28,99,,,
10512,15,local,school,HB-15-6589,2,0,2013-01-28,99,,,
10513,15,local,school,HB-15-6590,2,0,2013-01-28,99,,,
10514,15,local,school,HB-15-595,2,0,2013-01-28,99,,,
10515,15,national,national,HB-15-709; SB-15-3345,3,0,2013-01-28,99,,,
10516,15,national,national,HB-15-6868,0,0,,,,,
10517,15,local,court,HB-15-5896; SB-15-3048,2,0,2012-09-17,23,,,
10518,15,local,court,HB-15-6778; SB-15-3046,2,0,2012-09-17,23,,,
10519,15,local,court,HB-15-6844; SB-15-3032,2,0,2012-10-15,26,,,
10520,15,local,court,HB-15-6774; SB-15-3059,2,0,2012-09-17,23,,,
10521,15,local,court,HB-15-6848; SB-15-3057,2,0,2012-10-15,26,,,
10522,15,local,court,HB-15-5732; SB-15-3016,2,0,2012-10-15,26,,,
10523,15,local,court,HB-15-6866; SB-15-3047,2,0,2012-10-15,26,,,
10524,15,national,national,HB-15-5475; SB-15-3371,3,0,2013-02-04,35,,,
10525,15,national,commemoration,HB-15-6148; SB-15-3276,3,0,2013-01-28,99,,,
10526,15,national,national,HB-15-988; SB-15-3224,3,0,2012-11-05,15,,,
10527,15,local,school,HB-15-4691,2,0,2013-01-28,99,,,
10528,15,local,office,HB-15-2961,3,0,2013-02-04,35,,,
10529,15,local,office,HB-15-4659,3,0,2013-02-04,35,,,
10530,15,national,national,HB-15-4314; SB-15-3209,3,0,2012-06-04,10,,,
10531,15,national,national,HB-15-6214; SB-15-3389,3,1,2013-02-04,35,,yes,senate record
10532,15,national,national,HB-15-6735; SB-15-3399,3,0,2013-02-04,35,,,
10533,15,national,national,HB-15-6643; SB-15-3286,5,1,2013-01-21,3,,,
10534,15,local,land,HB-15-5763,3,0,2013-02-04,35,,,
10535,15,national,commemoration,HB-15-164; SB-15-3284,3,0,2013-02-04,35,,,
10536,15,national,national,HB-15-5490; SB-15-3388,3,0,2013-02-04,35,,,
10537,15,local,court,HB-15-6773; SB-15-3015,2,0,2012-10-15,26,,,
10538,15,local,court,HB-15-6779; SB-15-3021,2,0,2012-09-17,23,,,
10539,15,local,court,HB-15-6846; SB-15-3045,2,0,2012-10-15,26,,,
10540,15,local,court,HB-15-6863; SB-15-3030,2,0,2012-09-17,23,,,
10541,15,local,court,HB-15-6780; SB-15-3028,2,0,2012-10-15,26,,,
10542,15,local,court,HB-15-6845; SB-15-3017,2,0,2012-10-15,26,,,
10543,15,local,court,HB-15-6864; SB-15-3049,2,0,2012-09-17,23,,,
10544,15,local,court,HB-15-6862; SB-15-3031,2,0,2012-10-15,26,,,
10545,15,local,court,HB-15-6800; SB-15-3033,2,0,2012-09-17,23,,,
10546,15,local,court,HB-15-5910; SB-15-3019,2,0,2012-10-15,26,,,
10547,15,local,court,HB-15-6865; SB-15-3040,2,0,2012-10-15,26,,,
10548,15,local,road,HB-15-3215,3,1,2013-01-30,5,,,
10549,15,local,road,HB-15-3282,3,0,2012-12-18,18,,,
10550,15,local,road,HB-15-1356,3,1,2013-01-30,5,,,
10551,15,local,road,HB-15-1629,3,1,2013-01-30,5,,,
10552,15,local,road,HB-15-3353,3,1,2013-01-30,5,,,
10553,15,local,road,HB-15-5798,3,1,2013-01-30,5,,,
10554,15,local,school,HB-15-2789,2,0,2013-01-28,99,,,
10555,15,local,office,HB-15-5495,4,0,2013-01-28,99,,,
10556,15,local,holiday,HB-15-3877,4,0,2013-02-04,35,,,
10557,15,national,national,HB-15-6852; SB-15-3071,4,0,2012-11-05,15,,,
10558,15,local,hospital,HB-15-4989,2,0,2013-02-04,35,,,
10559,15,national,national,HB-15-4253,3,0,2013-02-04,35,,,
10560,15,local,office,HB-15-2141,4,0,2013-02-04,35,,,
10561,15,local,office,HB-15-2140,4,0,2013-02-04,35,,,
10562,15,local,court,HB-15-6753; SB-15-3053,2,0,2012-09-17,23,,,
10563,15,local,court,SB-15-3054,2,0,2012-12-10,4,,,
10564,15,local,court,SB-15-3055,2,0,2012-12-10,4,,,
10565,15,local,court,HB-15-6847; SB-15-3023,2,0,2012-10-15,26,,,
10566,15,local,court,HB-15-5558; SB-15-3014,2,0,2012-10-15,26,,,
10567,15,local,court,HB-15-5659; SB-15-3058,2,0,2012-10-15,26,,,
10568,15,local,court,HB-15-6855; SB-15-3043,2,0,2012-09-17,23,,,
10569,15,local,court,HB-15-5895; SB-15-3050,2,0,2012-09-17,23,,,
10570,15,local,court,HB-15-6857; SB-15-3036,2,0,2012-10-15,26,,,
10571,15,local,court,HB-15-6869; SB-15-3029,2,0,2012-09-17,23,,,
10572,15,national,national,HB-15-6307,1,0,,,,,
10573,15,local,office,HB-15-1105,3,0,2013-02-04,35,,,
10574,15,national,national,HB-15-5360; SB-15-3282,6,1,2013-01-28,99,,,
10575,15,national,national,HB-15-6887; SB-15-3335,3,0,2012-12-17,12,,yes,senate record
10576,15,local,court,HB-15-6851; SB-15-3018,2,0,2012-09-17,23,,,
10577,15,local,court,HB-15-6858; SB-15-3027,2,0,2012-10-15,26,,,
10578,15,local,court,HB-15-5744; SB-15-3035,2,0,2012-10-15,26,,,
10579,15,local,court,HB-15-6849; SB-15-3037,2,0,2012-10-15,26,,,
10580,15,local,court,HB-15-6856; SB-15-3041,2,0,2012-10-15,26,,,
10581,15,local,court,HB-15-5531; SB-15-3052,2,0,2012-10-15,26,,,
10582,15,local,court,HB-15-6853; SB-15-3056,2,0,2012-09-17,23,,,
10583,15,local,college,HB-15-4449,3,0,2013-02-04,35,,,
10584,15,local,college,HB-15-4585,3,0,2013-02-04,35,,,
10585,15,local,college,HB-15-5914,3,0,2013-02-04,35,,,
10586,15,national,national,HB-15-4251; SB-15-3365,3,0,2013-01-28,99,,,
10587,15,national,national,HB-15-4692; SB-15-3138,3,0,2013-02-04,35,,,
10588,15,national,national,HB-15-6119; SB-15-3377,3,0,2013-02-04,35,,,
10589,15,national,national,HB-15-3005; SB-15-3376,3,0,2013-02-04,35,,,
10590,15,national,national,HB-15-6542; SB-15-3312,6,1,2013-01-28,99,,,
10591,15,national,national,HB-15-5484; SB-15-3397,3,0,2013-02-04,35,,,
10592,15,national,national,HB-15-417; SB-15-3064,4,1,2012-11-05,15,,,
10593,15,national,national,HB-15-6131; SB-15-3366,3,0,2013-01-28,99,,,
10594,15,local,college,HB-15-4183,3,0,2013-02-04,35,,,
10595,15,local,college,HB-15-4432,3,0,2013-02-04,35,,,
10596,15,local,college,HB-15-4448,3,0,2013-02-04,35,,,
10597,15,local,college,HB-15-4453,3,0,2013-02-04,35,,,
10598,15,local,college,HB-15-4586,3,0,2013-02-04,35,,,
10599,15,local,college,HB-15-4641,3,0,2013-02-04,35,,,
10600,15,local,college,HB-15-5913,3,0,2013-02-04,35,,,
10601,15,national,national,HB-15-6548; SB-15-3338,3,0,2013-02-04,35,,,
10602,15,local,court,HB-15-5341; SB-15-3026,2,0,2012-09-17,23,,,
10603,15,local,court,HB-15-6856; SB-15-3042,2,0,2012-09-17,23,,,
10604,15,local,college,HB-15-4431,3,0,2013-02-04,35,,,
10605,15,local,college,HB-15-4450,3,0,2013-02-04,35,,,
10606,15,national,national,HB-15-6048; SB-15-2849,4,0,2013-02-04,35,,,
10607,15,national,national,HB-15-4867; SB-15-3280,4,0,2013-02-04,35,,,
10608,15,local,court,HB-15-6743; SB-15-3020,2,0,2012-10-15,26,,,
10609,15,national,national,HB-15-3546,3,0,2013-06-05,5,,,
10610,15,local,office,HB-15-3080,3,0,2013-06-06,5,,,
10611,15,national,national,HB-15-6474; SB-15-3311,3,0,2013-06-05,5,,,
10612,15,local,school,HB-15-6860; SB-15-3400,3,1,2013-06-06,5,,,
10613,15,local,hospital,,,,,,,,
10614,15,local,hospital,,,,,,,,
10615,15,local,office,,,,,,,,
10616,15,local,office,,,,,,,,
10617,15,local,office,,,,,,,,
10618,15,local,school,SB-15-3228,3,0,2013-06-05,5,,,
10619,15,local,hospital,,,,,,,,
10620,15,national,national,SB-15-3367,3,0,2013-06-05,5,,,
10621,15,local,office,HB-15-6171,2,0,2013-06-06,5,,,
10622,15,local,school,HB-15-2697,3,0,2013-02-04,35,,,
10623,15,national,national,HB-15-4801,3,1,2013-06-05,5,,,
10624,15,local,office,HB-15-201,3,0,2013-06-06,5,,,
10625,15,national,national,,,,,,,,
10626,15,local,office,,,,,,,,
10627,15,local,school,,,,,,,,
10628,15,local,office,,,,,,,,
10629,15,national,national,,,,,,,,
10630,15,national,national,HB-15-6052; SB-15-3324,4,0,2013-01-28,99,,,
10631,15,national,national,SB-15-3329,3,0,2013-06-06,5,,,
10632,16,national,national,HB-16-2849; SB-16-1186,5,2,2013-09-16,1,,,
10633,16,national,appropriation,HB-16-2630,6,4,2013-11-26,1,,yes,senate record
10634,16,national,appropriation,HB-16-3423,1,1,2013-12-04,1,,yes,senate record
10635,16,national,national,HB-16-3766; SB-16-2043,4,1,2014-02-10,1,,,
10636,16,private,citizenship,HB-16-4084,4,1,2014-05-26,1,,,
10637,16,private,franchise,HB-16-3187,3,0,2014-05-05,2,,,
10638,16,national,national,HB-16-4089; SB-16-1831,3,0,2014-05-19,2,,,
10639,16,national,national,HB-16-353,3,0,2014-05-05,2,,,
10640,16,national,national,HB-16-2285; SB-16-2273,2,0,2014-06-09,5,,,
10641,16,national,national,HB-16-3984; SB-16-2159,6,0,2014-06-09,5,,,
10642,16,national,national,HB-16-4082; SB-16-2211,5,1,2014-06-09,5,,,
10643,16,national,national,HB-16-4590; SB-16-27,12,6,2014-06-09,5,,,
10644,16,national,national,HB-16-4595; SB-16-2046,6,3,2014-02-24,1,,,
10645,16,national,national,HB-16-4593; SB-16-712,4,2,2014-09-22,2,,,
10646,16,local,office,HB-16-3899; SB-16-2161,7,1,2014-09-22,2,,,
10647,16,national,national,HB-16-3575; SB-16-2272,4,0,2014-07-30,5,,,
10648,16,local,school,HB-16-4860; SB-16-2275,4,0,2014-07-30,5,,,
10649,16,national,national,HB-16-694,3,1,2014-09-15,2,,,
10650,16,national,national,HB-16-4553; SB-16-2274,4,0,2014-07-30,5,,,
10651,16,national,appropriation,HB-16-4968,8,5,2014-11-26,2,,yes,senate record
10652,16,national,appropriation,HB-16-5237,1,1,2014-12-17,1,,yes,senate record
10653,16,national,national,HB-16-4970; SB-16-2437,3,0,2014-11-26,2,,,
10654,16,national,national,HB-16-4536; SB-16-2414,4,0,2014-10-27,2,,,
10655,16,national,national,HB-16-5280; SB-16-1647,3,0,2014-07-30,5,,,
10656,16,national,national,HB-16-5209,3,1,2015-02-02,1,,,
10657,16,national,national,HB-16-5016; SB-16-914,4,0,2014-09-15,2,,,
10658,16,local,district,HB-16-3917,4,1,2015-01-26,1,,,
10659,16,national,national,HB-16-4633; SB-16-2400,6,1,2014-10-27,2,,,
10660,16,national,national,HB-16-5283; SB-16-2138,5,2,2014-05-19,2,,,
10661,16,national,commemoration,HB-16-1641; SB-16-332,5,0,2014-12-15,2,,,
10662,16,local,road,HB-16-4398,2,0,2015-06-01,7,yes,,
10663,16,local,road,HB-16-4400,2,1,2015-06-01,7,yes,,
10664,16,national,national,HB-16-945,4,0,2015-05-04,2,,,
10665,16,local,school,HB-16-4085; SB-16-2277,5,1,2014-09-08,3,,,
10666,16,national,national,HB-16-4462; SB-16-2488,7,0,2015-05-11,1,,,
10667,16,national,national,HB-16-5286; SB-16-2282,17,4,2014-12-15,2,,,
10668,16,national,national,HB-16-5610; SB-16-2486,8,0,2015-02-23,1,,,
10669,16,local,holiday,HB-16-4768; SB-16-1281,2,0,2014-06-09,5,,,
10670,16,local,road,HB-16-1042,2,0,2015-06-01,7,yes,,
10671,16,local,hospital,HB-16-1248,3,0,2015-05-25,7,,,
10672,16,private,citizenship,HB-16-4073,3,1,2015-05-25,7,,,
10673,16,local,district,HB-16-3750,3,1,2015-06-01,7,,,
10674,16,national,national,HB-16-4308,4,0,2015-06-08,7,yes,,
10675,16,local,lgu,HB-16-4769,3,2,2015-06-01,7,,,
10676,16,national,national,HB-16-5115; SB-16-2226,6,0,2014-06-02,1,,,
10677,16,local,hospital,HB-16-31; SB-16-2481,3,0,2015-05-25,7,,,
10678,16,local,hospital,HB-16-67; SB-16-2655,4,0,2015-05-25,7,,,
10679,16,national,national,HB-16-5603; SB-16-2212,10,1,2014-07-30,5,,,
10680,16,local,office,HB-16-4292,3,1,2015-06-08,7,yes,,
10681,16,local,office,HB-16-4461,3,0,2015-06-08,7,yes,,
10682,16,local,office,HB-16-4605,3,0,2015-06-08,7,yes,,
10683,16,local,office,HB-16-4307,3,0,2015-06-08,7,yes,,
10684,16,local,district,HB-16-4427,3,1,2015-07-28,18,,,
10685,16,private,citizenship,HB-16-4537,4,1,2015-06-01,7,,,
10686,16,local,other_local,HB-16-586,3,1,2015-06-08,7,,,
10687,16,national,national,HB-16-4591; SB-16-2679,9,1,2015-05-25,7,,,
10688,16,national,national,HB-16-5014; SB-16-2103,3,0,2014-09-08,3,,,
10689,16,national,commemoration,HB-16-4420,3,0,2015-07-28,18,,,
10690,16,national,national,HB-16-5707; SB-16-2055,5,1,2014-09-08,3,,,
10691,16,national,national,HB-16-4275; SB-16-1386,7,1,2015-05-25,7,,,
10692,16,national,national,HB-16-4397; SB-16-2834,5,1,2015-08-17,3,,,
10693,16,national,national,HB-16-5217; SB-16-2752,6,1,2015-08-10,1,,,
10694,16,local,court,HB-16-2409,3,0,2015-07-28,18,yes,,
10695,16,local,court,HB-16-4494,3,0,2015-07-28,18,yes,,
10696,16,local,court,HB-16-2260,3,0,2015-07-28,18,yes,,
10697,16,national,national,HB-16-5822; SB-16-2762,4,1,2015-08-17,3,,,
10698,16,national,national,HB-16-5535; SB-16-2482,5,0,2015-08-17,3,,,
10699,16,national,national,HB-16-5912; SB-16-2898,4,0,2015-08-24,2,,,
10700,16,local,court,HB-16-1771,3,0,2015-07-28,18,yes,,
10701,16,local,court,HB-16-1980,3,0,2015-07-28,18,yes,,
10702,16,local,court,HB-16-2094,3,0,2015-07-28,18,yes,,
10703,16,local,court,HB-16-2739,3,0,2015-07-28,18,yes,,
10704,16,local,court,HB-16-3396,3,0,2015-07-28,18,yes,,
10705,16,local,court,HB-16-2186,3,0,2015-07-28,18,yes,,
10706,16,national,national,HB-16-5268; SB-16-2835,5,0,2015-09-21,3,,,
10707,16,national,national,HB-16-4147; SB-16-2280,5,0,2015-05-04,2,,,
10708,16,national,national,HB-16-5831; SB-16-2669,6,1,2015-06-08,7,,,
10709,16,national,national,HB-16-4660,3,1,2015-08-24,2,,,
10710,16,local,court,HB-16-159,3,0,2015-07-28,18,yes,,
10711,16,local,court,HB-16-606,3,0,2015-07-28,18,yes,,
10712,16,local,court,HB-16-2701,3,0,2015-07-28,18,yes,,
10713,16,local,court,HB-16-4483,3,0,2015-07-28,18,yes,,
10714,16,local,court,HB-16-4484,3,1,2015-07-28,18,yes,,
10715,16,local,court,HB-16-4491,3,0,2015-07-28,18,yes,,
10716,16,local,school,HB-16-1841,3,0,2015-10-05,9,,,
10717,16,national,appropriation,HB-16-6132,4,0,2015-11-26,1,,,
10718,16,local,school,HB-16-766,3,0,2015-10-06,10,yes,,
10719,16,local,school,HB-16-1268,3,0,2015-10-06,10,yes,,
10720,16,local,school,HB-16-3233,3,0,2015-10-06,10,yes,,
10721,16,local,school,HB-16-3652,3,0,2015-10-06,10,yes,,
10722,16,local,school,HB-16-4263,3,0,2015-10-07,7,yes,,
10723,16,local,school,HB-16-4291,3,0,2015-10-06,10,yes,,
10724,16,local,school,HB-16-2081,3,0,2015-10-06,10,yes,,
10725,16,local,school,HB-16-3232,3,0,2015-10-05,9,yes,,
10726,16,local,school,HB-16-4367,3,0,2015-10-06,10,yes,,
10727,16,local,school,HB-16-4631,3,0,2015-10-07,7,yes,,
10728,16,local,school,HB-16-4918,3,0,2015-10-06,10,yes,,
10729,16,local,school,HB-16-5055,3,0,2015-10-06,10,yes,,
10730,16,local,school,HB-16-4262,3,0,2015-10-05,9,yes,,
10731,16,local,school,HB-16-4853,3,0,2015-10-05,9,yes,,
10732,16,local,school,HB-16-4920,3,0,2015-10-05,9,yes,,
10733,16,local,school,HB-16-3154,3,0,2015-10-05,9,yes,,
10734,16,local,school,HB-16-3653,3,0,2015-10-07,7,yes,,
10735,16,local,school,HB-16-3654,3,0,2015-10-07,7,yes,,
10736,16,local,school,HB-16-4287,3,0,2015-10-07,7,yes,,
10737,16,local,school,HB-16-4288,3,0,2015-10-07,7,yes,,
10738,16,local,school,HB-16-4854,3,0,2015-10-07,7,yes,,
10739,16,local,court,HB-16-1772,3,0,2015-07-28,18,yes,,
10740,16,local,school,HB-16-4921,3,0,2015-10-06,10,yes,,
10741,16,national,national,HB-16-5306; SB-16-2837,4,0,2015-09-21,3,,,
10742,16,national,national,HB-16-6043; SB-16-2401,6,0,2015-02-09,1,,,
10743,16,national,commemoration,HB-16-4148; SB-16-510,3,0,2015-05-18,1,,,
10744,16,national,national,HB-16-6007; SB-16-2909,5,0,2015-10-05,9,,,
10745,16,national,national,HB-16-5587; SB-16-2622,5,1,2015-03-02,2,,,
10746,16,local,school,HB-16-438,3,0,2015-12-07,10,,,
10747,16,national,national,HB-16-5973; SB-16-2990,4,0,2015-12-14,21,,,
10748,16,local,school,HB-16-439,3,0,2015-12-07,10,,,
10749,16,local,school,HB-16-440,3,0,2015-12-07,10,,,
10750,16,local,school,HB-16-4008,3,0,2015-12-07,10,,,
10751,16,local,school,HB-16-4009,3,1,2015-12-07,10,,,
10752,16,national,national,HB-16-5588; SB-16-3004,3,0,2015-12-14,21,,,
10753,16,private,franchise,HB-16-5532,3,0,2015-12-07,10,yes,,
10754,16,national,national,HB-16-1039; SB-16-2890,6,1,2015-09-01,1,,,
10755,16,national,national,HB-16-2729; SB-16-2693,3,0,2015-12-14,21,,,
10756,16,national,national,HB-16-5412; SB-16-2178,3,0,2016-01-25,6,,,
10757,16,national,national,HB-16-4271; SB-16-2836,3,0,2015-12-14,21,,,
10758,16,local,office,HB-16-216,3,0,2016-01-19,18,yes,,
10759,16,local,office,HB-16-273,3,0,2016-01-19,18,yes,,
10760,16,local,office,HB-16-577,3,0,2016-01-19,18,yes,,
10761,16,local,office,HB-16-1246,3,0,2016-01-19,18,yes,,
10762,16,local,office,HB-16-2716,3,0,2016-01-19,18,yes,,
10763,16,local,office,HB-16-4404,3,0,2016-01-19,18,yes,,
10764,16,local,office,HB-16-4421,3,0,2016-01-19,18,yes,,
10765,16,local,office,HB-16-5085,3,0,2016-01-19,18,yes,,
10766,16,national,national,HB-16-6412; SB-16-3153,2,0,2016-02-01,31,,,
10767,16,national,national,HB-16-5042; SB-16-2653,3,1,2016-01-18,14,,,
10768,16,local,holiday,HB-16-4798,2,0,2015-12-14,21,yes,,
10769,16,local,office,HB-16-2095,3,0,2016-01-19,18,yes,,
10770,16,local,hospital,HB-16-5276; SB-16-2767,3,0,2016-01-25,6,,,
10771,16,national,national,HB-16-6100; SB-16-3092,3,0,2016-02-01,31,,,
10772,16,private,franchise,HB-16-5226,3,0,2015-12-07,10,yes,,
10773,16,private,franchise,HB-16-5227,3,0,2015-12-07,10,yes,,
10774,16,local,holiday,HB-16-3964,2,0,2015-12-14,21,yes,,
10775,16,local,holiday,HB-16-3968,2,0,2015-12-14,21,yes,,
10776,16,local,holiday,HB-16-4565,2,0,2015-12-14,21,yes,,
10777,16,local,holiday,HB-16-4799,2,0,2015-12-14,21,yes,,
10778,16,local,school,HB-16-5366,2,0,2016-02-02,35,yes,,
10779,16,local,school,HB-16-5386,2,0,2016-02-02,35,yes,,
10780,16,local,school,HB-16-5606,2,0,2016-02-02,35,yes,,
10781,16,local,office,HB-16-540,3,0,2016-01-19,18,yes,,
10782,16,local,office,HB-16-696,3,0,2016-01-19,18,yes,,
10783,16,local,office,HB-16-3217,3,0,2016-01-19,18,yes,,
10784,16,local,office,HB-16-4784,3,0,2016-01-19,18,yes,,
10785,16,local,other_local,HB-16-2360,3,0,2015-11-23,1,,,
10786,16,national,commemoration,HB-16-5307,3,0,2016-01-25,6,,,
10787,16,local,office,HB-16-5645,3,0,2016-02-01,31,yes,,
10788,16,local,holiday,HB-16-3962,2,0,2015-12-14,21,yes,,
10789,16,national,national,HB-16-4133; SB-16-129,4,0,2015-12-14,21,,,
10790,16,private,franchise,HB-16-5391,3,0,2015-12-07,10,yes,,
10791,16,local,school,HB-16-5668,2,0,2016-02-02,35,yes,,
10792,16,private,franchise,HB-16-4507,3,0,2016-01-18,14,yes,,
10793,16,private,franchise,HB-16-5582,3,0,2016-01-18,14,yes,,
10794,16,private,franchise,HB-16-5982,3,0,2016-01-18,14,yes,,
10795,16,private,franchise,HB-16-5591,3,0,2016-01-18,14,yes,,
10796,16,national,commemoration,HB-16-844,2,0,2016-02-02,35,,,
10797,16,local,college,HB-16-5953,2,0,2016-02-02,35,yes,,
10798,16,local,office,HB-16-2028,3,0,2016-01-19,18,yes,,
10799,16,local,office,HB-16-2606,3,0,2016-01-19,18,yes,,
10800,16,local,college,HB-16-6212,2,0,2016-02-02,35,yes,,
10801,16,national,national,HB-16-4990; SB-16-2955,4,0,2016-01-25,6,,,
10802,16,local,holiday,HB-16-3945,2,0,2015-12-14,21,yes,,
10803,16,local,holiday,HB-16-3969,2,0,2015-12-14,21,yes,,
10804,16,local,holiday,HB-16-3973,2,0,2015-12-14,21,yes,,
10805,16,local,holiday,HB-16-4646,2,0,2015-12-14,21,yes,,
10806,16,local,holiday,HB-16-4797,2,0,2015-12-14,21,yes,,
10807,16,local,holiday,HB-16-5552,2,0,2015-12-14,21,yes,,
10808,16,local,school,HB-16-834,2,0,2016-02-02,35,yes,,
10809,16,local,school,HB-16-5360,2,0,2016-02-02,35,yes,,
10810,16,local,school,HB-16-5363,2,0,2016-02-02,35,yes,,
10811,16,local,school,HB-16-5873,2,0,2016-02-02,35,yes,,
10812,16,local,school,HB-16-6155,2,0,2016-02-02,35,yes,,
10813,16,local,office,HB-16-5651,3,0,2016-02-01,31,yes,,
10814,16,local,holiday,HB-16-103,2,0,2015-12-14,21,yes,,
10815,16,local,office,HB-16-6131,2,0,2016-02-01,31,yes,,
10816,16,national,national,HB-16-5299; SB-16-3002,4,1,2015-12-14,21,,,
10817,16,national,national,HB-16-6347; SB-16-2831,4,0,2015-09-21,3,,,
10818,16,private,franchise,HB-16-5531,3,1,2015-12-07,10,yes,,
10819,16,private,franchise,HB-16-5592,3,0,2016-01-18,14,yes,,
10820,16,private,franchise,HB-16-5940,3,0,2016-01-18,14,yes,,
10821,16,national,national,HB-16-5285; SB-16-3034,3,0,2016-02-01,31,,,
10822,16,private,franchise,HB-16-5154,3,0,2016-01-18,14,yes,,
10823,16,local,school,HB-16-2297,2,0,2016-02-02,35,yes,,
10824,16,local,school,HB-16-5568,2,0,2016-02-02,35,yes,,
10825,16,local,other_local,HB-16-4432,3,0,2016-02-01,31,yes,,
10826,16,local,office,HB-16-5652,3,0,2016-02-01,31,yes,,
10827,16,local,office,HB-16-2592,3,0,2016-01-19,18,yes,,
10828,16,local,office,HB-16-5825,3,0,2016-01-19,18,yes,,
10829,16,local,school,HB-16-604,2,0,2016-02-02,35,yes,,
10830,16,local,school,HB-16-4261,3,0,2015-10-05,9,yes,,
10831,16,local,school,HB-16-4290,2,0,2016-02-02,35,yes,,
10832,16,local,school,HB-16-4368,2,0,2016-02-02,35,yes,,
10833,16,local,school,HB-16-4917,2,0,2016-02-02,35,yes,,
10834,16,local,school,HB-16-5362,2,0,2016-02-02,35,yes,,
10835,16,local,school,HB-16-5364,2,0,2016-02-02,35,yes,,
10836,16,local,school,HB-16-5365,2,0,2016-02-02,35,yes,,
10837,16,local,school,HB-16-5384,2,0,2016-02-02,35,yes,,
10838,16,local,school,HB-16-5445,2,0,2016-02-02,35,yes,,
10839,16,local,school,HB-16-5573,2,0,2016-02-02,35,yes,,
10840,16,local,school,HB-16-5574,2,0,2016-02-02,35,yes,,
10841,16,local,school,HB-16-5669,2,0,2016-02-02,35,yes,,
10842,16,local,school,HB-16-5863,2,0,2016-02-02,35,yes,,
10843,16,local,school,HB-16-5960,2,0,2016-02-02,35,yes,,
10844,16,national,national,HB-16-6198; SB-16-2686,6,2,2015-06-01,7,,,
10845,16,national,national,HB-16-6380; SB-16-2923,5,0,2015-10-05,9,,,
10846,16,national,national,HB-16-6020; SB-16-2976,4,1,2015-12-14,21,,,
10847,16,national,national,HB-16-5549; SB-16-3024,3,0,2016-02-01,31,,,
10848,16,national,national,HB-16-6162; SB-16-2951,7,1,2016-01-18,14,,,
10849,16,local,college,HB-16-1847,2,0,2016-02-02,35,yes,,
10850,16,local,office,HB-16-2188,3,0,2016-01-19,18,yes,,
10851,16,local,school,HB-16-4632,2,0,2016-02-02,35,yes,,
10852,16,local,school,HB-16-5385,2,0,2016-02-02,35,yes,,
10853,16,local,school,HB-16-5670,2,0,2016-02-02,35,yes,,
10854,16,local,school,HB-16-5961,2,0,2016-02-02,35,yes,,
10855,16,local,school,HB-16-3819,2,0,2016-02-02,35,yes,,
10856,16,local,office,HB-16-1948,3,0,2016-02-01,31,yes,,
10857,16,local,land,HB-16-4458,3,0,2016-02-01,31,yes,,
10858,16,local,office,HB-16-5650,3,0,2016-02-01,31,yes,,
10859,16,local,office,HB-16-6085,3,0,2016-02-01,31,yes,,
10860,16,local,office,HB-16-6086,3,0,2016-02-01,31,yes,,
10861,16,local,other_local,HB-16-6088,3,0,2016-02-01,31,yes,,
10862,16,national,national,HB-16-6077; SB-16-2582,5,1,2016-02-01,31,,,
10863,16,national,national,HB-16-5525; SB-16-2968,7,0,2016-01-18,14,,,
10864,16,national,national,HB-16-5713; SB-16-2987,5,0,2015-12-14,21,,,
10865,16,local,hospital,HB-16-5746,3,0,2016-05-30,3,,,
10866,16,local,office,HB-16-6152,2,0,2016-05-23,26,,,
10867,16,local,school,HB-16-5855; SB-16-2950,5,1,2016-01-25,6,,,
10868,16,national,national,HB-16-5780; SB-16-449,3,0,2016-05-23,26,,,
10869,16,local,school,HB-16-6415; SB-16-3091,3,0,2016-02-01,31,,,
10870,16,national,national,HB-16-5417,3,0,2016-02-01,31,,,
10871,16,national,national,HB-16-6204; SB-16-3204,3,0,2016-05-23,26,,,
10872,16,local,school,HB-16-2817,3,0,2016-05-23,26,,,
10873,16,local,school,HB-16-3219,2,0,2016-02-01,31,yes,,
10874,16,local,school,HB-16-3220,2,0,2016-02-01,31,yes,,
10875,16,local,school,HB-16-4366,3,0,2016-05-30,3,,,
10876,16,local,school,HB-16-5406,2,0,2016-02-01,31,yes,,
10877,16,local,school,HB-16-5446,2,0,2016-02-01,31,yes,,
10878,16,national,national,HB-16-3785,3,0,2016-02-01,31,,,
10879,16,national,national,HB-16-5511,3,0,2016-05-23,26,,,
10880,16,local,court,HB-16-3145,3,0,2016-05-23,26,yes,,
10881,16,national,national,HB-16-6395; SB-16-3023,5,0,2016-01-18,14,,,
10882,16,national,national,HB-16-772,3,0,2016-02-01,31,,,
10883,16,national,national,HB-16-4544; SB-16-2794,3,1,2016-05-23,26,,,
10884,16,national,national,HB-16-4116; SB-16-2947,4,0,2016-01-25,6,,,
10885,16,private,franchise,HB-16-6313,3,0,2016-05-23,26,yes,,
10886,16,private,franchise,HB-16-6193,3,0,2016-05-23,26,yes,,
10887,16,private,franchise,HB-16-6168,3,0,2016-05-23,26,yes,,
10888,16,private,franchise,HB-16-6053,3,0,2016-05-23,26,yes,,
10889,16,private,franchise,HB-16-6038,3,0,2016-02-01,31,yes,,
10890,16,private,franchise,HB-16-5571,3,0,2016-02-01,31,yes,,
10891,16,private,franchise,HB-16-2185,3,0,2016-05-23,26,yes,,
10892,16,private,franchise,HB-16-5570,2,0,2016-06-06,2,,,
10893,16,private,franchise,HB-16-5583,3,0,2016-02-01,31,yes,,
10894,16,private,franchise,HB-16-5601,3,0,2016-05-23,26,yes,,
10895,16,private,franchise,HB-16-5844,3,0,2016-02-01,31,yes,,
10896,16,private,franchise,HB-16-5859,3,0,2016-05-23,26,yes,,
10897,16,private,franchise,HB-16-6003,3,0,2016-05-23,26,yes,,
10898,16,private,franchise,HB-16-6005,3,0,2016-05-23,26,yes,,
10899,16,private,franchise,HB-16-6011,3,0,2016-05-23,26,yes,,
10900,16,private,franchise,HB-16-6012,3,0,2016-01-18,14,yes,,
10901,16,private,franchise,HB-16-6021,3,0,2016-05-23,26,yes,,
10902,16,private,franchise,HB-16-6312,3,0,2016-05-23,26,yes,,
10903,16,private,franchise,HB-16-6314,3,0,2016-05-23,26,yes,,
10904,16,private,franchise,HB-16-6315,3,0,2016-05-23,26,yes,,
10905,16,national,national,HB-16-925; SB-16-2239; SB-16-2581,8,1,2016-05-23,26,,,
10906,16,national,national,HB-16-5572; SB-16-3209,3,0,2016-05-23,26,,,
10907,16,local,office,,,,,,,,
10908,16,national,national,HB-16-4832; SB-16-3205,3,0,2016-05-23,26,,,
10909,16,national,national,HB-16-4730; SB-16-1618,4,0,2016-02-02,35,,,
10910,16,national,national,HB-16-4146; SB-16-2422,3,0,2015-05-25,7,,,
10911,16,national,national,HB-16-6418; SB-16-29,6,1,2016-05-23,26,,,
10912,16,national,national,HB-16-6423; SB-16-2581,4,0,2015-08-03,1,,,
10913,16,national,national,HB-16-4531; SB-16-3211,3,0,2016-05-30,3,,,
10914,16,private,citizenship,HB-16-5560,2,0,2016-06-06,2,,,
10915,16,national,national,HB-16-6421; SB-16-2434,5,1,2015-02-16,1,,,
10916,16,national,national,HB-16-5911; SB-16-2999,4,0,2016-01-18,14,,,
10917,16,national,national,HB-16-6414; SB-16-3090,3,0,2016-02-01,31,,,
10918,16,national,national,HB-16-5616; SB-16-2436,5,0,2015-03-02,2,,,
10919,16,local,college,HB-16-6144,3,0,2016-05-23,26,,,
10920,16,local,school,HB-16-3222,2,0,2016-02-01,31,yes,,
10921,16,local,school,HB-16-3223,2,0,2016-02-01,31,yes,,
10922,16,national,national,HB-16-5452; SB-16-2779,2,0,2016-01-18,14,,,
10923,17,national,national,HB-17-3504; SB-17-1112,5,2,2016-09-13,1,,,
10924,17,national,appropriation,HB-17-3408,9,6,2016-11-28,1,,,
10925,17,private,franchise,HB-17-4631,7,1,2017-03-13,5,,,
10926,17,private,franchise,HB-17-4637,5,1,2017-03-13,5,,,
10927,17,national,national,HB-17-5663; SB-17-1468,2,1,2017-05-30,19,,,
10928,17,national,national,HB-17-4767; SB-17-1365,4,1,2017-05-15,6,,,
10929,17,national,national,HB-17-5225; SB-17-1277,9,3,2017-03-13,5,,,
10930,17,national,national,HB-17-5648; SB-17-1449,7,1,2017-05-30,19,,,
10931,17,national,national,HB-17-5633; SB-17-1304,9,4,2017-03-13,5,,,
10932,17,local,hospital,HB-17-5159; SB-17-1353,4,0,2017-05-15,6,,,
10933,17,local,lgu,HB-17-937,3,0,2017-05-15,6,yes,,
10934,17,local,lgu,HB-17-938,3,0,2017-05-15,6,yes,,
10935,17,local,lgu,HB-17-4402,3,0,2017-05-15,6,yes,,
10936,17,local,lgu,HB-17-4682,4,1,2017-05-08,1,yes,,
10937,17,local,office,HB-17-4848,3,1,2017-05-30,19,yes,,
10938,17,local,office,HB-17-4850,3,1,2017-05-30,19,yes,,
10939,17,local,office,HB-17-4851,3,1,2017-05-30,19,yes,,
10940,17,local,office,HB-17-4852,3,1,2017-05-30,19,yes,,
10941,17,local,office,HB-17-4853,3,1,2017-05-30,19,yes,,
10942,17,local,office,HB-17-4854,3,1,2017-05-30,19,yes,,
10943,17,local,office,HB-17-4855,3,1,2017-05-30,19,yes,,
10944,17,local,office,HB-17-4856,3,1,2017-05-30,19,yes,,
10945,17,local,office,HB-17-4857,3,0,2017-05-30,19,yes,,
10946,17,local,office,HB-17-4858,3,1,2017-05-30,19,yes,,
10947,17,local,office,HB-17-4859,3,1,2017-05-30,19,yes,,
10948,17,local,office,HB-17-4860,3,1,2017-05-30,19,yes,,
10949,17,local,office,HB-17-4861,3,1,2017-05-30,19,yes,,
10950,17,local,office,HB-17-4862,3,1,2017-05-30,19,yes,,
10951,17,national,national,HB-17-5513; SB-17-14,5,0,2017-05-02,3,,,
10952,17,national,national,HB-17-6308; SB-17-1584,3,1,2017-09-20,1,,yes,senate record
10953,17,local,lgu,HB-17-4923,3,0,2017-08-14,14,yes,,
10954,17,local,lgu,HB-17-4924,3,0,2017-08-14,14,yes,,
10955,17,local,lgu,HB-17-4925,3,0,2017-08-14,14,yes,,
10956,17,local,lgu,HB-17-4937,3,0,2017-08-14,14,yes,,
10957,17,local,lgu,HB-17-4940,3,0,2017-08-14,14,yes,,
10958,17,local,lgu,HB-17-4943,3,0,2017-08-14,14,yes,,
10959,17,local,lgu,HB-17-2924,3,0,2017-08-14,14,yes,,
10960,17,local,lgu,HB-17-4934,3,0,2017-08-14,14,yes,,
10961,17,local,lgu,HB-17-4941,3,0,2017-08-14,14,yes,,
10962,17,national,national,HB-17-6016; SB-17-1466,6,1,2017-08-14,14,,,
10963,17,national,national,HB-17-5636; SB-17-1592,11,7,2017-11-28,1,,yes,senate record
10964,17,national,appropriation,HB-17-6215,9,6,2017-11-29,1,,,
10965,17,local,school,HB-17-5235,2,0,2017-12-11,39,yes,,
10966,17,national,national,HB-17-5241,3,0,2017-12-11,39,,,
10967,17,local,lgu,HB-17-4942,3,0,2017-08-14,14,yes,,
10968,17,national,national,HB-17-6572; SB-17-1456,3,0,2017-12-11,39,,,
10969,17,national,national,HB-17-5670; SB-17-1465,5,1,2017-07-25,2,,,
10970,17,national,commemoration,HB-17-6136; SB-17-209,3,0,2017-03-13,5,,,
10971,17,local,lgu,HB-17-4938,3,0,2017-08-14,14,yes,,
10972,17,private,franchise,HB-17-5177,6,1,2017-08-22,9,,,
10973,17,national,national,HB-17-4863; SB-17-1239,6,2,2017-01-30,1,,,
10974,17,private,franchise,HB-17-5176,7,1,2017-08-22,9,,,
10975,17,local,school,HB-17-400,3,0,2017-12-11,39,yes,,
10976,17,local,school,HB-17-2506,2,0,2017-12-11,39,yes,,
10977,17,local,school,HB-17-4524,4,0,2017-12-11,39,yes,,
10978,17,local,school,HB-17-5755,2,0,2017-12-11,39,yes,,
10979,17,local,school,HB-17-5803,2,0,2017-12-11,39,yes,,
10980,17,local,school,HB-17-6081,2,0,2017-12-11,39,yes,,
10981,17,local,school,HB-17-6099,2,0,2017-12-11,39,yes,,
10982,17,local,school,HB-17-3438,2,0,2017-12-11,39,yes,,
10983,17,local,school,HB-17-4597,4,1,2017-12-11,39,yes,,
10984,17,local,school,HB-17-4598,4,0,2017-12-11,39,yes,,
10985,17,local,school,HB-17-4599,3,0,2017-12-11,39,yes,,
10986,17,local,school,HB-17-5052,3,0,2017-12-11,39,yes,,
10987,17,local,school,HB-17-5183,3,0,2017-12-11,39,yes,,
10988,17,local,school,HB-17-5757,2,0,2017-12-11,39,yes,,
10989,17,local,school,HB-17-6101,2,0,2017-12-11,39,yes,,
10990,17,local,school,HB-17-2507,2,0,2017-12-11,39,yes,,
10991,17,local,school,HB-17-2508,2,0,2017-12-11,39,yes,,
10992,17,local,school,HB-17-4469,4,1,2017-12-11,39,yes,,
10993,17,local,school,HB-17-5550,2,0,2017-12-11,39,yes,,
10994,17,local,school,HB-17-5754,2,0,2017-12-11,39,yes,,
10995,17,local,school,HB-17-5756,2,0,2017-12-11,39,yes,,
10996,17,local,school,HB-17-5758,2,0,2017-12-11,39,yes,,
10997,17,local,school,HB-17-6100,2,0,2017-12-11,39,yes,,
10998,17,local,school,HB-17-6103,2,0,2017-12-11,39,yes,,
10999,17,private,franchise,HB-17-4636,6,1,2017-08-22,9,,,
11000,17,private,franchise,HB-17-5064,6,1,2017-08-22,9,,,
11001,17,private,franchise,HB-17-5212,7,1,2017-08-22,9,,,
11002,17,private,franchise,HB-17-5063,6,1,2017-08-22,9,,,
11003,17,private,franchise,HB-17-5175,7,1,2017-08-22,9,,,
11004,17,private,franchise,HB-17-5211,7,1,2017-08-22,9,,,
11005,17,local,college,HB-17-2737,4,1,2017-12-11,39,yes,,
11006,17,local,college,HB-17-3179,4,1,2017-12-11,39,yes,,
11007,17,local,school,HB-17-5051,3,0,2017-12-11,39,yes,,
11008,17,local,college,HB-17-5146,4,1,2017-12-11,39,yes,,
11009,17,local,college,HB-17-5147,4,1,2017-12-11,39,yes,,
11010,17,local,college,HB-17-5150,4,1,2017-12-11,39,yes,,
11011,17,local,college,HB-17-5151,4,1,2017-12-11,39,yes,,
11012,17,local,college,HB-17-5148,4,1,2017-12-11,39,yes,,
11013,17,local,college,HB-17-5149,4,1,2017-12-11,39,yes,,
11014,17,national,national,HB-17-477,3,1,2018-01-29,2,,,
11015,17,local,college,HB-17-6523,3,0,2018-02-19,22,yes,,
11016,17,local,school,HB-17-5578,3,0,2018-02-19,22,yes,,
11017,17,local,school,HB-17-6102,3,0,2018-02-19,22,yes,,
11018,17,local,school,HB-17-6104,3,0,2018-02-19,22,yes,,
11019,17,local,college,HB-17-6186,3,0,2018-02-19,22,yes,,
11020,17,local,school,HB-17-6522,3,0,2018-02-19,22,yes,,
11021,17,local,school,,,,,,,,
11022,17,local,school,HB-17-6529,3,0,2018-02-19,22,yes,,
11023,17,local,school,HB-17-6530,3,0,2018-02-19,22,yes,,
11024,17,local,school,HB-17-6531,3,0,2018-02-19,22,yes,,
11025,17,local,school,HB-17-6532,3,0,2018-02-19,22,yes,,
11026,17,local,school,HB-17-6533,3,0,2018-02-19,22,yes,,
11027,17,local,school,HB-17-6534,3,0,2018-02-19,22,yes,,
11028,17,local,school,HB-17-6535,3,0,2018-02-19,22,yes,,
11029,17,local,school,HB-17-6607,3,0,2018-02-19,22,yes,,
11030,17,local,lgu,HB-17-4927,3,0,2017-08-14,14,yes,,
11031,17,local,school,HB-17-6608,3,0,2018-02-19,22,yes,,
11032,17,national,national,HB-17-6579; SB-17-1311,10,2,2017-08-22,9,,,
11033,17,local,college,HB-17-7007; SB-17-1617,4,0,2018-02-19,22,yes,,
11034,17,local,road,HB-17-4660,2,1,2018-03-12,16,yes,,
11035,17,national,national,HB-17-5792; SB-17-1533,5,1,2017-11-27,2,,,
11036,17,national,national,HB-17-6452; SB-17-1354,5,0,2017-05-02,3,,,
11037,17,local,school,HB-17-5269; SB-17-1279,8,1,2018-02-05,4,,,
11038,17,national,national,HB-17-6772; SB-17-1444,5,1,2017-05-22,2,,,
11039,17,national,national,HB-17-7054; SB-17-1461,7,1,2017-09-25,1,,,
11040,17,local,holiday,HB-17-6782; SB-17-108,5,2,2018-02-19,22,,,
11041,17,local,road,HB-17-833,2,1,2018-03-12,16,yes,,
11042,17,local,road,HB-17-1425,2,1,2018-03-12,16,yes,,
11043,17,local,road,HB-17-2656,2,1,2018-03-12,16,yes,,
11044,17,local,road,HB-17-2785,2,1,2018-03-12,16,yes,,
11045,17,local,road,HB-17-4782,2,1,2018-03-12,16,yes,,
11046,17,local,road,HB-17-4947,2,1,2018-03-12,16,yes,,
11047,17,local,road,HB-17-5001,2,1,2018-03-12,16,yes,,
11048,17,local,road,HB-17-5002,2,1,2018-03-12,16,yes,,
11049,17,local,road,HB-17-5123,2,1,2018-03-12,16,yes,,
11050,17,local,road,HB-17-5356,2,1,2018-03-12,16,yes,,
11051,17,local,road,HB-17-5643,2,1,2018-03-12,16,yes,,
11052,17,national,national,HB-17-6714; SB-17-1269,3,0,2017-01-23,1,,,
11053,17,national,national,HB-17-6573; SB-17-1662,5,1,2018-02-12,1,,,
11054,17,national,national,HB-17-6475; SB-17-1717,14,10,2018-05-30,1,,yes,senate record
11055,17,national,national,HB-17-6221; SB-17-1738,5,1,2018-03-19,2,,,
11056,17,local,college,HB-17-6915; SB-17-1103,5,0,2017-12-11,39,yes,,
11057,17,national,national,HB-17-6907; SB-17-1459,6,1,2018-05-28,24,,,
11058,17,national,national,HB-17-64; SB-17-1317,7,2,2018-02-19,22,,,
11059,17,national,national,HB-17-6578; SB-17-1762,4,0,2018-05-28,24,,,
11060,17,local,school,HB-17-6603,3,0,2018-05-28,24,yes,,
11061,17,local,road,HB-17-2708,2,1,2018-03-12,16,yes,,
11062,17,local,office,HB-17-1875,3,0,2018-05-28,24,yes,,
11063,17,local,office,HB-17-3188,3,0,2018-05-28,24,yes,,
11064,17,local,road,HB-17-4946,2,1,2018-03-12,16,yes,,
11065,17,local,office,HB-17-927,3,0,2018-05-28,24,yes,,
11066,17,local,office,HB-17-3169,3,0,2018-05-28,24,yes,,
11067,17,local,office,HB-17-3986,3,0,2018-05-28,24,yes,,
11068,17,local,office,HB-17-4166,3,0,2018-05-28,24,yes,,
11069,17,local,district,HB-17-5367,3,0,2018-03-05,3,,,
11070,17,local,school,HB-17-6602,3,0,2018-05-28,24,yes,,
11071,17,local,school,HB-17-6917,3,0,2018-05-28,24,yes,,
11072,17,local,school,HB-17-6918,3,0,2018-05-28,24,yes,,
11073,17,local,school,HB-17-6919,3,0,2018-05-28,24,yes,,
11074,17,local,school,HB-17-6920,3,0,2018-05-28,24,yes,,
11075,17,local,school,HB-17-6921,3,0,2018-05-28,24,yes,,
11076,17,local,school,HB-17-6971,3,0,2018-05-28,24,yes,,
11077,17,local,district,HB-17-7522,3,0,2018-08-28,8,,,
11078,17,local,district,HB-17-990,3,0,2018-08-14,13,,,
11079,17,local,college,HB-17-6031,4,0,2018-05-28,24,yes,,
11080,17,local,district,HB-17-7778,3,0,2018-09-03,10,,,
11081,17,local,hospital,HB-17-2849,3,0,2018-07-24,18,yes,,
11082,17,local,hospital,HB-17-4274,3,0,2018-07-24,18,yes,,
11083,17,local,hospital,HB-17-6389,3,0,2018-07-24,18,yes,,
11084,17,local,hospital,HB-17-6619,3,0,2018-07-24,18,yes,,
11085,17,local,hospital,HB-17-6711,3,0,2018-07-24,18,yes,,
11086,17,local,lgu,HB-17-5160,3,0,2018-03-19,2,,,
11087,17,local,hospital,HB-17-6742,3,0,2018-08-07,6,yes,,
11088,17,local,college,HB-17-6203,4,0,2018-02-19,22,yes,,
11089,17,private,franchise,HB-17-6314,4,0,2018-05-28,24,yes,,
11090,17,local,school,HB-17-7175,3,0,2018-08-14,13,yes,,
11091,17,local,school,HB-17-7176,3,0,2018-08-14,13,yes,,
11092,17,local,school,HB-17-7177,3,0,2018-08-14,13,yes,,
11093,17,local,school,HB-17-7178,3,0,2018-08-14,13,yes,,
11094,17,local,school,HB-17-7240,3,0,2018-08-14,13,yes,,
11095,17,local,school,HB-17-7241,3,0,2018-08-14,13,yes,,
11096,17,local,school,HB-17-7242,3,0,2018-08-14,13,yes,,
11097,17,local,school,HB-17-7243,3,0,2018-08-14,13,yes,,
11098,17,local,college,HB-17-6995,3,0,2018-08-14,13,yes,,
11099,17,private,franchise,HB-17-5349,4,0,2018-05-28,24,yes,,
11100,17,local,holiday,HB-17-5202,3,0,2018-09-03,10,yes,,
11101,17,local,holiday,HB-17-5259,3,0,2018-09-03,10,yes,,
11102,17,local,hospital,HB-17-5881; SB-17-1586,3,0,2018-07-24,18,yes,,
11103,17,local,hospital,HB-17-5880,3,0,2018-07-24,18,yes,,
11104,17,local,hospital,HB-17-6114,3,0,2018-08-07,6,yes,,
11105,17,local,office,HB-17-6155,2,0,2018-09-03,10,yes,,
11106,17,national,national,HB-17-7503; SB-17-1455,4,0,2018-08-28,8,,,
11107,17,local,hospital,HB-17-6521; SB-17-1649,3,0,2018-07-24,18,yes,,
11108,17,local,hospital,HB-17-6551; SB-17-1654,3,0,2018-07-24,18,yes,,
11109,17,private,franchise,HB-17-4136,4,0,2018-05-28,24,yes,,
11110,17,private,franchise,HB-17-5635,4,0,2018-05-28,24,yes,,
11111,17,private,franchise,HB-17-5716,4,0,2018-05-28,24,yes,,
11112,17,local,lgu,HB-17-1926,3,1,2018-03-05,3,,,
11113,17,local,holiday,HB-17-622,3,0,2018-09-10,10,yes,,
11114,17,local,holiday,HB-17-705,3,1,2018-09-10,10,yes,,
11115,17,local,holiday,HB-17-1928,3,1,2018-09-10,10,yes,,
11116,17,local,holiday,HB-17-5173,3,0,2018-09-10,10,yes,,
11117,17,local,holiday,,,,,,,,
11118,17,local,holiday,HB-17-5262,3,0,2018-09-03,10,yes,,
11119,17,local,holiday,HB-17-5552,3,0,2018-09-10,10,yes,,
11120,17,local,holiday,HB-17-5553,3,0,2018-08-28,8,yes,,
11121,17,local,holiday,HB-17-5566,3,0,2018-09-10,10,yes,,
11122,17,local,holiday,HB-17-5688,3,0,2018-09-03,10,yes,,
11123,17,local,holiday,HB-17-5691,3,0,2018-09-03,10,yes,,
11124,17,local,holiday,HB-17-6160,3,0,2018-09-10,10,yes,,
11125,17,local,holiday,HB-17-6689,3,0,2018-09-10,10,yes,,
11126,17,local,holiday,HB-17-6780,3,0,2018-09-03,10,yes,,
11127,17,national,national,HB-17-5000; SB-17-178,3,0,2018-08-28,8,,,
11128,17,local,holiday,HB-17-2483,3,0,2018-09-17,15,yes,,
11129,17,local,holiday,HB-17-3710,3,0,2018-09-17,15,yes,,
11130,17,local,holiday,HB-17-5641,3,0,2018-09-17,15,yes,,
11131,17,national,national,HB-17-7191; SB-17-452,3,0,2018-03-12,16,,,
11132,17,local,holiday,HB-17-1865,3,0,2018-09-24,2,yes,,
11133,17,local,holiday,HB-17-2131,3,0,2018-09-17,15,yes,,
11134,17,local,holiday,HB-17-2484,3,0,2018-09-17,15,yes,,
11135,17,local,holiday,HB-17-2692,3,0,2018-09-24,2,yes,,
11136,17,local,holiday,HB-17-5551,3,0,2018-09-17,15,yes,,
11137,17,local,holiday,HB-17-5689,3,0,2018-09-10,10,yes,,
11138,17,local,holiday,HB-17-6178,3,0,2018-09-17,15,yes,,
11139,17,local,holiday,HB-17-6418,3,0,2018-09-17,15,yes,,
11140,17,local,holiday,HB-17-2097,3,0,2018-09-17,15,yes,,
11141,17,local,holiday,HB-17-2129,3,0,2018-09-17,15,yes,,
11142,17,local,holiday,HB-17-2130,3,0,2018-09-17,15,yes,,
11143,17,local,holiday,HB-17-2132,3,0,2018-09-17,15,yes,,
11144,17,local,holiday,HB-17-5172,3,0,2018-09-17,15,yes,,
11145,17,local,holiday,HB-17-5563,3,1,2018-09-17,15,yes,,
11146,17,local,holiday,HB-17-7044,3,1,2018-09-10,10,yes,,
11147,17,local,hospital,HB-17-6311,3,0,2018-07-24,18,yes,,
11148,17,national,national,HB-17-5777; SB-17-1537,8,1,2018-03-05,3,,,
11149,17,private,citizenship,HB-17-7387,2,0,2018-10-01,18,yes,,
11150,17,local,college,HB-17-6202,4,0,2018-02-19,22,yes,,
11151,17,private,franchise,HB-17-5556,4,0,2018-07-24,18,yes,,
11152,17,local,office,HB-17-1924,3,0,2018-10-01,18,yes,,
11153,17,local,office,HB-17-4065,3,0,2018-10-01,18,yes,,
11154,17,local,office,HB-17-5568,3,1,2018-10-01,18,yes,,
11155,17,local,office,HB-17-5627,3,0,2018-10-01,18,yes,,
11156,17,local,office,HB-17-5953,3,0,2018-10-01,18,yes,,
11157,17,local,office,HB-17-5955,3,0,2018-10-01,18,yes,,
11158,17,local,office,HB-17-5992,3,0,2018-10-01,18,yes,,
11159,17,private,citizenship,HB-17-7179,2,0,2018-10-01,18,yes,,
11160,17,private,citizenship,HB-17-7180,2,0,2018-10-01,18,yes,,
11161,17,private,citizenship,HB-17-7388,2,0,2018-10-01,18,yes,,
11162,17,local,office,HB-17-4765,3,0,2018-10-01,18,yes,,
11163,17,local,holiday,HB-17-7544; SB-17-1270,5,1,2018-02-05,4,,,
11164,17,national,national,HB-17-7525; SB-17-1766,3,1,2018-10-08,10,,,
11165,17,national,national,HB-17-7402; SB-17-1363,5,1,2017-05-22,2,,,
11166,17,national,national,HB-17-6617; SB-17-1390,10,4,2018-05-21,1,,,
11167,17,local,hospital,HB-17-6294,3,0,2018-07-24,18,yes,,
11168,17,national,national,HB-17-416,3,0,2018-10-10,19,,,
11169,17,local,college,HB-17-5780,4,0,2018-05-28,24,yes,,
11170,17,local,college,HB-17-6065,4,0,2018-08-14,13,yes,,
11171,17,local,college,HB-17-7733,3,0,2018-10-10,19,yes,,
11172,17,local,school,HB-17-7713,3,1,2018-10-10,19,yes,,
11173,17,local,school,HB-17-7714,3,1,2018-10-10,19,yes,,
11174,17,local,school,HB-17-7767,3,1,2018-10-10,19,yes,,
11175,17,local,school,HB-17-7768,3,1,2018-10-10,19,yes,,
11176,17,local,school,HB-17-7769,3,1,2018-10-10,19,yes,,
11177,17,local,school,HB-17-7775,3,1,2018-10-10,19,yes,,
11178,17,local,school,HB-17-7776,3,1,2018-10-10,19,yes,,
11179,17,local,school,HB-17-7777,3,1,2018-10-10,19,yes,,
11180,17,local,college,HB-17-5152,3,0,2018-10-10,19,,,
11181,17,local,office,HB-17-6129,3,0,2018-10-10,19,,,
11182,17,local,holiday,HB-17-5203,3,0,2018-10-10,19,yes,,
11183,17,local,holiday,HB-17-5638,3,0,2018-10-10,19,yes,,
11184,17,local,holiday,HB-17-5639,3,0,2018-10-10,19,yes,,
11185,17,local,college,HB-17-6030,4,0,2018-05-28,24,yes,,
11186,17,local,college,HB-17-6465,4,0,2018-02-19,22,yes,,
11187,17,local,college,HB-17-6741,4,0,2018-08-14,13,yes,,
11188,17,national,national,HB-17-7442; SB-17-2023,5,0,2018-10-01,18,,,
11189,17,local,hospital,HB-17-6620,3,0,2018-07-24,18,yes,,
11190,17,local,school,HB-17-7784,3,1,2018-10-10,19,yes,,
11191,17,local,lgu,HB-17-4935,3,0,2017-08-14,14,yes,,
11192,17,local,college,HB-17-7264,3,0,2018-10-10,19,yes,,
11193,17,private,franchise,HB-17-5665,4,0,2018-11-12,4,yes,,
11194,17,national,national,HB-17-5577,3,0,2018-08-28,8,,,
11195,17,local,hospital,HB-17-639,3,0,2018-07-24,18,yes,,
11196,17,local,hospital,HB-17-6740,4,0,2018-07-24,18,yes,,
11197,17,local,college,HB-17-7166,3,0,2018-10-10,19,yes,,
11198,17,local,district,HB-17-6331,3,0,2018-09-03,10,,,
11199,17,national,national,HB-17-2158; SB-17-1753,16,8,2018-10-08,10,,,
11200,17,national,national,HB-17-5236; SB-17-2031,5,0,2018-10-08,10,,,
11201,17,national,national,HB-17-6775; SB-17-1578,9,3,2018-10-08,10,,,
11202,17,national,national,HB-17-7652; SB-17-1636,7,2,2018-02-19,22,,,
11203,17,national,national,HB-17-7735; HB-17-7785; SB-17-1998,15,5,2019-05-20,10,,yes,senate record
11204,17,private,franchise,HB-17-5559,5,0,2018-11-12,4,yes,,
11205,17,private,franchise,HB-17-6165,4,0,2018-11-12,4,,,
11206,17,local,school,HB-17-5576,4,0,2018-10-08,10,,,
11207,17,national,national,HB-17-6604; SB-17-1985,6,1,2018-10-01,18,,,
11208,17,local,hospital,HB-17-1955,3,0,2018-07-24,18,yes,,
11209,17,local,school,HB-17-6724,4,0,2018-11-26,11,yes,,
11210,17,national,national,HB-17-4113; SB-17-1305,7,1,2017-03-06,2,,,
11211,17,national,national,HB-17-7742; SB-17-1297,5,0,2018-11-19,4,,,
11212,17,private,franchise,HB-17-8302,4,0,2018-11-26,11,,,
11213,17,national,national,HB-17-4814; HB-17-8554; SB-17-2059,4,0,2018-11-19,4,,,
11214,17,national,national,HB-17-5615; SB-17-1716,5,1,2018-10-01,18,,,
11215,17,national,national,HB-17-8636; SB-17-1850,5,1,2018-11-12,4,,,
11216,17,local,holiday,HB-17-5640,3,1,2018-11-26,11,yes,,
11217,17,local,holiday,HB-17-8648,2,0,2019-01-14,1,,,
11218,17,national,national,HB-17-8249; SB-17-1527,4,0,2018-05-16,2,,,
11219,17,private,franchise,HB-17-7753,3,0,2018-12-03,5,yes,,
11220,17,local,college,HB-17-6715,4,0,2018-08-14,13,yes,,
11221,17,local,lgu,HB-17-5161,3,0,2018-11-19,4,,,
11222,17,national,national,HB-17-5675; SB-17-2081,4,0,2018-12-10,7,,,
11223,17,national,national,HB-17-5784; SB-17-1896,8,3,2018-10-10,19,,yes,senate record
11224,17,local,office,HB-17-6130; SB-17-1712,3,0,2018-10-08,10,,,
11225,17,local,holiday,HB-17-5565,3,1,2018-11-26,11,yes,,
11226,17,private,franchise,HB-17-7385,4,0,2018-12-03,5,yes,,
11227,17,national,national,HB-17-8110; SB-17-192,5,1,2018-02-05,4,,,
11228,17,national,national,HB-17-8014; SB-17-1391,6,0,2018-07-30,1,,,
11229,17,national,national,HB-17-6938; SB-17-1971,6,1,2018-10-08,10,,,
11230,17,national,national,HB-17-8139; SB-17-1431,5,1,2017-05-30,19,,,
11231,17,national,national,HB-17-8078; SB-17-1454,4,1,2017-05-30,19,,,
11232,17,national,national,HB-17-8374; SB-17-1280,12,3,2018-08-07,6,,,
11233,17,local,hospital,HB-17-6618,4,0,2018-07-24,18,yes,,
11234,17,national,national,HB-17-8417; SB-17-1439,10,2,2017-11-27,2,,,
11235,17,national,national,HB-17-8419; SB-17-1397,7,1,2017-07-25,2,,,
11236,17,private,citizenship,HB-17-7206,3,0,2019-01-21,5,yes,,
11237,17,national,national,HB-17-8741; SB-17-1669,3,0,2018-10-08,10,,,
11238,17,private,franchise,HB-17-6167,4,0,2018-12-03,5,yes,,
11239,17,national,national,HB-17-7436; SB-17-1620,5,2,2019-01-22,1,,,
11240,17,private,franchise,HB-17-6169,4,0,2018-11-26,11,yes,,
11241,17,national,national,HB-17-8528; SB-17-454,3,0,2018-01-29,2,,,
11242,17,private,citizenship,HB-17-8382,3,0,2019-01-21,5,yes,,
11243,17,local,district,HB-17-5162,3,0,2018-09-03,10,,,
11244,17,private,franchise,HB-17-6315,4,0,2018-11-26,11,yes,,
11245,17,private,franchise,HB-17-6316,4,0,2018-11-26,11,yes,,
11246,17,private,franchise,HB-17-6707,4,0,2018-11-26,11,yes,,
11247,17,private,citizenship,HB-17-8380,3,0,2019-01-21,5,yes,,
11248,17,private,citizenship,HB-17-8381,3,0,2019-01-21,5,yes,,
11249,17,national,national,HB-17-8529; SB-17-462,3,1,2017-03-06,2,,,
11250,17,local,hospital,HB-17-6621,4,0,2018-08-07,6,yes,,
11251,17,local,hospital,HB-17-7355,3,0,2019-02-06,35,yes,,
11252,17,private,franchise,HB-17-6170,4,0,2018-11-26,11,yes,,
11253,17,private,franchise,HB-17-6708,4,0,2018-11-26,11,yes,,
11254,17,local,school,HB-17-5371,2,0,2019-02-06,35,yes,,
11255,17,national,national,HB-17-7005; SB-17-1413,3,1,2018-12-03,5,,,
11256,17,national,national,HB-17-3297; SB-17-2127,3,1,2019-01-29,3,,,
11257,17,local,district,HB-17-8511,3,0,2019-02-04,38,,,
11258,17,local,school,HB-17-8693,2,0,2019-02-06,35,yes,,
11259,17,local,lgu,HB-17-8055,3,1,2018-11-19,4,,,
11260,17,national,appropriation,HB-17-8169,10,8,2019-01-21,5,,yes,senate record
11261,17,national,national,HB-17-172; SB-17-1629,5,1,2018-10-01,18,,,
11262,17,national,national,HB-17-8861; SB-17-1616,6,1,2018-12-10,7,,,
11263,17,local,school,HB-17-398,2,0,2019-02-06,35,yes,,
11264,17,local,school,HB-17-5947,2,0,2019-02-06,35,yes,,
11265,17,local,school,HB-17-5948,2,0,2019-02-06,35,yes,,
11266,17,local,school,HB-17-6105,2,0,2019-02-06,35,yes,,
11267,17,local,school,HB-17-8096,2,0,2019-02-06,35,yes,,
11268,17,local,school,HB-17-8187,2,0,2019-02-06,35,yes,,
11269,17,local,school,HB-17-8684,2,0,2019-02-06,35,yes,,
11270,17,local,school,HB-17-8735,2,0,2019-02-06,35,yes,,
11271,17,local,school,HB-17-8736,2,0,2019-02-06,35,yes,,
11272,17,local,hospital,HB-17-7811,3,0,2019-02-04,38,yes,,
11273,17,local,hospital,HB-17-8435,3,0,2019-02-06,35,yes,,
11274,17,local,lgu,HB-17-8426,3,0,2019-02-04,38,,,
11275,17,local,lgu,HB-17-6512,3,1,2019-02-06,35,yes,,
11276,17,local,office,HB-17-6319,3,0,2019-02-06,35,yes,,
11277,17,local,office,HB-17-6979,3,0,2019-02-06,35,yes,,
11278,17,local,office,HB-17-7103,3,0,2019-02-06,35,yes,,
11279,17,local,college,HB-17-8628; SB-17-1898,4,0,2018-08-28,8,,,
11280,17,local,college,HB-17-7230,3,0,2019-02-04,38,,,
11281,17,local,college,HB-17-7550,3,0,2019-02-06,35,yes,,
11282,17,local,college,HB-17-8006,2,0,2019-02-06,35,yes,,
11283,17,local,college,HB-17-8730,2,0,2019-02-04,38,yes,,
11284,17,local,college,HB-17-8799,2,0,2019-02-04,38,yes,,
11285,17,national,national,HB-17-8629; SB-17-1531,6,3,2018-02-05,4,,,
11286,17,local,district,HB-17-7063; SB-17-1961,3,0,2019-02-04,38,yes,,
11287,17,local,hospital,HB-17-7065; SB-17-1968,3,0,2019-02-04,38,yes,,
11288,17,local,hospital,HB-17-8449; SB-17-2062,4,0,2019-02-04,38,yes,,
11289,17,local,hospital,HB-17-7362; SB-17-2187,3,0,2019-02-06,35,yes,,
11290,17,local,hospital,HB-17-7812; SB-17-2188,3,0,2019-02-06,35,yes,,
11291,17,national,national,HB-17-5811; SB-17-2121,4,2,2019-01-29,3,,,
11292,17,national,national,HB-17-8719; SB-17-1843,5,0,2018-09-17,15,,,
11293,17,national,national,HB-17-8715; SB-17-1355,4,0,2017-05-02,3,,,
11294,17,local,lgu,HB-17-6513,3,1,2019-02-06,35,yes,,
11295,17,local,lgu,HB-17-7786,3,0,2019-02-04,38,,,
11296,17,local,office,HB-17-1341,3,0,2019-02-04,38,,,
11297,17,local,rename_place,HB-17-7363,3,0,2018-12-10,7,,,
11298,17,local,hospital,HB-17-8248,3,0,2019-02-06,35,yes,,
11299,17,national,national,HB-17-8908; SB-17-1819,3,1,2018-10-01,18,,,
11300,17,private,franchise,HB-17-6166,4,0,2018-12-10,7,yes,,
11301,17,private,franchise,HB-17-6754,3,0,2019-02-04,38,yes,,
11302,17,private,franchise,HB-17-6914,4,0,2018-12-10,7,yes,,
11303,17,private,franchise,HB-17-7199,3,0,2019-02-04,38,yes,,
11304,17,national,national,HB-17-7260,3,1,2019-02-04,38,,,
11305,17,local,school,HB-17-6382,2,0,2019-02-06,35,yes,,
11306,17,local,school,HB-17-8212,2,0,2019-02-06,35,yes,,
11307,17,local,college,HB-17-7310,2,0,2019-02-06,35,yes,,
11308,17,local,college,HB-17-7548,3,0,2019-02-04,38,,,
11309,17,local,college,HB-17-8084,2,0,2019-02-04,38,yes,,
11310,17,national,national,HB-17-7773; SB-17-2117,4,1,2019-02-04,38,,,
11311,17,national,national,HB-17-725; SB-17-1749,3,0,2018-07-24,18,,,
11312,17,national,national,HB-17-8734; SB-17-1534,6,0,2018-03-12,16,,,
11313,17,local,road,HB-17-8794; SB-17-1558,7,2,2018-10-08,10,,,
11314,17,national,national,HB-17-8885; SB-17-1597,5,0,2018-10-01,18,,,
11315,17,national,national,HB-17-8217; SB-17-2172,3,0,2019-02-04,38,,,
11316,17,private,franchise,HB-17-5717,4,0,2018-12-10,7,yes,,
11317,17,private,franchise,HB-17-7386,3,0,2019-02-04,38,yes,,
11318,17,private,franchise,HB-17-7752,4,0,2018-12-10,7,yes,,
11319,17,private,franchise,HB-17-8155,3,0,2019-02-06,35,yes,,
11320,17,private,franchise,HB-17-8630,3,0,2019-02-04,38,,,
11321,17,national,national,HB-17-8857; SB-17-1281,4,0,2017-05-30,19,,,
11322,17,private,franchise,HB-17-5654,4,0,2019-02-06,35,yes,,
11323,17,local,hospital,HB-17-7064; SB-17-1690,4,0,2019-02-04,38,yes,,
11324,17,local,hospital,HB-17-8434; SB-17-1768,4,0,2019-02-04,38,yes,,
11325,17,local,hospital,HB-17-7062; SB-17-1963,3,0,2019-02-06,35,yes,,
11326,17,local,hospital,HB-17-7061; SB-17-1965,3,0,2019-02-04,38,yes,,
11327,17,local,hospital,HB-17-7327; SB-17-1966,3,0,2019-02-04,38,yes,,
11328,17,local,lgu,HB-17-5222,3,0,2019-02-04,38,yes,,
11329,17,local,college,HB-17-7549,3,0,2019-02-04,38,yes,,
11330,17,local,hospital,HB-17-7037,3,0,2019-02-06,35,yes,,
11331,17,local,hospital,HB-17-7717,3,0,2019-02-06,35,yes,,
11332,17,national,national,HB-17-7134; SB-17-2186,3,0,2019-02-04,38,,,
11333,17,national,national,HB-17-8795; SB-17-1529,5,1,2018-08-07,6,,,
11334,17,local,college,HB-17-8729,2,0,2019-02-04,38,yes,,
11335,17,local,college,HB-17-8731,2,0,2019-02-04,38,yes,,
11336,17,local,college,HB-17-8732,2,0,2019-02-04,38,yes,,
11337,17,national,national,HB-17-8862; SB-17-1532,5,1,2018-05-16,2,,,
11338,17,local,lgu,HB-17-7016,3,0,2019-02-04,38,,,
11339,17,private,franchise,HB-17-5715,3,0,2019-02-04,38,yes,,
11340,17,private,franchise,HB-17-6913,3,0,2019-02-06,35,yes,,
11341,17,private,franchise,HB-17-7754,3,0,2019-02-04,38,yes,,
11342,17,private,franchise,HB-17-8157,3,0,2019-02-06,35,yes,,
11343,17,local,lgu,HB-17-5221,3,0,2019-02-04,38,yes,,
11344,17,local,lgu,HB-17-5223,3,0,2019-02-04,38,yes,,
11345,17,local,lgu,HB-17-7311,3,1,2019-02-06,35,yes,,
11346,17,national,national,HB-17-8677; SB-17-2233,5,3,2019-06-04,1,,yes,senate record
11347,17,local,college,HB-17-7734,3,0,2019-02-06,35,yes,,
11348,17,local,college,HB-17-8845; SB-17-884,4,0,2017-12-11,39,yes,,
11349,17,local,court,HB-17-3492,3,0,2019-05-27,32,yes,,
11350,17,national,national,HB-17-8837; SB-17-2159,3,1,2019-01-29,3,,,
11351,17,local,office,HB-17-5438,3,0,2019-05-20,10,yes,,
11352,17,private,franchise,HB-17-6431,4,0,2018-11-26,11,yes,,
11353,17,private,franchise,HB-17-8156,3,0,2019-05-27,32,yes,,
11354,17,private,franchise,HB-17-8175,3,0,2019-05-27,32,yes,,
11355,17,private,franchise,HB-17-8176,3,0,2019-05-27,32,yes,,
11356,17,private,franchise,HB-17-8265,3,0,2019-05-27,32,yes,,
11357,17,private,franchise,HB-17-8179,4,1,2019-05-27,32,,,
11358,17,national,national,HB-17-3222,4,0,2018-10-08,10,,,
11359,17,local,hospital,HB-17-8985,3,0,2019-06-03,59,yes,,
11360,17,national,national,HB-17-8784; SB-17-1299,4,2,2017-12-11,39,,,
11361,17,national,national,HB-17-6276; SB-17-2098,4,0,2019-05-20,10,,,
11362,17,national,national,HB-17-335; SB-17-2195,3,0,2019-06-03,59,,,
11363,17,national,national,HB-17-8541; SB-17-1983,4,0,2019-05-20,10,,,
11364,17,national,national,HB-17-9051; SB-17-2063,5,0,2018-12-03,5,,,
11365,17,local,office,HB-17-8441; SB-17-2228,3,1,2019-05-27,32,,,
11366,17,private,franchise,HB-17-8237,3,0,2019-05-27,32,yes,,
11367,17,private,franchise,HB-17-8266,3,0,2019-05-27,32,yes,,
11368,17,private,franchise,HB-17-8268,3,0,2019-05-27,32,yes,,
11369,17,national,commemoration,HB-17-6283; SB-17-756,3,0,2018-08-28,8,,,
11370,17,national,national,HB-17-7856,3,0,2019-05-20,10,,,
11371,17,national,national,HB-17-8869; SB-17-1950,6,2,2019-02-04,38,,,
11372,17,local,hospital,HB-17-8833,3,0,2019-06-03,59,yes,,
11373,17,local,holiday,HB-17-5060,3,0,2019-06-03,59,yes,,
11374,17,local,holiday,HB-17-5562,3,0,2019-06-03,59,yes,,
11375,17,local,holiday,HB-17-5564,3,0,2019-06-03,59,yes,,
11376,17,local,holiday,HB-17-6690,3,0,2019-06-03,59,yes,,
11377,17,local,holiday,HB-17-6820,4,0,2019-06-03,59,yes,,
11378,17,local,holiday,HB-17-8698,3,0,2019-05-27,32,yes,,
11379,17,local,holiday,HB-17-8699,3,0,2019-06-03,59,yes,,
11380,17,local,holiday,HB-17-8902,2,0,2019-06-03,59,,,
11381,17,local,court,HB-17-286,3,0,2019-05-27,32,yes,,
11382,17,local,district,HB-17-652,3,0,2019-05-27,32,yes,,
11383,17,local,court,HB-17-2433,3,0,2019-05-27,32,yes,,
11384,17,local,court,HB-17-3443,3,0,2019-05-27,32,yes,,
11385,17,local,court,HB-17-5906,3,1,2019-05-27,32,yes,,
11386,17,local,court,HB-17-6580,3,0,2019-05-27,32,yes,,
11387,17,local,court,HB-17-7365,3,0,2019-05-27,32,yes,,
11388,17,local,court,HB-17-7367,3,0,2019-05-27,32,yes,,
11389,17,local,court,HB-17-7405,3,0,2019-05-27,32,yes,,
11390,17,local,hospital,HB-17-8876,3,0,2019-06-03,59,yes,,
11391,17,local,hospital,HB-17-8877,3,0,2019-06-03,59,yes,,
11392,17,national,national,HB-17-7785,3,0,2019-05-20,10,,,
11393,17,national,national,HB-17-8912,3,0,2019-06-03,59,,,
11394,17,national,national,HB-17-8654,3,0,2019-05-27,32,,,
11395,17,local,district,HB-17-9080,3,0,2019-06-03,59,,,
11396,17,national,national,HB-17-8370,3,0,2019-05-20,10,,,
11397,17,local,other_local,HB-17-7491,2,0,2019-06-03,59,yes,,
11398,17,national,national,HB-17-8844; SB-17-1641,3,0,2018-08-07,6,,,
11399,17,local,college,,,,,,,,
11400,17,local,office,HB-17-7484,2,0,2019-06-03,59,yes,,
11401,17,local,office,HB-17-7500,2,0,2019-06-03,59,yes,,
11402,17,local,lgu,HB-17-7987,3,0,2019-06-03,59,yes,,
11403,17,local,lgu,HB-17-8230,3,0,2019-06-03,59,yes,,
11404,17,local,lgu,HB-17-8953,3,0,2019-06-03,59,yes,,
11405,17,local,lgu,HB-17-9044,3,0,2019-06-03,59,yes,,
11406,17,local,land,HB-17-6758,3,0,2019-06-03,59,,,
11407,17,local,office,HB-17-6798,3,0,2019-05-27,32,yes,,
11408,17,local,office,HB-17-6799,3,0,2019-05-27,32,yes,,
11409,17,local,land,HB-17-6800,4,0,2019-05-27,32,yes,,
11410,17,private,franchise,HB-17-6317,3,0,2019-05-27,32,,,
11411,17,private,franchise,HB-17-5557,3,0,2019-06-03,59,yes,,
11412,17,private,franchise,HB-17-5558,4,0,2019-02-04,38,yes,,
11413,17,private,franchise,HB-17-6168,4,0,2019-02-04,38,yes,,
11414,17,private,franchise,HB-17-8177,3,0,2019-05-27,32,yes,,
11415,17,private,franchise,HB-17-8264,3,0,2019-05-27,32,yes,,
11416,17,private,franchise,HB-17-8269,3,0,2019-05-27,32,yes,,
11417,17,private,franchise,HB-17-8632,3,0,2019-06-03,59,,,
11418,17,private,franchise,HB-17-8633,3,0,2019-06-03,59,,,
11419,17,private,franchise,HB-17-8634,3,0,2019-05-27,32,,,
11420,17,private,franchise,HB-17-8667,4,0,2019-06-03,59,,,
11421,17,private,franchise,HB-17-8668,3,0,2019-06-03,59,,,
11422,17,private,franchise,HB-17-8670,3,0,2019-05-27,32,,,
11423,17,local,school,HB-17-8846,3,0,2019-06-03,59,,,
11424,17,local,school,HB-17-8847,3,0,2019-06-03,59,,,
11425,17,local,school,HB-17-8848,3,0,2019-06-03,59,,,
11426,17,local,office,HB-17-5111,3,0,2019-06-03,59,yes,,
11427,17,local,office,HB-17-6326,3,0,2019-06-03,59,yes,,
11428,17,local,office,HB-17-6687,3,0,2019-06-03,59,yes,,
11429,17,local,office,HB-17-8420,3,0,2019-06-03,59,yes,,
11430,17,local,office,HB-17-8437,3,0,2019-06-03,59,yes,,
11431,17,local,office,HB-17-8438,3,0,2019-06-03,59,yes,,
11432,17,local,office,HB-17-8439,3,0,2019-06-03,59,yes,,
11433,17,local,office,HB-17-8442,3,0,2019-06-03,59,yes,,
11434,17,local,office,HB-17-8443,3,0,2019-06-03,59,yes,,
11435,17,local,office,HB-17-8445,3,0,2019-06-03,59,yes,,
11436,17,local,office,HB-17-8580,3,0,2019-06-03,59,yes,,
11437,17,local,office,HB-17-8581,3,0,2019-06-03,59,yes,,
11438,17,local,office,HB-17-8887,3,0,2019-06-03,59,,,
11439,17,national,national,HB-17-8281,3,0,2019-06-03,59,,,
11440,17,local,college,HB-17-6024; SB-17-747,3,0,2018-08-28,8,,,
11441,17,local,hospital,HB-17-8835,3,0,2019-06-03,59,yes,,
11442,17,local,holiday,HB-17-5260,4,0,2019-06-03,59,yes,,
11443,17,local,holiday,HB-17-5687,3,0,2019-06-03,59,yes,,
11444,17,local,holiday,HB-17-6688,3,0,2019-06-03,59,yes,,
11445,17,local,holiday,HB-17-8696,3,0,2019-06-03,59,yes,,
11446,17,local,holiday,HB-17-8700,3,0,2019-06-03,59,,,
11447,17,private,franchise,HB-17-8786,3,0,2019-06-03,59,,,
11448,17,national,national,HB-17-8682,3,0,2019-06-03,59,,,
11449,17,national,national,HB-17-6710,3,0,2019-06-03,59,,,
11450,17,local,lgu,HB-17-9043,3,0,2019-06-03,59,yes,,
11451,17,local,office,HB-17-8444,3,0,2019-06-03,59,yes,,
11452,17,local,office,HB-17-8872,3,0,2019-06-03,59,,,
11453,17,national,national,HB-17-6524; SB-17-2133,5,2,2019-05-20,10,,,
11454,17,local,college,HB-17-165; SB-17-2234,3,1,2019-06-03,59,,,
11455,17,local,court,HB-17-8646; SB-17-1542,3,0,2019-05-27,32,yes,,
11456,17,local,court,HB-17-8919; SB-17-1840,3,0,2019-05-27,32,yes,,
11457,17,national,national,HB-17-8691; SB-17-2168,5,1,2019-05-20,10,,,
11458,17,national,national,HB-17-684; SB-17-1255,5,1,2017-05-15,6,,,
11459,17,national,national,HB-17-7309; SB-17-2065,5,1,2019-05-20,10,,,
11460,17,local,holiday,HB-17-8112,3,0,2019-06-03,59,yes,,
11461,17,local,holiday,HB-17-8697,3,0,2019-06-03,59,yes,,
11462,18,national,national,HB-18-4933; SB-18-1043,6,3,2019-09-30,1,,,
11463,18,local,hospital,HB-18-5477; SB-18-1076,4,1,2019-11-11,2,,,
11464,18,national,appropriation,HB-18-5437,2,1,2019-11-26,1,,,
11465,18,national,appropriation,HB-18-4228,7,4,2019-11-27,1,,yes,PLLO
11466,18,national,national,HB-18-5712; SB-18-1219,2,2,2019-12-16,3,,yes,both
11467,18,national,national,HB-18-1026; SB-18-1074,9,6,2019-12-16,3,,yes,both
11468,18,local,road,HB-18-4611; SB-18-1122,3,1,2019-11-11,2,,,
11469,18,national,national,HB-18-6616; SB-18-1418,1,1,2020-03-23,1,,yes,both
11470,18,national,national,HB-18-6312; SB-18-1086,7,1,2020-02-26,3,,,
11471,18,local,lgu,HB-18-4961,3,1,2020-03-09,12,,,
11472,18,local,hospital,HB-18-1477,3,0,2020-03-09,12,yes,,
11473,18,local,hospital,HB-18-1799,3,0,2020-03-09,12,yes,,
11474,18,local,hospital,HB-18-5871,3,0,2020-03-09,12,yes,,
11475,18,local,lgu,HB-18-2998,3,1,2020-03-09,12,,,
11476,18,national,national,HB-18-5829; SB-18-1224,5,1,2020-02-17,1,,,
11477,18,private,franchise,HB-18-4581,3,0,2020-03-09,12,yes,,
11478,18,local,hospital,HB-18-831; SB-18-640,3,0,2020-03-09,12,yes,,
11479,18,national,national,HB-18-6875; SB-18-1083,13,7,2020-02-26,3,,yes,PLLO
11480,18,national,national,HB-18-6895; SB-18-1541,3,2,2020-06-01,10,,,
11481,18,private,franchise,HB-18-4463,3,0,2020-03-09,12,yes,,
11482,18,private,franchise,HB-18-4583,3,0,2020-03-09,12,yes,,
11483,18,local,road,HB-18-1061,3,0,2020-06-01,10,yes,,
11484,18,local,road,HB-18-1778,3,0,2020-06-01,10,yes,,
11485,18,local,road,HB-18-5850,3,0,2020-06-01,10,yes,,
11486,18,local,road,HB-18-5851,3,0,2020-06-01,10,yes,,
11487,18,local,road,HB-18-5852,3,0,2020-06-01,10,yes,,
11488,18,local,office,HB-18-5811,3,0,2020-06-01,10,yes,,
11489,18,local,office,HB-18-5853,3,0,2020-06-01,10,yes,,
11490,18,local,office,HB-18-5888,3,0,2020-06-01,10,yes,,
11491,18,private,franchise,HB-18-4584,3,0,2020-03-09,12,yes,,
11492,18,private,franchise,HB-18-4582,3,0,2020-03-09,12,yes,,
11493,18,private,franchise,HB-18-5490,3,0,2020-03-09,12,yes,,
11494,18,national,national,HB-18-6953; SB-18-1564,5,2,2020-07-28,8,,,
11495,18,local,hospital,HB-18-2444,4,1,2020-07-28,8,yes,,
11496,18,local,hospital,HB-18-6035,4,0,2020-07-28,8,yes,,
11497,18,local,hospital,HB-18-6036; SB-18-143,3,0,2020-07-28,8,,,
11498,18,local,hospital,HB-18-6144; SB-18-1103,4,0,2020-07-28,8,,,
11499,18,local,hospital,HB-18-6218,4,0,2020-07-28,8,,,
11500,18,local,hospital,HB-18-6365,4,0,2020-07-28,8,yes,,
11501,18,local,hospital,HB-18-6499,4,0,2020-07-28,8,yes,,
11502,18,national,commemoration,HB-18-5422; SB-18-1807,4,0,2020-09-14,2,,,
11503,18,private,franchise,HB-18-6371,3,0,2020-10-05,11,yes,,
11504,18,private,franchise,HB-18-6374,3,0,2020-10-05,11,yes,,
11505,18,private,franchise,HB-18-6835,3,0,2020-10-05,11,yes,,
11506,18,private,franchise,HB-18-7507,4,2,2020-10-12,1,yes,,
11507,18,private,franchise,HB-18-6254,3,0,2020-10-05,11,yes,,
11508,18,private,franchise,HB-18-6919,3,0,2020-10-05,11,yes,,
11509,18,national,national,HB-18-6756; SB-18-1520,7,1,2020-09-14,2,,,
11510,18,national,national,HB-18-6910; SB-18-1365,5,0,2020-05-04,1,,,
11511,18,national,national,HB-18-6878; SB-18-1318,9,2,2020-06-01,10,,,
11512,18,private,franchise,HB-18-5491,3,0,2020-10-05,11,yes,,
11513,18,private,franchise,HB-18-6256,3,0,2020-10-05,11,yes,,
11514,18,private,franchise,HB-18-6373,3,0,2020-10-05,11,yes,,
11515,18,private,franchise,HB-18-6836,3,0,2020-10-05,11,yes,,
11516,18,private,franchise,HB-18-7264,3,0,2020-10-05,11,yes,,
11517,18,national,national,HB-18-7884; SB-18-1844,3,0,2020-10-14,1,,yes,both
11518,18,national,appropriation,HB-18-7727,9,7,2020-11-26,2,,yes,both
11519,18,national,national,HB-18-8063,1,1,2020-12-15,3,yes,yes,both
11520,18,national,appropriation,HB-18-6656,1,1,2020-12-15,3,yes,yes,both
11521,18,national,national,HB-18-7904; SB-18-1945,6,4,2021-01-18,10,,yes,both
11522,18,national,commemoration,HB-18-4851; SB-18-1216,3,1,2020-08-19,1,,,
11523,18,national,national,HB-18-6816; SB-18-1849,3,0,2020-11-10,1,,yes,both
11524,18,national,national,HB-18-8136; SB-18-1396,10,3,2020-10-05,11,,,
11525,18,national,national,HB-18-8648; SB-18-2057,4,2,2021-02-23,1,,yes,both
11526,18,local,school,HB-18-1531,3,0,2021-01-18,10,yes,,
11527,18,local,school,HB-18-5740,3,0,2021-01-18,10,yes,,
11528,18,local,school,HB-18-5741,3,0,2021-01-18,10,yes,,
11529,18,local,school,HB-18-5742,3,0,2021-01-18,10,yes,,
11530,18,local,school,HB-18-5743,3,0,2021-01-18,10,yes,,
11531,18,local,school,HB-18-5872,3,0,2021-01-18,10,yes,,
11532,18,local,school,HB-18-1533,3,0,2021-01-18,10,yes,,
11533,18,local,district,HB-18-6222,3,0,2021-02-01,1,,,
11534,18,national,national,HB-18-4157; SB-18-1357,18,9,2020-11-26,2,,yes,both
11535,18,national,national,HB-18-5925; SB-18-1855,5,1,2020-11-09,2,,,
11536,18,local,lgu,HB-18-5744,3,0,2021-01-18,10,yes,,
11537,18,private,franchise,HB-18-7332,3,1,2021-03-24,6,yes,,
11538,18,private,franchise,HB-18-7488,3,0,2021-03-24,6,yes,,
11539,18,private,franchise,HB-18-7615,3,0,2021-03-24,6,yes,,
11540,18,private,franchise,HB-18-7616,3,0,2021-03-24,6,yes,,
11541,18,private,franchise,HB-18-8553,3,0,2021-03-24,6,yes,,
11542,18,private,franchise,HB-18-8860,3,0,2021-03-24,6,yes,,
11543,18,private,citizenship,HB-18-8632,4,2,2021-03-15,2,,,
11544,18,local,lgu,HB-18-6598,5,1,2021-02-08,2,,,
11545,18,local,district,HB-18-7700,3,0,2021-03-09,3,,,
11546,18,local,district,HB-18-6867,3,0,2021-03-09,3,,,
11547,18,national,national,HB-18-7460; SB-18-1741,5,2,2021-03-08,2,,,
11548,18,national,national,HB-18-8512; SB-18-2027,5,1,2021-02-22,2,,,
11549,18,national,national,HB-18-8261; SB-18-1563,4,1,2020-09-07,1,,,
11550,18,local,lgu,HB-18-6413,3,0,2021-03-09,3,,,
11551,18,national,national,HB-18-4466; SB-18-1513,5,2,2021-02-22,2,,,
11552,18,national,national,HB-18-8145; SB-18-1877,4,1,2021-01-18,10,,,
11553,18,local,district,HB-18-8664,3,1,2021-05-17,3,,,
11554,18,local,college,HB-18-7697,3,0,2021-05-24,10,yes,,
11555,18,private,franchise,HB-18-8556,3,0,2021-05-27,10,yes,,
11556,18,local,hospital,HB-18-2582,6,1,2021-05-31,16,yes,,
11557,18,local,hospital,HB-18-5870,4,0,2021-05-31,16,yes,,
11558,18,local,hospital,HB-18-6850,4,0,2021-05-31,16,yes,,
11559,18,local,hospital,HB-18-6498,3,0,2021-05-31,16,yes,,
11560,18,local,hospital,HB-18-6727,3,0,2021-05-31,16,yes,,
11561,18,local,hospital,HB-18-6728,3,0,2021-05-31,16,yes,,
11562,18,local,hospital,HB-18-6729,3,0,2021-05-31,16,yes,,
11563,18,local,hospital,HB-18-6730,3,0,2021-05-31,16,yes,,
11564,18,local,hospital,HB-18-6731,3,0,2021-05-31,16,yes,,
11565,18,local,hospital,HB-18-6753,3,0,2021-05-31,16,yes,,
11566,18,local,hospital,HB-18-6971,3,0,2021-05-31,16,yes,,
11567,18,local,hospital,HB-18-6972,3,0,2021-05-31,16,yes,,
11568,18,local,hospital,HB-18-7321,3,0,2021-05-31,16,yes,,
11569,18,national,national,HB-18-7068; SB-18-2208,3,1,2021-05-24,10,,,
11570,18,private,citizenship,HB-18-8631,4,0,2021-03-15,2,,,
11571,18,national,national,HB-18-9487; SB-18-2220,4,0,2021-05-31,16,,,
11572,18,national,national,HB-18-8928; SB-18-1296,4,0,2020-02-26,3,,,
11573,18,national,national,HB-18-7440; SB-18-1931,3,0,2020-12-15,3,,yes,both
11574,18,local,college,HB-18-7030,3,0,2021-05-24,10,yes,,
11575,18,local,college,HB-18-6596,3,0,2021-05-24,10,yes,,
11576,18,local,court,HB-18-6589; SB-18-1886,5,1,2021-02-08,2,,,
11577,18,private,franchise,HB-18-6918,4,0,2021-05-27,10,yes,,
11578,18,private,franchise,HB-18-7487,3,0,2021-05-27,10,yes,,
11579,18,private,franchise,HB-18-7496,3,0,2021-05-27,10,yes,,
11580,18,private,franchise,HB-18-7618,3,0,2021-05-27,10,yes,,
11581,18,private,franchise,HB-18-8551,4,0,2021-05-24,10,yes,,
11582,18,private,franchise,HB-18-8552,3,0,2021-05-27,10,yes,,
11583,18,private,franchise,HB-18-8554,3,0,2021-05-27,10,yes,,
11584,18,local,college,HB-18-6842,3,0,2021-05-24,10,yes,,
11585,18,local,college,HB-18-6858,3,0,2021-05-24,10,yes,,
11586,18,local,college,HB-18-7019,3,0,2021-05-24,10,yes,,
11587,18,local,college,HB-18-7566,3,0,2021-05-24,10,yes,,
11588,18,private,franchise,HB-18-6255,4,1,2021-05-24,10,yes,,
11589,18,national,national,HB-18-7406; SB-18-1832,8,4,2021-03-08,2,,,
11590,18,national,national,HB-18-5777; SB-18-2232,4,3,2021-06-02,1,,yes,both
11591,18,national,national,HB-18-10261; SB-18-2408,3,1,2021-09-27,15,,,
11592,18,national,national,HB-18-9323; SB-18-1955,5,0,2021-02-15,1,,,
11593,18,national,national,HB-18-10121; SB-18-2214,10,6,2021-09-06,7,,yes,both
11594,18,national,national,HB-18-8268; SB-18-1354,6,2,2020-05-18,1,,,
11595,18,national,national,HB-18-59; SB-18-1840,7,3,2021-05-19,1,,yes,both
11596,18,national,national,HB-18-9943; SB-18-1373,4,0,2020-11-09,2,,,
11597,18,national,national,HB-18-8164; SB-18-2368,4,0,2021-09-13,7,,,
11598,18,national,national,HB-18-9950; SB-18-1927,3,1,2020-12-07,1,,,
11599,18,local,lgu,HB-18-5306,3,0,2021-05-17,3,,,
11600,18,private,franchise,HB-18-9422,5,0,2021-09-27,15,yes,,
11601,18,private,franchise,HB-18-9423,5,0,2021-09-27,15,yes,,
11602,18,local,road,HB-18-5889,3,0,2021-09-06,7,yes,,
11603,18,local,road,HB-18-6467,3,0,2021-09-06,7,yes,,
11604,18,local,road,HB-18-6491,3,0,2021-09-06,7,yes,,
11605,18,local,road,HB-18-6492,3,0,2021-09-06,7,yes,,
11606,18,local,road,HB-18-6585,3,0,2021-09-06,7,yes,,
11607,18,local,road,HB-18-7355,3,0,2021-09-06,7,yes,,
11608,18,local,road,HB-18-7499,3,0,2021-09-13,7,yes,,
11609,18,local,office,HB-18-5855,3,0,2021-09-13,7,yes,,
11610,18,local,office,HB-18-5890,3,0,2021-09-13,7,yes,,
11611,18,local,office,HB-18-5891,3,0,2021-09-13,7,yes,,
11612,18,local,office,HB-18-6227,3,0,2021-09-13,7,yes,,
11613,18,local,school,HB-18-4954,3,0,2021-09-20,25,yes,,
11614,18,local,school,HB-18-4955,3,0,2021-09-20,25,yes,,
11615,18,local,school,HB-18-5328,3,0,2021-09-20,25,yes,,
11616,18,local,school,HB-18-5363,3,0,2021-09-20,25,yes,,
11617,18,local,school,HB-18-5364,3,0,2021-09-20,25,yes,,
11618,18,local,school,HB-18-5365,3,0,2021-09-20,25,yes,,
11619,18,local,school,HB-18-5367,3,0,2021-09-20,25,yes,,
11620,18,local,school,HB-18-7769,3,0,2021-09-20,25,yes,,
11621,18,local,school,HB-18-7992,3,0,2021-09-20,25,yes,,
11622,18,local,school,HB-18-7993,3,0,2021-09-20,25,yes,,
11623,18,local,school,HB-18-7994,3,0,2021-09-20,25,yes,,
11624,18,local,school,HB-18-7995,3,0,2021-09-20,25,yes,,
11625,18,local,school,HB-18-7996,3,0,2021-09-20,25,yes,,
11626,18,local,school,HB-18-7997,3,0,2021-09-20,25,yes,,
11627,18,local,school,HB-18-7998,3,0,2021-09-20,25,yes,,
11628,18,local,school,HB-18-8132,3,0,2021-09-20,25,yes,,
11629,18,local,school,HB-18-8237,3,0,2021-09-20,25,yes,,
11630,18,local,school,HB-18-8238,3,0,2021-09-20,25,yes,,
11631,18,local,school,HB-18-8239,3,0,2021-09-20,25,yes,,
11632,18,local,school,HB-18-8240,3,0,2021-09-20,25,yes,,
11633,18,local,school,HB-18-8814,3,0,2021-09-20,25,,,
11634,18,local,school,HB-18-8996,3,0,2021-09-20,25,,,
11635,18,national,national,HB-18-9913; SB-18-2407,3,0,2021-09-27,15,,,
11636,18,local,office,HB-18-8384,3,0,2021-09-20,25,,,
11637,18,private,franchise,HB-18-8555,3,0,2021-05-27,10,yes,,
11638,18,national,national,HB-18-8320; SB-18-2364,3,0,2021-09-27,15,,,
11639,18,national,appropriation,HB-18-10153,10,7,2021-12-01,2,,yes,both
11640,18,national,appropriation,HB-18-10373,3,2,2021-12-13,13,,yes,both
11641,18,national,national,HB-18-5832; SB-18-2234,15,8,2021-12-14,1,,yes,both
11642,18,national,national,HB-18-8998; SB-18-1933,8,2,2021-08-31,1,,,
11643,18,national,national,HB-18-9087; SB-18-2373,4,0,2021-09-20,25,,,
11644,18,local,other_local,HB-18-5644,3,0,2021-09-27,15,yes,,
11645,18,local,other_local,HB-18-7927,3,0,2021-09-27,15,yes,,
11646,18,national,national,HB-18-8203; SB-18-1928,6,1,2021-09-13,7,,,
11647,18,national,national,HB-18-300; SB-18-1156,9,2,2021-09-14,1,,yes,both
11648,18,national,national,HB-18-7836; SB-18-2332,5,0,2021-09-27,15,,,
11649,18,private,franchise,HB-18-8753,3,0,2021-12-06,15,,,
11650,18,national,national,HB-18-8080; SB-18-1907,6,2,2021-05-31,16,,,
11651,18,local,school,,,,,,,,
11652,18,local,school,HB-18-9657,3,0,2021-12-13,13,yes,,
11653,18,local,school,HB-18-9660,3,0,2021-12-13,13,yes,,
11654,18,local,school,HB-18-10184,3,0,2021-12-13,13,yes,,
11655,18,local,school,HB-18-10186,3,0,2021-12-13,13,yes,,
11656,18,local,school,HB-18-10188,4,0,2021-12-13,13,yes,,
11657,18,local,school,,,,,,,,
11658,18,local,school,HB-18-10278,3,0,2021-12-13,13,yes,,
11659,18,national,national,HB-18-78; SB-18-2094,13,5,2021-12-15,1,,yes,both
11660,18,private,citizenship,HB-18-9376,3,0,2021-12-01,2,,,
11661,18,local,school,HB-18-9659,3,0,2021-12-13,13,yes,,
11662,18,local,school,HB-18-10187,3,0,2021-12-13,13,yes,,
11663,18,local,school,HB-18-10279,3,0,2021-12-13,13,,,
11664,18,private,franchise,HB-18-8741,3,0,2021-12-06,15,yes,,
11665,18,private,franchise,HB-18-8873,3,0,2021-12-06,15,yes,,
11666,18,private,franchise,HB-18-8901,3,0,2021-12-06,15,yes,,
11667,18,private,franchise,HB-18-8973,3,0,2021-12-06,15,yes,,
11668,18,private,franchise,HB-18-8977,3,0,2021-12-06,15,yes,,
11669,18,private,franchise,HB-18-9272,3,0,2021-12-06,15,yes,,
11670,18,private,franchise,HB-18-10152,2,0,2021-12-16,7,yes,,
11671,18,local,lgu,HB-18-4751,3,0,2021-12-16,7,yes,,
11672,18,private,citizenship,HB-18-10281,2,0,2022-01-31,151,,,
11673,18,private,franchise,HB-18-8755,3,0,2021-12-06,15,yes,,
11674,18,private,franchise,HB-18-8871,3,0,2021-12-06,15,yes,,
11675,18,private,franchise,HB-18-8872,3,0,2021-12-06,15,yes,,
11676,18,private,franchise,HB-18-8911,3,0,2021-12-06,15,yes,,
11677,18,private,franchise,HB-18-8913,3,0,2021-12-06,15,yes,,
11678,18,private,franchise,HB-18-8970,2,0,2021-12-16,7,yes,,
11679,18,private,franchise,HB-18-9424,3,0,2022-01-31,151,yes,,
11680,18,local,office,HB-18-10122,2,0,2021-12-16,7,yes,,
11681,18,private,franchise,HB-18-10192,3,0,2022-01-31,151,yes,,
11682,18,private,franchise,HB-18-10442,2,0,2021-12-16,7,,,
11683,18,national,national,SB-18-255,4,2,2022-01-17,15,,,
11684,18,local,land,HB-18-9206,3,0,2021-09-27,15,yes,,
11685,18,local,land,HB-18-9325,3,0,2021-09-27,15,yes,,
11686,18,local,land,HB-18-9326,3,0,2021-09-27,15,yes,,
11687,18,local,land,HB-18-9327,3,0,2021-09-27,15,yes,,
11688,18,local,land,HB-18-9329,3,0,2021-09-27,15,yes,,
11689,18,local,lgu,HB-18-8882,6,1,2021-09-27,15,,,
11690,18,local,rename_place,HB-18-8841,3,0,2021-12-16,7,,,
11691,18,national,national,HB-18-9086; SB-18-1947,10,5,2021-11-08,1,,,
11692,18,local,office,HB-18-861,3,0,2022-01-31,151,yes,,
11693,18,local,office,HB-18-6152,3,0,2022-01-31,151,yes,,
11694,18,local,college,HB-18-9518,3,0,2022-01-31,151,yes,,
11695,18,local,college,HB-18-9520,3,0,2022-01-31,151,yes,,
11696,18,national,national,HB-18-9925; SB-18-2420,4,1,2022-01-31,151,,,
11697,18,national,national,SB-18-1382,6,2,2021-05-31,16,,,
11698,18,national,national,SB-18-2493,3,0,2022-01-31,151,,,
11699,18,national,commemoration,HB-18-9182; SB-18-670,3,0,2022-01-31,151,,,
11700,18,national,national,SB-18-1978,3,0,2022-01-31,151,,,
11701,18,national,national,HB-18-9458; SB-18-643,5,1,2019-12-09,2,,,
11702,18,local,hospital,HB-18-7952,3,0,2022-01-31,151,yes,,
11703,18,local,hospital,HB-18-8195,3,0,2022-01-31,151,yes,,
11704,18,local,hospital,HB-18-8225,3,0,2022-01-31,151,yes,,
11705,18,local,hospital,HB-18-8270,3,0,2022-01-31,151,yes,,
11706,18,national,national,HB-18-3255; SB-18-1241,4,0,2022-01-17,15,,,
11707,18,national,national,SB-18-2044,3,0,2022-01-31,151,,,
11708,18,national,national,HB-18-8930,4,1,2022-01-17,15,,,
11709,18,national,national,HB-18-10521; SB-18-2376,4,1,2021-09-27,15,,,
11710,18,local,school,HB-18-10185,3,0,2022-01-31,151,yes,,
11711,18,national,national,HB-18-7808; SB-18-2247,4,0,2021-12-13,13,,,
11712,18,national,national,HB-18-10701; SB-18-2421,4,0,2022-01-31,151,,,
11713,18,national,national,HB-18-10301; SB-18-2152,6,1,2021-09-20,25,,,
11714,18,local,district,HB-18-7771,3,0,2022-01-31,151,yes,,
11715,18,local,hospital,HB-18-7971,3,0,2022-01-31,151,yes,,
11716,18,local,hospital,HB-18-7974,3,0,2022-01-31,151,yes,,
11717,18,local,hospital,HB-18-7975,3,0,2022-01-31,151,yes,,
11718,18,local,hospital,HB-18-8227,3,0,2022-01-31,151,yes,,
11719,18,local,hospital,HB-18-8228,3,0,2022-01-31,151,yes,,
11720,18,local,hospital,HB-18-8606,3,0,2022-01-31,151,yes,,
11721,18,local,hospital,HB-18-8668,3,0,2022-01-31,151,yes,,
11722,18,local,hospital,HB-18-8892,3,0,2022-01-31,151,yes,,
11723,18,local,hospital,HB-18-8893,3,0,2022-01-31,151,yes,,
11724,18,local,hospital,HB-18-9073,3,0,2022-01-31,151,yes,,
11725,18,local,hospital,HB-18-9074,3,0,2022-01-31,151,yes,,
11726,18,local,office,HB-18-8133,3,0,2022-01-31,151,yes,,
11727,18,local,holiday,HB-18-5682,3,1,2022-01-31,151,yes,,
11728,18,local,lgu,HB-18-6333,3,1,2022-01-31,151,,,
11729,18,local,holiday,HB-18-7651,3,0,2022-01-17,15,yes,,
11730,18,local,road,HB-18-7669,2,0,2022-01-31,151,yes,,
11731,18,local,road,HB-18-9801,2,0,2022-01-31,151,yes,,
11732,18,private,citizenship,HB-18-9307,2,0,2022-01-31,151,,,
11733,18,private,citizenship,HB-18-7724,2,0,2022-01-31,151,,,
11734,18,local,office,HB-18-7544,3,0,2022-01-31,151,yes,,
11735,18,local,office,HB-18-7547,3,0,2022-01-31,151,yes,,
11736,18,local,other_local,HB-18-7691,2,0,2022-01-31,151,yes,,
11737,18,local,office,HB-18-2659,3,0,2022-01-31,151,yes,,
11738,18,local,office,HB-18-3133,3,0,2022-01-31,151,yes,,
11739,18,local,office,HB-18-4560,3,0,2022-01-31,151,yes,,
11740,18,local,office,HB-18-4773,3,0,2022-01-31,151,yes,,
11741,18,local,office,HB-18-4786,3,0,2022-01-31,151,yes,,
11742,18,local,office,HB-18-4938,3,0,2022-01-31,151,yes,,
11743,18,local,office,HB-18-4956,3,0,2022-01-31,151,yes,,
11744,18,local,office,HB-18-5277,3,0,2022-01-31,151,yes,,
11745,18,local,office,HB-18-5420,3,0,2022-01-31,151,yes,,
11746,18,local,office,HB-18-5453,3,0,2022-01-31,151,yes,,
11747,18,local,office,HB-18-5519,3,0,2022-01-31,151,yes,,
11748,18,local,office,HB-18-6664,3,0,2022-01-31,151,yes,,
11749,18,local,office,HB-18-8034,3,0,2022-01-31,151,,,
11750,18,local,office,HB-18-9056,3,0,2022-01-31,151,yes,,
11751,18,local,college,HB-18-6877,3,0,2022-01-17,15,yes,,
11752,18,local,college,HB-18-6969,4,0,2022-01-17,15,yes,,
11753,18,local,college,HB-18-7692,3,0,2022-01-17,15,yes,,
11754,18,local,college,HB-18-8131,3,0,2022-01-31,151,yes,,
11755,18,local,college,HB-18-8188,3,0,2022-01-17,15,yes,,
11756,18,local,college,HB-18-9528,3,0,2022-01-31,151,yes,,
11757,18,private,franchise,HB-18-8862,3,0,2021-12-06,15,yes,,
11758,18,private,franchise,HB-18-8877,3,0,2021-12-06,15,yes,,
11759,18,private,franchise,HB-18-10194,3,0,2022-01-31,151,yes,,
11760,18,local,office,HB-18-4700,3,0,2022-01-31,151,yes,,
11761,18,local,office,HB-18-6066,3,0,2022-01-31,151,yes,,
11762,18,local,school,HB-18-9658,3,0,2021-12-13,13,,,
11763,18,local,school,HB-18-10292,3,0,2022-01-31,151,yes,,
11764,18,local,school,HB-18-10345,3,0,2022-01-31,151,,,
11765,18,national,national,HB-18-6768; SB-18-2488,2,0,2022-02-02,2,,yes,both
11766,18,national,national,HB-18-10610; SB-18-1155,4,0,2019-12-09,2,,,
11767,18,national,national,HB-18-7679; SB-18-2233,5,1,2022-01-31,151,,,
11768,18,national,national,HB-18-10698; SB-18-2124,5,1,2021-05-27,10,,,
11769,18,local,office,HB-18-7070,3,0,2022-01-31,151,yes,,
11770,18,local,office,HB-18-7770,3,0,2022-01-31,151,yes,,
11771,18,local,office,HB-18-8287,3,1,2022-01-31,151,yes,,
11772,18,local,office,HB-18-9607,3,0,2022-01-31,151,yes,,
11773,18,private,franchise,HB-18-8861,3,0,2021-12-06,15,yes,,
11774,18,private,franchise,HB-18-8975,3,0,2022-01-31,151,yes,,
11775,18,private,franchise,HB-18-10196,3,0,2022-01-31,151,yes,,
11776,18,local,office,HB-18-9933,2,0,2022-01-31,151,yes,,
11777,18,local,other_local,HB-18-9937,2,0,2022-01-31,151,yes,,
11778,18,local,office,HB-18-9941,2,0,2022-01-31,151,,,
11779,18,local,college,HB-18-4959,3,0,2022-01-17,15,yes,,
11780,18,local,college,HB-18-6975,3,0,2022-01-31,151,yes,,
11781,18,local,college,HB-18-7687,3,0,2022-01-17,15,yes,,
11782,18,local,college,HB-18-7693,3,0,2022-01-17,15,yes,,
11783,18,local,college,HB-18-8111,3,0,2022-01-17,15,yes,,
11784,18,local,college,HB-18-5738,3,0,2022-01-31,151,yes,,
11785,18,local,college,HB-18-5739,3,0,2022-01-31,151,yes,,
11786,18,local,college,HB-18-8985,3,0,2022-01-31,151,yes,,
11787,18,local,college,HB-18-9075,3,0,2022-01-31,151,yes,,
11788,18,local,college,HB-18-9180,3,0,2022-01-31,151,yes,,
11789,18,local,office,HB-18-2106,3,0,2022-01-31,151,yes,,
11790,18,local,office,HB-18-2590,3,0,2022-01-31,151,yes,,
11791,18,local,office,HB-18-5882,3,0,2022-01-31,151,yes,,
11792,18,local,office,HB-18-8236,3,0,2022-01-31,151,yes,,
11793,18,local,school,HB-18-10190,3,0,2022-01-31,151,yes,,
11794,18,local,school,HB-18-10290,3,0,2022-01-31,151,yes,,
11795,18,local,school,HB-18-10293,3,0,2022-01-31,151,yes,,
11796,18,local,school,HB-18-10326,3,0,2022-01-31,151,yes,,
11797,18,local,road,HB-18-8147,2,0,2022-01-31,151,yes,,
11798,18,local,road,HB-18-8224,2,0,2022-01-31,151,yes,,
11799,18,local,holiday,HB-18-5944,3,0,2021-05-17,3,,,
11800,18,local,college,HB-18-8040,3,0,2022-01-31,151,yes,,
11801,18,private,franchise,HB-18-10182,3,0,2022-01-31,151,yes,,
11802,18,local,college,HB-18-9347,3,0,2022-01-31,151,yes,,
11803,18,local,lgu,HB-18-9971,3,0,2022-01-31,151,,,
11804,18,local,district,HB-18-10021,3,0,2022-01-31,151,yes,,
11805,18,private,citizenship,HB-18-9308,2,0,2022-01-31,151,,,
11806,18,local,land,HB-18-9488,3,0,2022-01-31,151,,,
11807,18,local,office,HB-18-7435,3,0,2022-01-31,151,yes,,
11808,18,local,office,HB-18-9935,2,0,2022-01-31,151,yes,,
11809,18,local,office,HB-18-9936,2,0,2022-01-31,151,yes,,
11810,18,local,office,HB-18-9938,2,0,2022-01-31,151,yes,,
11811,18,local,office,HB-18-9940,2,0,2022-01-31,151,,,
11812,18,local,rename_place,HB-18-8899,2,1,2022-01-31,151,yes,,
11813,18,local,rename_place,HB-18-9451,2,0,2022-01-31,151,yes,,
11814,18,local,rename_place,HB-18-9452,2,1,2022-01-31,151,yes,,
11815,18,local,office,HB-18-2674,3,0,2022-01-31,151,yes,,
11816,18,local,office,HB-18-5017,3,0,2022-01-31,151,yes,,
11817,18,local,office,HB-18-5153,3,0,2022-01-31,151,yes,,
11818,18,local,office,HB-18-5680,3,0,2022-01-31,151,yes,,
11819,18,local,office,HB-18-5881,3,0,2022-01-31,151,yes,,
11820,18,local,office,HB-18-6169,3,0,2022-01-31,151,yes,,
11821,18,local,office,HB-18-6440,3,0,2022-01-31,151,yes,,
11822,18,local,office,HB-18-8130,3,0,2022-01-31,151,yes,,
11823,18,local,office,HB-18-8653,3,0,2022-01-31,151,yes,,
11824,18,local,school,HB-18-10291,3,0,2022-01-31,151,yes,,
11825,18,local,holiday,HB-18-8380,3,1,2022-01-31,151,yes,,
11826,18,private,citizenship,HB-18-10001,2,0,2022-01-31,151,,,
11827,18,local,road,HB-18-8148,2,0,2022-01-31,151,yes,,
11828,18,local,road,HB-18-8221,2,0,2022-01-31,151,yes,,
11829,18,private,franchise,HB-18-8971,3,0,2022-01-31,151,yes,,
11830,18,private,franchise,HB-18-9438,3,0,2022-01-31,151,yes,,
11831,18,private,franchise,HB-18-9439,3,0,2022-01-31,151,yes,,
11832,18,private,franchise,HB-18-10123,3,0,2022-01-31,151,yes,,
11833,18,private,franchise,HB-18-10124,3,0,2022-01-31,151,yes,,
11834,18,private,franchise,HB-18-10125,3,0,2022-01-31,151,yes,,
11835,18,private,franchise,HB-18-10169,3,0,2022-01-31,151,yes,,
11836,18,private,franchise,HB-18-10183,3,0,2022-01-31,151,yes,,
11837,18,private,franchise,HB-18-10193,3,0,2022-01-31,151,yes,,
11838,18,private,franchise,HB-18-10197,3,0,2022-01-31,151,yes,,
11839,18,private,franchise,HB-18-10211,3,0,2022-01-31,151,yes,,
11840,18,national,national,SB-18-2365,6,1,2022-01-31,151,,,
11841,18,private,franchise,HB-18-8974,2,0,2021-12-16,7,yes,,
11842,18,private,franchise,HB-18-9384,3,0,2022-01-31,151,yes,,
11843,18,private,franchise,HB-18-10212,3,0,2022-01-31,151,yes,,
11844,18,private,citizenship,HB-18-8269,2,0,2022-01-31,151,,,
11845,18,local,office,HB-18-8842,2,0,2022-01-31,151,,,
11846,18,local,school,HB-18-10328,3,0,2022-01-31,151,yes,,
11847,18,local,road,HB-18-9803,2,0,2022-01-31,151,yes,,
11848,18,local,lgu,HB-18-4983,3,0,2022-01-17,15,yes,,
11849,18,local,office,HB-18-94,3,0,2022-01-31,151,yes,,
11850,18,local,rename_place,HB-18-6535,2,0,2022-01-31,151,,,
11851,18,local,office,HB-18-1611,3,0,2022-01-31,151,yes,,
11852,18,local,office,HB-18-3286,3,0,2022-01-31,151,yes,,
11853,18,local,office,HB-18-4597,3,0,2022-01-31,151,yes,,
11854,18,local,office,HB-18-5488,3,0,2022-01-31,151,yes,,
11855,18,local,college,HB-18-7537,3,0,2022-01-17,15,yes,,
11856,18,local,college,HB-18-7841,3,0,2022-01-31,151,yes,,
11857,18,local,college,HB-18-9150,3,0,2022-01-31,151,yes,,
11858,18,local,college,HB-18-9179,3,0,2022-01-31,151,yes,,
11859,18,local,college,HB-18-10283,3,0,2022-01-31,151,yes,,
11860,18,local,college,HB-18-7879,3,0,2022-01-31,151,yes,,
11861,18,national,national,SB-18-1411,7,2,2021-12-13,13,,,
11862,18,national,national,HB-18-10658; SB-18-2449,4,0,2022-01-31,151,,,
11863,18,local,hospital,HB-18-7972,3,0,2022-05-31,25,yes,,
11864,18,local,hospital,HB-18-7973,3,0,2022-05-31,25,yes,,
11865,18,local,hospital,HB-18-8190,3,0,2022-05-31,25,yes,,
11866,18,local,hospital,HB-18-8191,3,0,2022-05-31,25,yes,,
11867,18,local,hospital,HB-18-8192,3,0,2022-05-31,25,yes,,
11868,18,local,hospital,HB-18-8193,3,0,2022-05-31,25,yes,,
11869,18,local,hospital,HB-18-8194,3,0,2022-05-31,25,yes,,
11870,18,local,hospital,HB-18-8197,3,0,2022-05-31,25,yes,,
11871,18,local,hospital,HB-18-8226,3,0,2022-05-31,25,yes,,
11872,18,local,hospital,HB-18-8254,3,0,2022-05-31,25,yes,,
11873,18,local,hospital,HB-18-8888,3,0,2022-05-31,25,yes,,
11874,18,local,hospital,HB-18-8890,3,0,2022-05-31,25,yes,,
11875,18,local,hospital,HB-18-9302,3,0,2022-05-31,25,yes,,
11876,18,local,hospital,HB-18-9537,3,0,2022-05-31,25,yes,,
11877,18,local,hospital,HB-18-9779,3,0,2022-05-31,25,yes,,
11878,18,local,hospital,HB-18-9917,3,0,2022-05-30,23,yes,,
11879,18,local,hospital,HB-18-10013,3,0,2022-05-30,23,yes,,
11880,18,local,hospital,HB-18-10014,3,0,2022-05-31,25,yes,,
11881,18,local,hospital,HB-18-10179,3,0,2022-05-31,25,yes,,
11882,18,local,hospital,HB-18-10180,3,0,2022-05-31,25,yes,,
11883,18,local,hospital,HB-18-10242,3,0,2022-05-31,25,yes,,
11884,18,local,hospital,HB-18-10247,3,0,2022-05-31,25,yes,,
11885,18,local,hospital,HB-18-10248,3,0,2022-05-31,25,yes,,
11886,18,local,hospital,HB-18-10254,3,0,2022-05-31,25,yes,,
11887,18,local,hospital,HB-18-10324,3,0,2022-05-30,23,yes,,
11888,18,local,hospital,HB-18-10376,3,0,2022-05-31,25,yes,,
11889,18,local,hospital,HB-18-10451,3,0,2022-05-30,23,yes,,
11890,18,local,hospital,HB-18-10463,3,0,2022-05-31,25,yes,,
11891,18,local,hospital,HB-18-10464,3,0,2022-05-30,23,yes,,
11892,18,local,hospital,HB-18-10297,3,0,2022-05-31,25,yes,,
11893,18,local,office,HB-18-8654,3,0,2022-01-31,151,yes,,
11894,18,private,franchise,HB-18-10195,3,0,2022-01-31,151,yes,,
11895,18,local,office,HB-18-9939,2,0,2022-01-31,151,,,
11896,18,local,lgu,HB-18-6866,3,0,2022-01-17,15,yes,,
11897,18,local,holiday,SB-18-2522,3,0,2022-05-30,23,,,
11898,18,national,national,SB-18-2425,6,1,2022-01-31,151,,,
11899,18,national,national,SB-18-2485,4,1,2022-01-31,151,,,
11900,18,national,national,HB-18-9007,1,0,,,,,
11901,18,national,national,SB-18-2492; SB-18-2494,5,0,2022-02-02,2,,yes,both
11902,18,local,lgu,HB-18-7775,3,0,2022-05-30,23,yes,,
11903,18,local,lgu,HB-18-10256,3,0,2022-05-30,23,yes,,
11904,18,national,national,HB-18-10107,1,0,,,,,
11905,18,local,lgu,HB-18-9814,3,0,2022-05-30,23,yes,,
11906,18,local,lgu,HB-18-9816,3,0,2022-05-30,23,yes,,
11907,18,private,franchise,HB-18-10648,3,0,2022-05-30,23,,,
11908,18,national,national,SB-18-2399,3,0,2022-05-23,9,,,
11909,18,national,national,SB-18-2450,3,0,2022-05-23,9,,,
11910,18,national,national,HB-18-9852,3,0,2022-05-26,3,,,
11911,18,local,land,HB-18-9934,4,0,2022-05-23,9,yes,,
11912,18,local,office,HB-18-9942,4,0,2022-05-23,9,,,
11913,18,national,commemoration,SB-18-2503,3,0,2022-05-26,3,,,
11914,18,national,national,SB-18-2484,3,0,2022-05-23,9,,,
11915,18,national,national,SB-18-2504,3,0,2022-05-30,23,,,
11916,18,national,national,SB-18-2506,3,0,2022-05-30,23,,,
11917,18,national,national,SB-18-2423,5,2,2022-05-23,9,,,
11918,18,national,national,HB-18-10306,3,1,2022-05-30,23,,,
11919,18,local,lgu,HB-18-4599,3,0,2022-05-23,9,,,
11920,18,local,lgu,HB-18-9817,3,0,2022-05-30,23,yes,,
11921,18,local,lgu,HB-18-9818,3,0,2022-05-30,23,yes,,
11922,18,local,lgu,HB-18-9819,3,0,2022-05-30,23,yes,,
11923,18,local,lgu,HB-18-9820,3,0,2022-05-30,23,yes,,
11924,18,local,lgu,HB-18-10060,3,0,2022-05-30,23,yes,,
11925,18,local,lgu,HB-18-10295,3,0,2022-05-30,23,yes,,
11926,18,national,national,SB-18-2501,3,0,2022-05-26,3,,,
11927,18,national,national,SB-18-1834,3,0,2022-05-30,23,,,
11928,18,national,national,SB-18-1055,7,2,2019-12-16,3,,,
11929,18,local,lgu,HB-18-10444,3,1,2022-05-23,9,,,
11930,18,national,national,HB-18-10703; SB-18-2209,5,0,2021-05-27,10,,,
11931,18,private,franchise,HB-18-8912,3,0,2022-05-30,23,,,
11932,18,local,office,HB-18-9215,4,0,2022-05-30,23,,,
11933,18,local,land,HB-18-9328,4,0,2022-05-23,9,yes,,
11934,19,national,national,HB-19-14; SB-19-1310,6,1,2022-09-27,2,,,
11935,19,national,national,HB-19-4673; SB-19-1306,5,2,2022-09-27,2,,,
11936,19,national,appropriation,HB-19-4488,9,6,2022-11-23,1,,yes,both
11937,19,private,citizenship,HB-19-6224,3,1,2022-12-12,1,,,
11938,19,local,lgu,HB-19-3968,5,2,2023-01-30,1,,,
11939,19,national,national,HB-19-6517; SB-19-1849,7,2,2023-03-06,3,,yes,both
11940,19,local,college,HB-19-4635,3,1,2023-03-20,17,,,
11941,19,local,school,HB-19-6660,3,0,2023-03-20,17,yes,,
11942,19,local,school,HB-19-6661,3,0,2023-03-20,17,yes,,
11943,19,local,school,HB-19-6668,3,0,2023-03-20,17,yes,,
11944,19,local,school,HB-19-6669,3,0,2023-03-20,17,yes,,
11945,19,local,school,HB-19-6697,3,0,2023-03-20,17,yes,,
11946,19,local,school,HB-19-6700,3,0,2023-03-20,17,yes,,
11947,19,local,school,HB-19-6663,3,0,2023-03-20,17,yes,,
11948,19,local,school,HB-19-6664,3,0,2023-03-20,17,yes,,
11949,19,local,school,HB-19-6665,3,0,2023-03-20,17,yes,,
11950,19,local,school,HB-19-6695,3,0,2023-03-20,17,yes,,
11951,19,local,school,HB-19-6696,3,0,2023-03-20,17,yes,,
11952,19,local,school,HB-19-6699,3,0,2023-03-20,17,yes,,
11953,19,private,private_other,HB-19-6336; SB-19-1850,6,2,2023-03-06,3,,,
11954,19,national,national,HB-19-6608; SB-19-2020,10,8,2023-05-31,1,,yes,both
11955,19,private,citizenship,HB-19-7185,3,1,2023-05-29,3,,,
11956,19,national,national,HB-19-7909,0,0,,,,yes,PLLO
11957,19,local,other_local,SB-19-1615,3,1,2023-05-08,1,,,
11958,19,national,national,HB-19-7939; SB-19-1480,6,1,2023-05-24,1,,,
11959,19,national,national,HB-19-7751; SB-19-2212,5,1,2023-05-29,3,,,
11960,19,national,national,HB-19-1171; SB-19-1594,5,1,2023-03-20,17,,,
11961,19,national,national,HB-19-5110; SB-19-1841,8,3,2023-03-20,17,,,
11962,19,national,national,HB-19-8400; SB-19-2035,5,2,2023-05-29,3,,,
11963,19,local,road,HB-19-7413,3,1,2023-08-14,1,,,
11964,19,national,national,HB-19-7006; SB-19-2165,6,2,2023-08-07,1,,,
11965,19,national,national,HB-19-227; SB-19-2019,7,2,2023-08-29,1,,,
11966,19,national,national,HB-19-6527; SB-19-2233,10,3,2023-09-25,15,,yes,both
11967,19,national,national,HB-19-4; SB-19-1846,10,5,2023-09-25,15,,yes,both
11968,19,local,college,HB-19-6552,3,0,2023-09-25,15,yes,,
11969,19,local,college,HB-19-6553,3,0,2023-09-25,15,yes,,
11970,19,local,college,HB-19-6704,3,0,2023-09-25,15,yes,,
11971,19,local,college,HB-19-7087,3,0,2023-09-25,15,yes,,
11972,19,local,college,HB-19-7088,3,0,2023-09-25,15,yes,,
11973,19,local,college,,,,,,,,
11974,19,local,college,HB-19-7412,3,0,2023-09-25,15,yes,,
11975,19,national,appropriation,HB-19-8980,11,9,2023-11-28,1,,yes,PLLO
11976,19,national,national,HB-19-4125; SB-19-2224,7,1,2023-09-25,15,,,
11977,19,local,college,HB-19-6128,3,0,2023-09-25,15,yes,,
11978,19,local,college,HB-19-7090,3,0,2023-09-25,15,yes,,
11979,19,local,college,HB-19-7091,3,0,2023-09-25,15,yes,,
11980,19,local,college,HB-19-7961,3,0,2023-09-25,15,,,
11981,19,national,national,HB-19-8525; SB-19-2426,7,1,2023-11-06,5,,,
11982,19,national,national,HB-19-7535; SB-19-2028,5,1,2023-09-25,15,,,
11983,19,national,national,HB-19-6510; SB-19-2001,7,1,2023-09-25,15,,,
11984,19,national,national,HB-19-6483; HB-19-7584; SB-19-1359,4,1,2023-03-20,17,,,
11985,19,national,national,HB-19-8278; SB-19-2243,8,3,2023-09-11,2,,,
11986,19,local,lgu,HB-19-4844,3,0,2023-12-11,5,,,
11987,19,local,road,HB-19-606,3,0,2023-11-06,5,yes,,
11988,19,local,road,HB-19-6688,3,0,2023-11-06,5,yes,,
11989,19,local,road,HB-19-6694,3,0,2023-11-06,5,yes,,
11990,19,local,road,HB-19-7126,3,0,2023-11-06,5,yes,,
11991,19,local,office,HB-19-7234,3,0,2023-11-22,4,yes,,
11992,19,local,office,HB-19-7508,3,0,2023-11-22,4,yes,,
11993,19,local,lgu,HB-19-5819,3,0,2023-12-11,5,,,
11994,19,local,office,HB-19-7577,3,0,2023-11-22,4,yes,,
11995,19,national,national,HB-19-8443; SB-19-2439,4,1,2023-11-22,4,,,
11996,19,national,national,HB-19-1270; SB-19-2505,4,1,2024-02-19,1,,,
11997,19,national,national,HB-19-9682; SB-19-1964,5,1,2023-05-22,2,,,
11998,19,local,office,HB-19-7645,3,0,2024-03-13,3,yes,,
12000,19,national,national,HB-19-7355; SB-19-2507,3,1,2024-03-12,1,,,
12001,19,national,national,HB-19-6558; SB-19-2386,13,6,2024-03-11,1,,,
12002,19,local,office,HB-19-1043,4,1,2024-03-13,3,yes,,
12003,19,local,office,HB-19-7539,3,0,2024-03-13,3,yes,,
12004,19,local,office,HB-19-7768,3,0,2024-03-19,2,yes,,
12005,19,local,office,HB-19-7769,3,0,2024-03-19,2,yes,,
12006,19,local,college,SB-19-2441,3,1,2023-12-11,5,,,
12007,19,local,school,HB-19-8701,3,1,2024-03-18,2,,,
12008,19,local,school,HB-19-8702,3,1,2024-03-18,2,,,
12009,19,national,national,HB-19-9648; SB-19-2593,9,5,2024-05-21,1,,yes,both
12010,19,national,national,HB-19-7393; SB-19-2560,9,3,2024-05-20,5,,,
12011,19,private,franchise,HB-19-9805,4,1,2024-05-20,5,,,
12012,19,local,school,HB-19-7315,3,1,2024-05-22,4,,,
12013,19,local,school,HB-19-8399,3,0,2024-05-22,4,,,
12014,19,local,office,HB-19-7553,3,0,2024-05-22,4,yes,,
12015,19,local,office,HB-19-8133,3,0,2024-05-22,4,yes,,
12016,19,local,college,HB-19-7564,4,1,2024-05-06,8,,,
12017,19,private,franchise,HB-19-6295,4,0,2024-05-20,5,,,
12018,19,local,court,HB-19-8257; SB-19-2594,4,1,2024-04-29,1,,,
12019,19,national,national,HB-19-10722; SB-19-2780,3,0,2024-08-19,7,,yes,both
12020,19,private,franchise,HB-19-9154,4,0,2024-05-20,5,,,
12021,19,national,national,HB-19-7325; SB-19-2221,11,5,2023-09-27,1,,yes,both
12022,19,national,national,HB-19-3917; HB-19-9284; SB-19-2432,10,1,2023-12-11,5,,yes,both
12023,19,national,national,HB-19-4122; SB-19-2528,4,1,2024-05-20,5,,,
12024,19,national,national,HB-19-9713; SB-19-2455,7,2,2023-12-11,5,,,
12025,19,local,court,HB-19-6579,3,0,2024-05-06,8,yes,,
12026,19,local,court,HB-19-8247,3,0,2024-05-13,16,yes,,
12027,19,national,national,SB-19-2457,5,3,2024-07-23,1,,,
12028,19,national,national,HB-19-8210; SB-19-1604,7,3,2023-03-06,3,,,
12029,19,local,court,HB-19-6580,4,0,2024-05-06,8,yes,,
12030,19,local,court,HB-19-6581,3,0,2024-05-06,8,yes,,
12031,19,local,court,HB-19-6582,3,0,2024-05-13,16,yes,,
12032,19,local,court,HB-19-6583,3,0,2024-05-13,16,yes,,
12033,19,local,court,HB-19-6584,3,0,2024-05-13,16,yes,,
12034,19,local,court,HB-19-6585,3,0,2024-05-06,8,yes,,
12035,19,local,court,HB-19-6586,3,0,2024-05-06,8,yes,,
12036,19,local,court,HB-19-6587,3,0,2024-05-06,8,yes,,
12037,19,local,holiday,HB-19-3971,3,1,2024-08-13,4,yes,,
12038,19,local,holiday,HB-19-3974,3,1,2024-08-13,4,yes,,
12039,19,local,holiday,HB-19-5826,3,1,2024-08-13,4,yes,,
12040,19,local,hospital,HB-19-8484,3,1,2024-08-12,7,yes,,
12041,19,local,hospital,HB-19-8494,3,1,2024-08-12,7,yes,,
12042,19,local,hospital,HB-19-8970,3,1,2024-08-12,7,yes,,
12043,19,local,hospital,HB-19-9556,3,1,2024-08-12,7,yes,,
12044,19,local,court,HB-19-6588,3,0,2024-05-06,8,yes,,
12045,19,local,court,HB-19-8248,4,0,2024-05-13,16,yes,,
12046,19,local,court,HB-19-8249,4,0,2024-05-13,16,yes,,
12047,19,local,court,HB-19-8250,4,0,2024-05-13,16,yes,,
12048,19,local,court,HB-19-8251,4,0,2024-05-13,16,yes,,
12049,19,local,court,HB-19-8252,4,0,2024-05-13,16,yes,,
12050,19,local,court,HB-19-8253,4,0,2024-05-13,16,yes,,
12051,19,local,court,HB-19-8255,4,0,2024-05-13,16,yes,,
12052,19,local,court,HB-19-8256,4,0,2024-05-13,16,yes,,
12053,19,local,court,HB-19-8258,3,0,2024-05-13,16,yes,,
12054,19,local,court,HB-19-8260,4,0,2024-05-13,16,yes,,
12055,19,local,holiday,HB-19-2725,3,1,2024-09-03,2,yes,,
12056,19,local,hospital,HB-19-9335,4,1,2024-08-19,7,yes,,
12057,19,local,school,HB-19-9128,3,1,2024-08-28,13,yes,,
12058,19,local,school,HB-19-9296,3,1,2024-08-28,13,yes,,
12059,19,local,school,HB-19-9593,3,1,2024-08-28,13,yes,,
12060,19,local,school,HB-19-9891,3,1,2024-08-28,13,yes,,
12061,19,local,office,HB-19-8292,3,1,2024-08-27,12,,,
12062,19,local,holiday,HB-19-925,3,1,2024-08-27,12,yes,,
12063,19,national,national,HB-19-6523; HB-19-7400; SB-19-2587,8,2,2024-08-12,7,,,
12064,19,national,national,HB-19-7819; SB-19-2492,11,4,2024-02-26,1,,,
12065,19,national,national,HB-19-9034; SB-19-2665,6,2,2024-08-13,4,,,
12066,19,national,national,HB-19-9794; SB-19-2762,10,5,2024-09-09,6,,yes,senate record
12067,19,local,holiday,HB-19-3977,3,0,2024-08-27,12,,,
12068,19,local,hospital,HB-19-8426,4,1,2024-08-19,7,yes,,
12069,19,local,hospital,HB-19-8491,3,1,2024-08-12,7,yes,,
12070,19,local,hospital,HB-19-8492,3,1,2024-08-19,7,yes,,
12071,19,local,hospital,HB-19-9623,3,1,2024-08-19,7,,,
12072,19,local,school,HB-19-9297,3,1,2024-08-28,13,yes,,
12073,19,local,holiday,HB-19-7986; SB-19-2690,5,1,2024-08-27,12,,,
12074,19,local,office,HB-19-6338,3,0,2024-09-16,9,yes,,
12075,19,local,office,HB-19-7499,3,0,2024-09-16,9,yes,,
12076,19,national,national,HB-19-7354; SB-19-2451,4,1,2024-09-23,8,,,
12077,19,national,national,HB-19-9978; SB-19-1864,3,1,2023-03-20,17,,,
12078,19,national,national,HB-19-10381; SB-19-2779,8,2,2024-09-09,6,,yes,senate record
12079,19,national,national,HB-19-7292; SB-19-2415,7,5,2024-09-23,8,,,
12080,19,national,national,HB-19-6574; SB-19-2200,8,2,2023-09-11,2,,,
12081,19,local,school,HB-19-9295,3,1,2024-08-28,13,yes,,
12082,19,local,school,HB-19-9298,3,1,2024-08-28,13,yes,,
12083,19,local,school,HB-19-9299,3,1,2024-08-28,13,yes,,
12084,19,local,school,HB-19-9500,3,1,2024-08-27,12,yes,,
12085,19,local,school,HB-19-9501,3,1,2024-08-27,12,yes,,
12086,19,local,school,HB-19-9592,3,1,2024-08-28,13,yes,,
12087,19,local,school,HB-19-9594,3,1,2024-08-28,13,yes,,
12088,19,local,school,HB-19-9890,3,1,2024-08-28,13,yes,,
12089,19,local,school,HB-19-10268,3,1,2024-08-28,13,yes,,
12090,19,local,school,HB-19-10269,3,1,2024-08-28,13,yes,,
12091,19,local,school,HB-19-10396,3,0,2024-09-23,8,yes,,
12092,19,local,school,HB-19-10397,3,0,2024-09-23,8,,,
12093,19,local,school,HB-19-10440,3,0,2024-09-23,8,yes,,
12094,19,local,school,HB-19-10441,3,0,2024-09-23,8,yes,,
12095,19,local,school,HB-19-10442,3,0,2024-09-23,8,yes,,
12096,19,local,school,HB-19-10443,3,0,2024-09-23,8,yes,,
12097,19,local,holiday,HB-19-694,3,1,2024-09-03,2,yes,,
12098,19,local,holiday,HB-19-3961,3,1,2024-08-27,12,yes,,
12099,19,local,holiday,HB-19-3963,3,1,2024-08-27,12,yes,,
12100,19,local,holiday,HB-19-3964,3,1,2024-08-27,12,yes,,
12101,19,local,holiday,HB-19-3966,3,1,2024-09-09,6,yes,,
12102,19,local,holiday,HB-19-3970,3,1,2024-09-09,6,yes,,
12103,19,local,holiday,HB-19-3978,3,1,2024-08-27,12,yes,,
12104,19,local,holiday,HB-19-5830,3,1,2024-09-09,6,yes,,
12105,19,local,holiday,HB-19-5843,3,1,2024-09-09,6,yes,,
12106,19,local,office,HB-19-3092,3,0,2024-09-16,9,yes,,
12107,19,local,office,HB-19-6337,3,0,2024-09-16,9,yes,,
12108,19,local,office,HB-19-7296,3,0,2024-09-16,9,yes,,
12109,19,local,office,HB-19-7300,3,0,2024-09-16,9,yes,,
12110,19,local,office,HB-19-7502,3,1,2024-08-27,12,,,
12111,19,local,office,HB-19-8122,3,1,2024-08-27,12,,,
12112,19,local,hospital,HB-19-8483,4,1,2024-08-19,7,yes,,
12113,19,local,hospital,HB-19-9624,4,1,2024-08-19,7,yes,,
12114,19,local,court,HB-19-8254,4,0,2024-05-13,16,yes,,
12115,19,private,citizenship,HB-19-10048,3,1,2024-12-03,1,,,
12116,19,national,appropriation,HB-19-10800,10,7,2024-11-26,1,,yes,senate record
12117,19,local,hospital,HB-19-9656,3,0,2024-11-04,1,yes,,
12118,19,local,school,HB-19-7316,3,0,2024-09-16,9,yes,,
12119,19,local,school,HB-19-8700,3,0,2024-09-16,9,yes,,
12120,19,national,national,HB-19-8456; SB-19-2793,12,7,2024-11-11,1,,,
12121,19,local,court,HB-19-8259,4,0,2024-05-13,16,yes,,
12122,19,national,national,HB-19-10841,4,1,2025-01-20,2,,,
12123,19,national,national,HB-19-11144; SB-19-2942,5,1,2025-02-03,30,,yes,senate record
12124,19,national,national,HB-19-9015; SB-19-2568,6,2,2024-09-16,9,,,
12125,19,local,office,HB-19-5911,3,0,2024-12-17,32,yes,,
12126,19,local,office,HB-19-8186,3,0,2024-12-17,32,yes,,
12127,19,local,office,HB-19-8281,3,0,2024-12-17,32,yes,,
12128,19,local,office,HB-19-8282,3,0,2024-12-18,29,yes,,
12129,19,local,office,HB-19-9048,3,0,2024-12-18,29,yes,,
12130,19,local,office,HB-19-9469,4,0,2024-12-18,29,yes,,
12131,19,local,office,HB-19-9626,3,0,2024-12-18,29,yes,,
12132,19,local,office,HB-19-9627,3,0,2024-12-18,29,yes,,
12133,19,local,office,HB-19-9649,3,0,2024-12-18,29,yes,,
12134,19,local,office,HB-19-10835,3,0,2024-12-17,32,yes,,
12135,19,local,office,HB-19-7514,3,0,2024-12-17,32,yes,,
12136,19,local,office,HB-19-8152,3,0,2024-12-17,32,yes,,
12137,19,local,office,HB-19-8279,3,0,2024-12-17,32,yes,,
12138,19,local,office,HB-19-8280,3,0,2024-12-17,32,yes,,
12139,19,local,office,HB-19-9049,3,0,2024-12-18,29,yes,,
12140,19,local,office,HB-19-9468,3,0,2024-12-17,32,yes,,
12141,19,local,office,HB-19-9758,3,0,2024-12-18,29,yes,,
12142,19,local,holiday,HB-19-5847,3,0,2024-12-17,32,yes,,
12143,19,local,holiday,HB-19-7008,3,0,2024-12-17,32,yes,,
12144,19,private,franchise,HB-19-11072,5,3,2025-02-03,30,,,
12145,19,national,national,HB-19-11199; SB-19-2878,6,2,2024-12-16,13,,,
12146,19,private,franchise,HB-19-10926,9,4,2025-02-03,30,,,
12147,19,local,college,HB-19-9988,3,0,2025-02-03,30,,,
12148,19,local,college,HB-19-9989,4,0,2025-02-03,30,,,
12149,19,private,citizenship,HB-19-9869,3,0,2025-02-03,30,yes,,
12150,19,private,citizenship,HB-19-10085,3,0,2025-02-03,30,yes,,
12151,19,local,office,HB-19-3401,4,0,2024-12-17,32,yes,,
12152,19,local,office,HB-19-6556,3,0,2024-12-17,32,yes,,
12153,19,local,office,HB-19-8283,3,0,2024-12-17,32,yes,,
12154,19,local,office,HB-19-9047,3,0,2024-12-18,29,yes,,
12155,19,local,office,HB-19-10779,3,0,2024-12-17,32,yes,,
12156,19,local,office,HB-19-10781,3,0,2024-12-18,29,yes,,
12157,19,local,office,HB-19-10838,3,0,2024-12-18,29,yes,,
12158,19,local,holiday,HB-19-5827,3,0,2024-12-17,32,yes,,
12159,19,local,school,HB-19-10726,3,0,2025-01-27,13,,,
12160,19,national,national,HB-19-8925,3,0,2025-02-03,30,,,
12161,19,local,office,HB-19-4275,3,0,2024-12-17,32,yes,,
12162,19,local,office,HB-19-5659,3,0,2024-12-17,32,yes,,
12163,19,local,office,HB-19-5731,3,0,2024-12-17,32,yes,,
12164,19,local,office,HB-19-9651,3,0,2024-12-17,32,yes,,
12165,19,local,office,HB-19-9654,3,0,2024-12-17,32,yes,,
12166,19,local,office,HB-19-9655,3,0,2024-12-18,29,yes,,
12167,19,local,office,HB-19-9664,3,0,2024-12-17,32,yes,,
12168,19,local,office,HB-19-10776,3,0,2024-12-18,29,yes,,
12169,19,local,office,HB-19-10778,3,0,2024-12-18,29,yes,,
12170,19,local,office,HB-19-10784,3,0,2024-12-18,29,yes,,
12171,19,local,office,HB-19-10785,3,0,2024-12-18,29,yes,,
12172,19,local,office,HB-19-10837,3,0,2024-12-18,29,yes,,
12173,19,local,office,HB-19-10839,3,0,2024-12-18,29,yes,,
12174,19,national,national,HB-19-9571; SB-19-2871,5,1,2024-12-09,1,,,
12175,19,local,hospital,HB-19-10306,3,0,2025-02-03,30,yes,,
12176,19,local,hospital,HB-19-10445,3,0,2025-02-03,30,yes,,
12177,19,national,national,HB-19-6509; SB-19-2814,4,1,2025-01-27,13,,,
12178,19,local,holiday,HB-19-4896; SB-19-2872,4,0,2024-12-16,13,,,
12179,19,national,national,SB-19-2837,7,2,2025-01-20,2,,,
12180,19,national,national,HB-19-10730; SB-19-2825,5,1,2025-01-14,3,,,
12181,19,national,national,HB-19-10466; SB-19-2863,5,1,2025-01-14,3,,,
12182,19,local,school,HB-19-10946,3,0,2025-01-27,13,yes,,
12183,19,local,office,HB-19-8284,3,0,2024-12-18,29,yes,,
12184,19,local,office,HB-19-9650,3,0,2024-12-18,29,yes,,
12185,19,local,office,HB-19-9652,3,0,2024-12-17,32,yes,,
12186,19,local,office,HB-19-9653,3,0,2024-12-18,29,yes,,
12187,19,local,office,HB-19-9757,3,0,2024-12-18,29,yes,,
12188,19,local,office,HB-19-10671,3,0,2024-12-18,29,yes,,
12189,19,local,office,HB-19-10773,3,0,2024-12-18,29,yes,,
12190,19,local,office,HB-19-10774,3,0,2024-12-18,29,yes,,
12191,19,local,office,HB-19-10775,3,0,2024-12-18,29,yes,,
12192,19,local,office,HB-19-10777,3,0,2024-12-18,29,yes,,
12193,19,local,office,HB-19-10780,3,0,2024-12-18,29,yes,,
12194,19,local,office,HB-19-10782,3,0,2024-12-18,29,yes,,
12195,19,local,school,HB-19-10729,3,0,2025-01-27,13,yes,,
12196,19,local,school,HB-19-10947,3,0,2025-01-27,13,yes,,
12197,19,local,school,HB-19-10949,3,0,2025-01-27,13,yes,,
12198,19,local,school,HB-19-10950,3,0,2025-01-27,13,yes,,
12199,19,national,national,HB-19-10142; SB-19-2575,7,1,2024-12-16,13,,,
12200,19,local,holiday,HB-19-5851,3,0,2024-12-17,32,yes,,
12201,19,private,citizenship,HB-19-8905,3,0,2025-02-03,30,yes,,
12202,19,private,citizenship,HB-19-10804,3,0,2025-02-03,30,yes,,
12203,19,local,hospital,HB-19-10081,3,0,2025-02-03,30,yes,,
12204,19,local,hospital,HB-19-10083,3,0,2025-02-03,30,yes,,
12205,19,local,hospital,HB-19-10146,3,0,2025-02-03,30,yes,,
12206,19,local,hospital,HB-19-10241,3,0,2025-02-03,30,yes,,
12207,19,local,hospital,HB-19-10258,3,0,2025-02-03,30,yes,,
12208,19,local,hospital,HB-19-10444,3,0,2025-02-03,30,yes,,
12209,19,national,national,HB-19-11113; SB-19-2555,7,3,2024-07-29,1,,,
12210,19,local,hospital,HB-19-10147; SB-19-2928,3,0,2025-02-03,30,,,
12211,19,local,hospital,HB-19-8214,3,0,2024-12-16,13,yes,,
12212,19,local,hospital,HB-19-10418,3,0,2025-02-03,30,yes,,
12213,19,local,hospital,HB-19-10472,3,0,2025-02-03,30,yes,,
12214,19,national,national,HB-19-9277; SB-19-2865,9,2,2025-01-27,13,,,
12215,19,national,national,HB-19-11186; SB-19-2906,4,0,2025-01-27,13,,,
12216,19,national,national,HB-19-10172; SB-19-2818,6,2,2025-02-03,30,,,
12217,19,local,holiday,HB-19-5832,3,0,2024-12-17,32,yes,,
12218,19,local,holiday,HB-19-5850,3,0,2024-12-17,32,yes,,
12219,19,local,holiday,HB-19-6158,3,0,2024-12-17,32,yes,,
12220,19,local,holiday,HB-19-7007,3,0,2024-12-17,32,yes,,
12221,19,local,school,HB-19-10911,3,0,2025-01-27,13,yes,,
12222,19,local,school,HB-19-10945,3,0,2025-01-27,13,yes,,
12223,19,local,school,HB-19-10948,3,0,2025-01-27,13,yes,,
12224,19,national,national,HB-19-5693; SB-19-1410,5,2,2023-05-22,2,,,
12225,19,local,land,HB-19-7322; SB-19-2252; SB-19-355,5,1,2024-12-16,13,yes,,
12226,19,local,land,HB-19-7529; SB-19-1725; SB-19-2252,5,1,2024-12-16,13,yes,,
12227,19,local,land,HB-19-8202; SB-19-2252; SB-19-2616,5,1,2024-12-16,13,yes,,
12228,19,local,holiday,HB-19-10902; SB-19-1616; SB-19-2252,8,2,2024-12-16,13,yes,,
12229,19,local,land,HB-19-7506; SB-19-1691; SB-19-2252,5,1,2024-12-16,13,yes,,
12230,19,local,land,HB-19-7479; SB-19-2252,5,1,2024-12-16,13,yes,,
12231,19,national,national,HB-19-7240; SB-19-2252; SB-19-890,11,2,2025-06-02,4,yes,,
12232,19,national,national,HB-19-11287; SB-19-2816,7,3,2025-01-14,3,,,
12233,19,national,national,HB-19-11358; SB-19-2982,6,0,2025-06-11,1,,,
12234,19,national,national,SB-19-2699,5,1,2025-02-05,1,,yes,senate record
12235,19,national,national,HB-19-10535,4,1,2025-06-09,25,,,
12236,19,local,office,HB-19-5598,2,0,2025-06-10,1,,,
12237,19,local,land,HB-19-8394; SB-19-2615,5,1,2024-12-16,13,yes,,
12238,19,local,land,HB-19-9396; SB-19-2617,5,1,2024-12-16,13,yes,,
12239,19,local,school,HB-19-9601,3,0,2025-06-09,25,yes,,
12240,19,local,hospital,HB-19-11162,3,0,2025-06-09,25,yes,,
12241,19,local,court,HB-19-9488,3,0,2025-02-03,30,yes,,
12242,19,local,court,HB-19-9489,4,0,2025-02-03,30,yes,,
12243,19,local,court,HB-19-9492,3,0,2025-02-03,30,yes,,
12244,19,local,court,HB-19-9494,3,0,2025-02-03,30,yes,,
12245,19,local,court,HB-19-9496,3,0,2025-02-03,30,yes,,
12246,19,local,holiday,HB-19-3969,3,0,2024-12-17,32,yes,,
12247,19,local,holiday,HB-19-5824,3,0,2025-06-03,14,yes,,
12248,19,local,holiday,HB-19-5829,3,0,2025-06-03,14,yes,,
12249,19,local,holiday,HB-19-5836,3,0,2024-12-17,32,yes,,
12250,19,local,holiday,HB-19-5844,3,0,2025-06-03,14,yes,,
12251,19,local,holiday,HB-19-5846,3,0,2024-12-17,32,yes,,
12252,19,national,national,HB-19-10755; SB-19-2898,4,0,2024-12-16,13,,,
12253,19,national,national,HB-19-8937; SB-19-2826,11,5,2025-02-03,30,,,
12254,19,national,national,HB-19-7327; SB-19-2781,5,1,2025-01-27,13,,,
12255,19,local,college,HB-19-10403; SB-19-2969,4,0,2025-06-09,25,yes,,
12256,19,local,school,HB-19-11038,3,0,2025-06-09,25,yes,,
12257,19,local,school,HB-19-11167,3,0,2025-06-09,25,yes,,
12258,19,local,school,HB-19-11185,3,0,2025-06-09,25,yes,,
12259,19,local,school,HB-19-11351,3,0,2025-06-09,25,yes,,
12260,19,local,hospital,HB-19-10885,3,0,2025-06-09,25,yes,,
12261,19,local,hospital,HB-19-11163,3,0,2025-06-09,25,yes,,
12262,19,national,national,HB-19-11299,3,0,2025-06-09,25,yes,,
12263,19,national,national,HB-19-11300,3,0,2025-06-09,25,yes,,
12264,19,national,national,HB-19-11301,3,0,2025-06-09,25,yes,,
12265,19,local,college,HB-19-11302,3,0,2025-06-09,25,yes,,
12266,19,local,court,HB-19-9470,3,0,2025-02-03,30,yes,,
12267,19,local,court,HB-19-9493,3,0,2025-02-03,30,yes,,
12268,19,local,holiday,,,,,,,,
12269,19,local,holiday,HB-19-5839,3,0,2025-06-03,14,yes,,
12270,19,local,holiday,HB-19-5840,3,0,2025-06-03,14,yes,,
12271,19,local,holiday,HB-19-5842,3,0,2025-06-03,14,yes,,
12272,19,local,holiday,HB-19-5848,3,0,2025-06-03,14,yes,,
12273,19,local,holiday,HB-19-5849,3,0,2025-06-03,14,yes,,
12274,19,local,holiday,HB-19-5852,3,0,2024-12-17,32,yes,,
12275,19,local,holiday,HB-19-6551,3,0,2025-06-03,14,yes,,
12276,19,private,franchise,HB-19-9155,3,0,2025-06-09,25,,,
12277,19,private,franchise,HB-19-10698,3,0,2025-06-09,25,,,
12278,19,private,franchise,HB-19-11042,3,1,2025-06-09,25,,,
12279,19,local,lgu,HB-19-5555,3,0,2025-06-09,25,,,
12280,19,local,lgu,HB-19-6013,3,0,2025-06-09,25,,,
12281,19,local,rename_place,HB-19-11189,3,0,2025-06-09,25,,,
12282,19,local,college,HB-19-9332,3,0,2025-06-03,14,yes,,
12283,19,local,college,HB-19-10181,3,0,2025-06-03,14,yes,,
12284,19,local,college,HB-19-10408,3,0,2025-06-03,14,yes,,
12285,19,local,college,HB-19-10619,3,0,2025-06-03,14,yes,,
12286,19,local,college,HB-19-10822,4,0,2025-06-03,14,yes,,
12287,19,national,national,HB-19-10422; SB-19-2999,4,1,2025-06-09,25,,,
12288,19,national,national,HB-19-10270; SB-19-3000,4,1,2025-06-09,25,,,
12289,19,national,national,,,,,,,,
12290,19,national,national,,,,,,,,
12291,19,local,court,,,,,,,,
12292,19,local,hospital,,,,,,,,
12293,19,local,hospital,,,,,,,,
12294,19,local,college,,,,,,,,
12295,19,local,college,,,,,,,,
12296,19,local,college,,,,,,,,
12297,19,local,school,,,,,,,,
12298,19,local,college,,,,,,,,
12299,19,local,college,,,,,,,,
12300,19,local,college,,,,,,,,
12301,19,local,holiday,,,,,,,,
12302,19,private,franchise,,,,,,,,
12303,19,private,franchise,,,,,,,,
12304,19,local,court,SB-19-2613,3,0,2025-06-09,25,,,
12305,19,national,national,HB-19-9293; SB-19-2899,5,1,2025-06-09,25,,,
12306,19,private,franchise,,,,,,,,
12307,19,local,court,,,,,,,,
12308,19,national,national,HB-19-11355; SB-19-2558,9,1,2024-08-12,7,,,
12309,19,national,national,SB-19-2965,4,1,2025-06-02,4,,,
12310,19,local,school,HB-19-9726; SB-19-2974,4,1,2025-06-02,4,,,
12311,19,private,franchise,,,,,,,,
12312,19,national,national,SB-19-2868,4,1,2025-06-09,25,,,
12313,19,national,national,SB-19-2960,4,1,2025-06-02,4,,,
12314,20,national,appropriation,,,,,,,,
12315,20,national,national,,,,,,,,
12316,20,national,national,,,,,,,,
12317,20,national,national,,,,,,,,
12318,20,private,citizenship,,,,,,,,
12319,20,private,citizenship,,,,,,,,
12320,20,national,national,,,,,,,,
12321,20,national,national,,,,,,,,
12322,20,national,national,,,,,,,,
12323,20,private,citizenship,,,,,,,,
12324,20,private,citizenship,,,,,,,,
12325,20,national,national,,,,,,,,
